{
  "type": "FeatureCollection",
  "name": "Edificios_Sanfins_do_Douro",
  "features": [
    {
      "type": "Feature",
      "id": "igreja-matriz",
      "geometry": {
        "type": "Polygon",
        "coordinates": [
          [
            [
              -7.521908433734939,
              41.29105585585586
            ],
            [
              -7.52169156626506,
              41.29105585585586
            ],
            [
              -7.52169156626506,
              41.29134414414415
            ],
            [
              -7.521908433734939,
              41.29134414414415
            ],
            [
              -7.521908433734939,
              41.29105585585586
            ]
          ]
        ]
      },
      "properties": {
        "id": "igreja-matriz",
        "name": "Igreja Matriz de São Miguel de Sanfins do Douro",
        "building_type": "Monumento Religioso",
        "wall_height": 12,
        "height": 12,
        "levels": 3,
        "material": "Granito Regional com Cantaria Lavrada e Torre Sineira",
        "is_landmark": true,
        "address": "Sanfins do Douro, Alijó"
      }
    },
    {
      "type": "Feature",
      "id": "santuario-piedade",
      "geometry": {
        "type": "Polygon",
        "coordinates": [
          [
            [
              -7.518632530120482,
              41.296328828828834
            ],
            [
              -7.518367469879519,
              41.296328828828834
            ],
            [
              -7.518367469879519,
              41.29667117117117
            ],
            [
              -7.518632530120482,
              41.29667117117117
            ],
            [
              -7.518632530120482,
              41.296328828828834
            ]
          ]
        ]
      },
      "properties": {
        "id": "santuario-piedade",
        "name": "Santuário de Nossa Senhora da Piedade (Monte de Sanfins)",
        "building_type": "Santuário Histórico",
        "wall_height": 13.5,
        "height": 13.5,
        "levels": 4,
        "material": "Conjunto Monumental do Santuário com Escadaria e Capelas",
        "is_landmark": true,
        "address": "Sanfins do Douro, Alijó"
      }
    },
    {
      "type": "Feature",
      "id": "adega-cooperativa",
      "geometry": {
        "type": "Polygon",
        "coordinates": [
          [
            [
              -7.523168674698795,
              41.289992792792795
            ],
            [
              -7.522831325301205,
              41.289992792792795
            ],
            [
              -7.522831325301205,
              41.2904072072072
            ],
            [
              -7.523168674698795,
              41.2904072072072
            ],
            [
              -7.523168674698795,
              41.289992792792795
            ]
          ]
        ]
      },
      "properties": {
        "id": "adega-cooperativa",
        "name": "Adega Cooperativa e Caves de Sanfins do Douro",
        "building_type": "Quinta / Adega Vinícola",
        "wall_height": 8.5,
        "height": 8.5,
        "levels": 2,
        "material": "Instalações de Vinificação e Envelhecimento de Vinho do Porto",
        "is_landmark": true,
        "address": "Sanfins do Douro, Alijó"
      }
    },
    {
      "type": "Feature",
      "id": "junta-freguesia",
      "geometry": {
        "type": "Polygon",
        "coordinates": [
          [
            [
              -7.520896385542169,
              41.2918009009009
            ],
            [
              -7.520703614457831,
              41.2918009009009
            ],
            [
              -7.520703614457831,
              41.291999099099094
            ],
            [
              -7.520896385542169,
              41.291999099099094
            ],
            [
              -7.520896385542169,
              41.2918009009009
            ]
          ]
        ]
      },
      "properties": {
        "id": "junta-freguesia",
        "name": "Edifício da Junta de Freguesia e Centro Comunitário",
        "building_type": "Serviços Públicos",
        "wall_height": 7.2,
        "height": 7.2,
        "levels": 2,
        "material": "Alvenaria Caiada e Guarnições de Granito",
        "is_landmark": true,
        "address": "Sanfins do Douro, Alijó"
      }
    },
    {
      "type": "Feature",
      "id": "solar-quinta-douro",
      "geometry": {
        "type": "Polygon",
        "coordinates": [
          [
            [
              -7.522308433734939,
              41.292682882882886
            ],
            [
              -7.52209156626506,
              41.292682882882886
            ],
            [
              -7.52209156626506,
              41.29291711711711
            ],
            [
              -7.522308433734939,
              41.29291711711711
            ],
            [
              -7.522308433734939,
              41.292682882882886
            ]
          ]
        ]
      },
      "properties": {
        "id": "solar-quinta-douro",
        "name": "Solar e Casa Senhorial Duriense (Séc. XVIII)",
        "building_type": "Solar Histórico",
        "wall_height": 9,
        "height": 9,
        "levels": 3,
        "material": "Solar Nobre com Brasão em Cantaria e Beiral à Portuguesa",
        "is_landmark": true,
        "address": "Sanfins do Douro, Alijó"
      }
    },
    {
      "type": "Feature",
      "id": "house-1",
      "geometry": {
        "type": "Polygon",
        "coordinates": [
          [
            [
              -7.524027822091887,
              41.285729249452245
            ],
            [
              -7.523879203260814,
              41.285729249452245
            ],
            [
              -7.523879203260814,
              41.2858401644033
            ],
            [
              -7.524027822091887,
              41.2858401644033
            ],
            [
              -7.524027822091887,
              41.285729249452245
            ]
          ]
        ]
      },
      "properties": {
        "id": "house-1",
        "name": "Casa Duriense Caiada com Beiral",
        "building_type": "Habitação Tradicional Duriense",
        "wall_height": 6.2,
        "height": 6.2,
        "levels": 2,
        "material": "Alvenaria e Xisto com Cantarias de Granito",
        "is_landmark": false,
        "address": "Sanfins do Douro"
      }
    },
    {
      "type": "Feature",
      "id": "house-2",
      "geometry": {
        "type": "Polygon",
        "coordinates": [
          [
            [
              -7.522059306333982,
              41.28576452656879
            ],
            [
              -7.521946509520643,
              41.28576452656879
            ],
            [
              -7.521946509520643,
              41.28586544367872
            ],
            [
              -7.522059306333982,
              41.28586544367872
            ],
            [
              -7.522059306333982,
              41.28576452656879
            ]
          ]
        ]
      },
      "properties": {
        "id": "house-2",
        "name": "Casa Duriense Caiada com Beiral",
        "building_type": "Habitação Tradicional Duriense",
        "wall_height": 6.3,
        "height": 6.3,
        "levels": 2,
        "material": "Alvenaria e Xisto com Cantarias de Granito",
        "is_landmark": false,
        "address": "Sanfins do Douro"
      }
    },
    {
      "type": "Feature",
      "id": "house-3",
      "geometry": {
        "type": "Polygon",
        "coordinates": [
          [
            [
              -7.521567889716865,
              41.2857802132789
            ],
            [
              -7.521429123084628,
              41.2857802132789
            ],
            [
              -7.521429123084628,
              41.285912584897446
            ],
            [
              -7.521567889716865,
              41.285912584897446
            ],
            [
              -7.521567889716865,
              41.2857802132789
            ]
          ]
        ]
      },
      "properties": {
        "id": "house-3",
        "name": "Casa Duriense Caiada com Beiral",
        "building_type": "Habitação Tradicional Duriense",
        "wall_height": 6.6,
        "height": 6.6,
        "levels": 2,
        "material": "Alvenaria e Xisto com Cantarias de Granito",
        "is_landmark": false,
        "address": "Sanfins do Douro"
      }
    },
    {
      "type": "Feature",
      "id": "house-4",
      "geometry": {
        "type": "Polygon",
        "coordinates": [
          [
            [
              -7.520136801576422,
              41.285721868451795
            ],
            [
              -7.5199652402670925,
              41.285721868451795
            ],
            [
              -7.5199652402670925,
              41.28579763245421
            ],
            [
              -7.520136801576422,
              41.28579763245421
            ],
            [
              -7.520136801576422,
              41.285721868451795
            ]
          ]
        ]
      },
      "properties": {
        "id": "house-4",
        "name": "Casa Duriense Caiada com Beiral",
        "building_type": "Habitação Tradicional Duriense",
        "wall_height": 6.4,
        "height": 6.4,
        "levels": 2,
        "material": "Alvenaria e Xisto com Cantarias de Granito",
        "is_landmark": false,
        "address": "Sanfins do Douro"
      }
    },
    {
      "type": "Feature",
      "id": "house-5",
      "geometry": {
        "type": "Polygon",
        "coordinates": [
          [
            [
              -7.519125932930947,
              41.28579587531524
            ],
            [
              -7.519007335381213,
              41.28579587531524
            ],
            [
              -7.519007335381213,
              41.28589878193571
            ],
            [
              -7.519125932930947,
              41.28589878193571
            ],
            [
              -7.519125932930947,
              41.28579587531524
            ]
          ]
        ]
      },
      "properties": {
        "id": "house-5",
        "name": "Casa Duriense Caiada com Beiral",
        "building_type": "Habitação Tradicional Duriense",
        "wall_height": 7,
        "height": 7,
        "levels": 2,
        "material": "Alvenaria e Xisto com Cantarias de Granito",
        "is_landmark": false,
        "address": "Sanfins do Douro"
      }
    },
    {
      "type": "Feature",
      "id": "house-6",
      "geometry": {
        "type": "Polygon",
        "coordinates": [
          [
            [
              -7.525107285028723,
              41.28609699215346
            ],
            [
              -7.524928410209867,
              41.28609699215346
            ],
            [
              -7.524928410209867,
              41.28619162860518
            ],
            [
              -7.525107285028723,
              41.28619162860518
            ],
            [
              -7.525107285028723,
              41.28609699215346
            ]
          ]
        ]
      },
      "properties": {
        "id": "house-6",
        "name": "Adega Tradicional do Douro",
        "building_type": "Adega / Lagar de Vinho",
        "wall_height": 6.9,
        "height": 6.9,
        "levels": 2,
        "material": "Alvenaria e Xisto com Cantarias de Granito",
        "is_landmark": false,
        "address": "Sanfins do Douro"
      }
    },
    {
      "type": "Feature",
      "id": "house-7",
      "geometry": {
        "type": "Polygon",
        "coordinates": [
          [
            [
              -7.5230809018009,
              41.28607622511602
            ],
            [
              -7.522920752043711,
              41.28607622511602
            ],
            [
              -7.522920752043711,
              41.28618609969617
            ],
            [
              -7.5230809018009,
              41.28618609969617
            ],
            [
              -7.5230809018009,
              41.28607622511602
            ]
          ]
        ]
      },
      "properties": {
        "id": "house-7",
        "name": "Adega Tradicional do Douro",
        "building_type": "Adega / Lagar de Vinho",
        "wall_height": 6.5,
        "height": 6.5,
        "levels": 2,
        "material": "Alvenaria e Xisto com Cantarias de Granito",
        "is_landmark": false,
        "address": "Sanfins do Douro"
      }
    },
    {
      "type": "Feature",
      "id": "house-8",
      "geometry": {
        "type": "Polygon",
        "coordinates": [
          [
            [
              -7.5259972752981685,
              41.28654949753935
            ],
            [
              -7.525895210223863,
              41.28654949753935
            ],
            [
              -7.525895210223863,
              41.286639715220524
            ],
            [
              -7.5259972752981685,
              41.286639715220524
            ],
            [
              -7.5259972752981685,
              41.28654949753935
            ]
          ]
        ]
      },
      "properties": {
        "id": "house-8",
        "name": "Casa Duriense Caiada com Beiral",
        "building_type": "Habitação Tradicional Duriense",
        "wall_height": 6.6,
        "height": 6.6,
        "levels": 2,
        "material": "Alvenaria e Xisto com Cantarias de Granito",
        "is_landmark": false,
        "address": "Sanfins do Douro"
      }
    },
    {
      "type": "Feature",
      "id": "house-9",
      "geometry": {
        "type": "Polygon",
        "coordinates": [
          [
            [
              -7.523530841989293,
              41.28647537004027
            ],
            [
              -7.523432636751029,
              41.28647537004027
            ],
            [
              -7.523432636751029,
              41.28659414678594
            ],
            [
              -7.523530841989293,
              41.28659414678594
            ],
            [
              -7.523530841989293,
              41.28647537004027
            ]
          ]
        ]
      },
      "properties": {
        "id": "house-9",
        "name": "Casa Duriense Caiada com Beiral",
        "building_type": "Habitação Tradicional Duriense",
        "wall_height": 6.7,
        "height": 6.7,
        "levels": 2,
        "material": "Alvenaria e Xisto com Cantarias de Granito",
        "is_landmark": false,
        "address": "Sanfins do Douro"
      }
    },
    {
      "type": "Feature",
      "id": "house-10",
      "geometry": {
        "type": "Polygon",
        "coordinates": [
          [
            [
              -7.52259633916318,
              41.28647401416328
            ],
            [
              -7.522491320814422,
              41.28647401416328
            ],
            [
              -7.522491320814422,
              41.286593175399226
            ],
            [
              -7.52259633916318,
              41.286593175399226
            ],
            [
              -7.52259633916318,
              41.28647401416328
            ]
          ]
        ]
      },
      "properties": {
        "id": "house-10",
        "name": "Casa Duriense Caiada com Beiral",
        "building_type": "Habitação Tradicional Duriense",
        "wall_height": 7,
        "height": 7,
        "levels": 2,
        "material": "Alvenaria e Xisto com Cantarias de Granito",
        "is_landmark": false,
        "address": "Sanfins do Douro"
      }
    },
    {
      "type": "Feature",
      "id": "house-11",
      "geometry": {
        "type": "Polygon",
        "coordinates": [
          [
            [
              -7.521591017088337,
              41.28655732081975
            ],
            [
              -7.521445505492068,
              41.28655732081975
            ],
            [
              -7.521445505492068,
              41.28668093765788
            ],
            [
              -7.521591017088337,
              41.28668093765788
            ],
            [
              -7.521591017088337,
              41.28655732081975
            ]
          ]
        ]
      },
      "properties": {
        "id": "house-11",
        "name": "Casa Duriense Caiada com Beiral",
        "building_type": "Habitação Tradicional Duriense",
        "wall_height": 3.5,
        "height": 3.5,
        "levels": 1,
        "material": "Alvenaria e Xisto com Cantarias de Granito",
        "is_landmark": false,
        "address": "Sanfins do Douro"
      }
    },
    {
      "type": "Feature",
      "id": "house-12",
      "geometry": {
        "type": "Polygon",
        "coordinates": [
          [
            [
              -7.52104870895215,
              41.286579651218254
            ],
            [
              -7.520878226757568,
              41.286579651218254
            ],
            [
              -7.520878226757568,
              41.28665469079001
            ],
            [
              -7.52104870895215,
              41.28665469079001
            ],
            [
              -7.52104870895215,
              41.286579651218254
            ]
          ]
        ]
      },
      "properties": {
        "id": "house-12",
        "name": "Casa Duriense Caiada com Beiral",
        "building_type": "Habitação Tradicional Duriense",
        "wall_height": 6.5,
        "height": 6.5,
        "levels": 2,
        "material": "Alvenaria e Xisto com Cantarias de Granito",
        "is_landmark": false,
        "address": "Sanfins do Douro"
      }
    },
    {
      "type": "Feature",
      "id": "house-13",
      "geometry": {
        "type": "Polygon",
        "coordinates": [
          [
            [
              -7.520110812971594,
              41.28649596240147
            ],
            [
              -7.519935906512546,
              41.28649596240147
            ],
            [
              -7.519935906512546,
              41.286570781911074
            ],
            [
              -7.520110812971594,
              41.286570781911074
            ],
            [
              -7.520110812971594,
              41.28649596240147
            ]
          ]
        ]
      },
      "properties": {
        "id": "house-13",
        "name": "Adega Tradicional do Douro",
        "building_type": "Adega / Lagar de Vinho",
        "wall_height": 6.5,
        "height": 6.5,
        "levels": 2,
        "material": "Alvenaria e Xisto com Cantarias de Granito",
        "is_landmark": false,
        "address": "Sanfins do Douro"
      }
    },
    {
      "type": "Feature",
      "id": "house-14",
      "geometry": {
        "type": "Polygon",
        "coordinates": [
          [
            [
              -7.519045000598834,
              41.286533696509515
            ],
            [
              -7.518865494744282,
              41.286533696509515
            ],
            [
              -7.518865494744282,
              41.2866277480447
            ],
            [
              -7.519045000598834,
              41.2866277480447
            ],
            [
              -7.519045000598834,
              41.286533696509515
            ]
          ]
        ]
      },
      "properties": {
        "id": "house-14",
        "name": "Casa Duriense Caiada com Beiral",
        "building_type": "Habitação Tradicional Duriense",
        "wall_height": 6.6,
        "height": 6.6,
        "levels": 2,
        "material": "Alvenaria e Xisto com Cantarias de Granito",
        "is_landmark": false,
        "address": "Sanfins do Douro"
      }
    },
    {
      "type": "Feature",
      "id": "house-15",
      "geometry": {
        "type": "Polygon",
        "coordinates": [
          [
            [
              -7.518624670981452,
              41.28648654557453
            ],
            [
              -7.518480322141289,
              41.28648654557453
            ],
            [
              -7.518480322141289,
              41.28662101113834
            ],
            [
              -7.518624670981452,
              41.28662101113834
            ],
            [
              -7.518624670981452,
              41.28648654557453
            ]
          ]
        ]
      },
      "properties": {
        "id": "house-15",
        "name": "Casa Duriense Caiada com Beiral",
        "building_type": "Habitação Tradicional Duriense",
        "wall_height": 6.6,
        "height": 6.6,
        "levels": 2,
        "material": "Alvenaria e Xisto com Cantarias de Granito",
        "is_landmark": false,
        "address": "Sanfins do Douro"
      }
    },
    {
      "type": "Feature",
      "id": "house-16",
      "geometry": {
        "type": "Polygon",
        "coordinates": [
          [
            [
              -7.518058676083376,
              41.2865507966383
            ],
            [
              -7.517901700631281,
              41.2865507966383
            ],
            [
              -7.517901700631281,
              41.28664750523152
            ],
            [
              -7.518058676083376,
              41.28664750523152
            ],
            [
              -7.518058676083376,
              41.2865507966383
            ]
          ]
        ]
      },
      "properties": {
        "id": "house-16",
        "name": "Casa Duriense Caiada com Beiral",
        "building_type": "Habitação Tradicional Duriense",
        "wall_height": 6.5,
        "height": 6.5,
        "levels": 2,
        "material": "Alvenaria e Xisto com Cantarias de Granito",
        "is_landmark": false,
        "address": "Sanfins do Douro"
      }
    },
    {
      "type": "Feature",
      "id": "house-17",
      "geometry": {
        "type": "Polygon",
        "coordinates": [
          [
            [
              -7.526605154191188,
              41.28689340505881
            ],
            [
              -7.526440024596781,
              41.28689340505881
            ],
            [
              -7.526440024596781,
              41.286958720077784
            ],
            [
              -7.526605154191188,
              41.286958720077784
            ],
            [
              -7.526605154191188,
              41.28689340505881
            ]
          ]
        ]
      },
      "properties": {
        "id": "house-17",
        "name": "Casa Duriense Caiada com Beiral",
        "building_type": "Habitação Tradicional Duriense",
        "wall_height": 6.5,
        "height": 6.5,
        "levels": 2,
        "material": "Alvenaria e Xisto com Cantarias de Granito",
        "is_landmark": false,
        "address": "Sanfins do Douro"
      }
    },
    {
      "type": "Feature",
      "id": "house-18",
      "geometry": {
        "type": "Polygon",
        "coordinates": [
          [
            [
              -7.526010597834108,
              41.286825425607
            ],
            [
              -7.5258887795413125,
              41.286825425607
            ],
            [
              -7.5258887795413125,
              41.286935723189735
            ],
            [
              -7.526010597834108,
              41.286935723189735
            ],
            [
              -7.526010597834108,
              41.286825425607
            ]
          ]
        ]
      },
      "properties": {
        "id": "house-18",
        "name": "Casa Duriense Caiada com Beiral",
        "building_type": "Habitação Tradicional Duriense",
        "wall_height": 6.5,
        "height": 6.5,
        "levels": 2,
        "material": "Alvenaria e Xisto com Cantarias de Granito",
        "is_landmark": false,
        "address": "Sanfins do Douro"
      }
    },
    {
      "type": "Feature",
      "id": "house-19",
      "geometry": {
        "type": "Polygon",
        "coordinates": [
          [
            [
              -7.522064795726844,
              41.2868365282723
            ],
            [
              -7.521899513450356,
              41.2868365282723
            ],
            [
              -7.521899513450356,
              41.286944857871845
            ],
            [
              -7.522064795726844,
              41.286944857871845
            ],
            [
              -7.522064795726844,
              41.2868365282723
            ]
          ]
        ]
      },
      "properties": {
        "id": "house-19",
        "name": "Casa Duriense Caiada com Beiral",
        "building_type": "Habitação Tradicional Duriense",
        "wall_height": 3.8,
        "height": 3.8,
        "levels": 1,
        "material": "Alvenaria e Xisto com Cantarias de Granito",
        "is_landmark": false,
        "address": "Sanfins do Douro"
      }
    },
    {
      "type": "Feature",
      "id": "house-20",
      "geometry": {
        "type": "Polygon",
        "coordinates": [
          [
            [
              -7.521053370182357,
              41.28683652813609
            ],
            [
              -7.520931999714203,
              41.28683652813609
            ],
            [
              -7.520931999714203,
              41.28692975911112
            ],
            [
              -7.521053370182357,
              41.28692975911112
            ],
            [
              -7.521053370182357,
              41.28683652813609
            ]
          ]
        ]
      },
      "properties": {
        "id": "house-20",
        "name": "Adega Tradicional do Douro",
        "building_type": "Adega / Lagar de Vinho",
        "wall_height": 6.3,
        "height": 6.3,
        "levels": 2,
        "material": "Alvenaria e Xisto com Cantarias de Granito",
        "is_landmark": false,
        "address": "Sanfins do Douro"
      }
    },
    {
      "type": "Feature",
      "id": "house-21",
      "geometry": {
        "type": "Polygon",
        "coordinates": [
          [
            [
              -7.520624559046521,
              41.286898357080794
            ],
            [
              -7.52048026399112,
              41.286898357080794
            ],
            [
              -7.52048026399112,
              41.28701348394008
            ],
            [
              -7.520624559046521,
              41.28701348394008
            ],
            [
              -7.520624559046521,
              41.286898357080794
            ]
          ]
        ]
      },
      "properties": {
        "id": "house-21",
        "name": "Casa Duriense Caiada com Beiral",
        "building_type": "Habitação Tradicional Duriense",
        "wall_height": 6.4,
        "height": 6.4,
        "levels": 2,
        "material": "Alvenaria e Xisto com Cantarias de Granito",
        "is_landmark": false,
        "address": "Sanfins do Douro"
      }
    },
    {
      "type": "Feature",
      "id": "house-22",
      "geometry": {
        "type": "Polygon",
        "coordinates": [
          [
            [
              -7.520073079593673,
              41.2869336468331
            ],
            [
              -7.519944422918981,
              41.2869336468331
            ],
            [
              -7.519944422918981,
              41.2869986172279
            ],
            [
              -7.520073079593673,
              41.2869986172279
            ],
            [
              -7.520073079593673,
              41.2869336468331
            ]
          ]
        ]
      },
      "properties": {
        "id": "house-22",
        "name": "Casa Duriense Caiada com Beiral",
        "building_type": "Habitação Tradicional Duriense",
        "wall_height": 6.6,
        "height": 6.6,
        "levels": 2,
        "material": "Alvenaria e Xisto com Cantarias de Granito",
        "is_landmark": false,
        "address": "Sanfins do Douro"
      }
    },
    {
      "type": "Feature",
      "id": "house-23",
      "geometry": {
        "type": "Polygon",
        "coordinates": [
          [
            [
              -7.518610673587821,
              41.286842762909465
            ],
            [
              -7.518434332876971,
              41.286842762909465
            ],
            [
              -7.518434332876971,
              41.28694670814506
            ],
            [
              -7.518610673587821,
              41.28694670814506
            ],
            [
              -7.518610673587821,
              41.286842762909465
            ]
          ]
        ]
      },
      "properties": {
        "id": "house-23",
        "name": "Casa Duriense Caiada com Beiral",
        "building_type": "Habitação Tradicional Duriense",
        "wall_height": 3.2,
        "height": 3.2,
        "levels": 1,
        "material": "Alvenaria e Xisto com Cantarias de Granito",
        "is_landmark": false,
        "address": "Sanfins do Douro"
      }
    },
    {
      "type": "Feature",
      "id": "house-24",
      "geometry": {
        "type": "Polygon",
        "coordinates": [
          [
            [
              -7.518009608322472,
              41.28683511917263
            ],
            [
              -7.517901374524189,
              41.28683511917263
            ],
            [
              -7.517901374524189,
              41.286941330005156
            ],
            [
              -7.518009608322472,
              41.286941330005156
            ],
            [
              -7.518009608322472,
              41.28683511917263
            ]
          ]
        ]
      },
      "properties": {
        "id": "house-24",
        "name": "Casa Duriense Caiada com Beiral",
        "building_type": "Habitação Tradicional Duriense",
        "wall_height": 3.7,
        "height": 3.7,
        "levels": 1,
        "material": "Alvenaria e Xisto com Cantarias de Granito",
        "is_landmark": false,
        "address": "Sanfins do Douro"
      }
    },
    {
      "type": "Feature",
      "id": "house-25",
      "geometry": {
        "type": "Polygon",
        "coordinates": [
          [
            [
              -7.517605445736949,
              41.28690947892857
            ],
            [
              -7.517480838317038,
              41.28690947892857
            ],
            [
              -7.517480838317038,
              41.286981855860866
            ],
            [
              -7.517605445736949,
              41.286981855860866
            ],
            [
              -7.517605445736949,
              41.28690947892857
            ]
          ]
        ]
      },
      "properties": {
        "id": "house-25",
        "name": "Casa Duriense Caiada com Beiral",
        "building_type": "Habitação Tradicional Duriense",
        "wall_height": 7,
        "height": 7,
        "levels": 2,
        "material": "Alvenaria e Xisto com Cantarias de Granito",
        "is_landmark": false,
        "address": "Sanfins do Douro"
      }
    },
    {
      "type": "Feature",
      "id": "house-26",
      "geometry": {
        "type": "Polygon",
        "coordinates": [
          [
            [
              -7.517012610186267,
              41.286867993807725
            ],
            [
              -7.516914703417854,
              41.286867993807725
            ],
            [
              -7.516914703417854,
              41.28698201669375
            ],
            [
              -7.517012610186267,
              41.28698201669375
            ],
            [
              -7.517012610186267,
              41.286867993807725
            ]
          ]
        ]
      },
      "properties": {
        "id": "house-26",
        "name": "Casa Duriense Caiada com Beiral",
        "building_type": "Habitação Tradicional Duriense",
        "wall_height": 3.2,
        "height": 3.2,
        "levels": 1,
        "material": "Alvenaria e Xisto com Cantarias de Granito",
        "is_landmark": false,
        "address": "Sanfins do Douro"
      }
    },
    {
      "type": "Feature",
      "id": "house-27",
      "geometry": {
        "type": "Polygon",
        "coordinates": [
          [
            [
              -7.5260807204909845,
              41.28725688192591
            ],
            [
              -7.525962577726387,
              41.28725688192591
            ],
            [
              -7.525962577726387,
              41.28736520109443
            ],
            [
              -7.5260807204909845,
              41.28736520109443
            ],
            [
              -7.5260807204909845,
              41.28725688192591
            ]
          ]
        ]
      },
      "properties": {
        "id": "house-27",
        "name": "Casa Duriense Caiada com Beiral",
        "building_type": "Habitação Tradicional Duriense",
        "wall_height": 3.5,
        "height": 3.5,
        "levels": 1,
        "material": "Alvenaria e Xisto com Cantarias de Granito",
        "is_landmark": false,
        "address": "Sanfins do Douro"
      }
    },
    {
      "type": "Feature",
      "id": "house-28",
      "geometry": {
        "type": "Polygon",
        "coordinates": [
          [
            [
              -7.524042837622769,
              41.287234284086026
            ],
            [
              -7.523916315055571,
              41.287234284086026
            ],
            [
              -7.523916315055571,
              41.28731307114039
            ],
            [
              -7.524042837622769,
              41.28731307114039
            ],
            [
              -7.524042837622769,
              41.287234284086026
            ]
          ]
        ]
      },
      "properties": {
        "id": "house-28",
        "name": "Casa Duriense Caiada com Beiral",
        "building_type": "Habitação Tradicional Duriense",
        "wall_height": 7,
        "height": 7,
        "levels": 2,
        "material": "Alvenaria e Xisto com Cantarias de Granito",
        "is_landmark": false,
        "address": "Sanfins do Douro"
      }
    },
    {
      "type": "Feature",
      "id": "house-29",
      "geometry": {
        "type": "Polygon",
        "coordinates": [
          [
            [
              -7.523107648606129,
              41.287303952253474
            ],
            [
              -7.522986395035761,
              41.287303952253474
            ],
            [
              -7.522986395035761,
              41.287429980088824
            ],
            [
              -7.523107648606129,
              41.287429980088824
            ],
            [
              -7.523107648606129,
              41.287303952253474
            ]
          ]
        ]
      },
      "properties": {
        "id": "house-29",
        "name": "Casa Duriense Caiada com Beiral",
        "building_type": "Habitação Tradicional Duriense",
        "wall_height": 6.4,
        "height": 6.4,
        "levels": 2,
        "material": "Alvenaria e Xisto com Cantarias de Granito",
        "is_landmark": false,
        "address": "Sanfins do Douro"
      }
    },
    {
      "type": "Feature",
      "id": "house-30",
      "geometry": {
        "type": "Polygon",
        "coordinates": [
          [
            [
              -7.522003328341275,
              41.28727227336075
            ],
            [
              -7.521888098032242,
              41.28727227336075
            ],
            [
              -7.521888098032242,
              41.28738403991357
            ],
            [
              -7.522003328341275,
              41.28738403991357
            ],
            [
              -7.522003328341275,
              41.28727227336075
            ]
          ]
        ]
      },
      "properties": {
        "id": "house-30",
        "name": "Casa Duriense Caiada com Beiral",
        "building_type": "Habitação Tradicional Duriense",
        "wall_height": 6.3,
        "height": 6.3,
        "levels": 2,
        "material": "Alvenaria e Xisto com Cantarias de Granito",
        "is_landmark": false,
        "address": "Sanfins do Douro"
      }
    },
    {
      "type": "Feature",
      "id": "house-31",
      "geometry": {
        "type": "Polygon",
        "coordinates": [
          [
            [
              -7.521057393801019,
              41.287222592140566
            ],
            [
              -7.5209416076150575,
              41.287222592140566
            ],
            [
              -7.5209416076150575,
              41.28734865392717
            ],
            [
              -7.521057393801019,
              41.28734865392717
            ],
            [
              -7.521057393801019,
              41.287222592140566
            ]
          ]
        ]
      },
      "properties": {
        "id": "house-31",
        "name": "Adega Tradicional do Douro",
        "building_type": "Adega / Lagar de Vinho",
        "wall_height": 6.5,
        "height": 6.5,
        "levels": 2,
        "material": "Alvenaria e Xisto com Cantarias de Granito",
        "is_landmark": false,
        "address": "Sanfins do Douro"
      }
    },
    {
      "type": "Feature",
      "id": "house-32",
      "geometry": {
        "type": "Polygon",
        "coordinates": [
          [
            [
              -7.520142545353022,
              41.28730341420573
            ],
            [
              -7.519968963462744,
              41.28730341420573
            ],
            [
              -7.519968963462744,
              41.287420845306734
            ],
            [
              -7.520142545353022,
              41.287420845306734
            ],
            [
              -7.520142545353022,
              41.28730341420573
            ]
          ]
        ]
      },
      "properties": {
        "id": "house-32",
        "name": "Casa Duriense Caiada com Beiral",
        "building_type": "Habitação Tradicional Duriense",
        "wall_height": 3.2,
        "height": 3.2,
        "levels": 1,
        "material": "Alvenaria e Xisto com Cantarias de Granito",
        "is_landmark": false,
        "address": "Sanfins do Douro"
      }
    },
    {
      "type": "Feature",
      "id": "house-33",
      "geometry": {
        "type": "Polygon",
        "coordinates": [
          [
            [
              -7.5195444838689385,
              41.28725583618007
            ],
            [
              -7.519425993223966,
              41.28725583618007
            ],
            [
              -7.519425993223966,
              41.287386458581715
            ],
            [
              -7.5195444838689385,
              41.287386458581715
            ],
            [
              -7.5195444838689385,
              41.28725583618007
            ]
          ]
        ]
      },
      "properties": {
        "id": "house-33",
        "name": "Casa Duriense Caiada com Beiral",
        "building_type": "Habitação Tradicional Duriense",
        "wall_height": 6.7,
        "height": 6.7,
        "levels": 2,
        "material": "Alvenaria e Xisto com Cantarias de Granito",
        "is_landmark": false,
        "address": "Sanfins do Douro"
      }
    },
    {
      "type": "Feature",
      "id": "house-34",
      "geometry": {
        "type": "Polygon",
        "coordinates": [
          [
            [
              -7.5186161653566215,
              41.28727567464197
            ],
            [
              -7.51847117707223,
              41.28727567464197
            ],
            [
              -7.51847117707223,
              41.28740486695376
            ],
            [
              -7.5186161653566215,
              41.28740486695376
            ],
            [
              -7.5186161653566215,
              41.28727567464197
            ]
          ]
        ]
      },
      "properties": {
        "id": "house-34",
        "name": "Casa Duriense Caiada com Beiral",
        "building_type": "Habitação Tradicional Duriense",
        "wall_height": 6.3,
        "height": 6.3,
        "levels": 2,
        "material": "Alvenaria e Xisto com Cantarias de Granito",
        "is_landmark": false,
        "address": "Sanfins do Douro"
      }
    },
    {
      "type": "Feature",
      "id": "house-35",
      "geometry": {
        "type": "Polygon",
        "coordinates": [
          [
            [
              -7.518077336649717,
              41.28725843746335
            ],
            [
              -7.517971125129939,
              41.28725843746335
            ],
            [
              -7.517971125129939,
              41.28733862084863
            ],
            [
              -7.518077336649717,
              41.28733862084863
            ],
            [
              -7.518077336649717,
              41.28725843746335
            ]
          ]
        ]
      },
      "properties": {
        "id": "house-35",
        "name": "Casa Duriense Caiada com Beiral",
        "building_type": "Habitação Tradicional Duriense",
        "wall_height": 3.5,
        "height": 3.5,
        "levels": 1,
        "material": "Alvenaria e Xisto com Cantarias de Granito",
        "is_landmark": false,
        "address": "Sanfins do Douro"
      }
    },
    {
      "type": "Feature",
      "id": "house-36",
      "geometry": {
        "type": "Polygon",
        "coordinates": [
          [
            [
              -7.516624616876324,
              41.28731542972573
            ],
            [
              -7.516473385071459,
              41.28731542972573
            ],
            [
              -7.516473385071459,
              41.28740129172923
            ],
            [
              -7.516624616876324,
              41.28740129172923
            ],
            [
              -7.516624616876324,
              41.28731542972573
            ]
          ]
        ]
      },
      "properties": {
        "id": "house-36",
        "name": "Adega Tradicional do Douro",
        "building_type": "Adega / Lagar de Vinho",
        "wall_height": 6.2,
        "height": 6.2,
        "levels": 2,
        "material": "Alvenaria e Xisto com Cantarias de Granito",
        "is_landmark": false,
        "address": "Sanfins do Douro"
      }
    },
    {
      "type": "Feature",
      "id": "house-37",
      "geometry": {
        "type": "Polygon",
        "coordinates": [
          [
            [
              -7.527005732715258,
              41.287647885750324
            ],
            [
              -7.526859147054342,
              41.287647885750324
            ],
            [
              -7.526859147054342,
              41.287771152852876
            ],
            [
              -7.527005732715258,
              41.287771152852876
            ],
            [
              -7.527005732715258,
              41.287647885750324
            ]
          ]
        ]
      },
      "properties": {
        "id": "house-37",
        "name": "Casa Duriense Caiada com Beiral",
        "building_type": "Habitação Tradicional Duriense",
        "wall_height": 6.7,
        "height": 6.7,
        "levels": 2,
        "material": "Alvenaria e Xisto com Cantarias de Granito",
        "is_landmark": false,
        "address": "Sanfins do Douro"
      }
    },
    {
      "type": "Feature",
      "id": "house-38",
      "geometry": {
        "type": "Polygon",
        "coordinates": [
          [
            [
              -7.526574584847577,
              41.28766154674303
            ],
            [
              -7.526469407424052,
              41.28766154674303
            ],
            [
              -7.526469407424052,
              41.28774139184042
            ],
            [
              -7.526574584847577,
              41.28774139184042
            ],
            [
              -7.526574584847577,
              41.28766154674303
            ]
          ]
        ]
      },
      "properties": {
        "id": "house-38",
        "name": "Casa Duriense Caiada com Beiral",
        "building_type": "Habitação Tradicional Duriense",
        "wall_height": 6.5,
        "height": 6.5,
        "levels": 2,
        "material": "Alvenaria e Xisto com Cantarias de Granito",
        "is_landmark": false,
        "address": "Sanfins do Douro"
      }
    },
    {
      "type": "Feature",
      "id": "house-39",
      "geometry": {
        "type": "Polygon",
        "coordinates": [
          [
            [
              -7.525043187612264,
              41.28766098912327
            ],
            [
              -7.52486321217434,
              41.28766098912327
            ],
            [
              -7.52486321217434,
              41.28779576920664
            ],
            [
              -7.525043187612264,
              41.28779576920664
            ],
            [
              -7.525043187612264,
              41.28766098912327
            ]
          ]
        ]
      },
      "properties": {
        "id": "house-39",
        "name": "Casa Duriense Caiada com Beiral",
        "building_type": "Habitação Tradicional Duriense",
        "wall_height": 6.4,
        "height": 6.4,
        "levels": 2,
        "material": "Alvenaria e Xisto com Cantarias de Granito",
        "is_landmark": false,
        "address": "Sanfins do Douro"
      }
    },
    {
      "type": "Feature",
      "id": "house-40",
      "geometry": {
        "type": "Polygon",
        "coordinates": [
          [
            [
              -7.523515157107247,
              41.287647766171446
            ],
            [
              -7.523417425883239,
              41.287647766171446
            ],
            [
              -7.523417425883239,
              41.28778004672135
            ],
            [
              -7.523515157107247,
              41.28778004672135
            ],
            [
              -7.523515157107247,
              41.287647766171446
            ]
          ]
        ]
      },
      "properties": {
        "id": "house-40",
        "name": "Casa Duriense Caiada com Beiral",
        "building_type": "Habitação Tradicional Duriense",
        "wall_height": 6.8,
        "height": 6.8,
        "levels": 2,
        "material": "Alvenaria e Xisto com Cantarias de Granito",
        "is_landmark": false,
        "address": "Sanfins do Douro"
      }
    },
    {
      "type": "Feature",
      "id": "house-41",
      "geometry": {
        "type": "Polygon",
        "coordinates": [
          [
            [
              -7.522093454513074,
              41.28762930420747
            ],
            [
              -7.5219670723345455,
              41.28762930420747
            ],
            [
              -7.5219670723345455,
              41.28769582867979
            ],
            [
              -7.522093454513074,
              41.28769582867979
            ],
            [
              -7.522093454513074,
              41.28762930420747
            ]
          ]
        ]
      },
      "properties": {
        "id": "house-41",
        "name": "Casa Duriense Caiada com Beiral",
        "building_type": "Habitação Tradicional Duriense",
        "wall_height": 6.7,
        "height": 6.7,
        "levels": 2,
        "material": "Alvenaria e Xisto com Cantarias de Granito",
        "is_landmark": false,
        "address": "Sanfins do Douro"
      }
    },
    {
      "type": "Feature",
      "id": "house-42",
      "geometry": {
        "type": "Polygon",
        "coordinates": [
          [
            [
              -7.521510821579161,
              41.2876860588705
            ],
            [
              -7.521373943827671,
              41.2876860588705
            ],
            [
              -7.521373943827671,
              41.287815540542404
            ],
            [
              -7.521510821579161,
              41.287815540542404
            ],
            [
              -7.521510821579161,
              41.2876860588705
            ]
          ]
        ]
      },
      "properties": {
        "id": "house-42",
        "name": "Casa Duriense Caiada com Beiral",
        "building_type": "Habitação Tradicional Duriense",
        "wall_height": 6.2,
        "height": 6.2,
        "levels": 2,
        "material": "Alvenaria e Xisto com Cantarias de Granito",
        "is_landmark": false,
        "address": "Sanfins do Douro"
      }
    },
    {
      "type": "Feature",
      "id": "house-43",
      "geometry": {
        "type": "Polygon",
        "coordinates": [
          [
            [
              -7.5201022547444865,
              41.287665887545266
            ],
            [
              -7.519979083881831,
              41.287665887545266
            ],
            [
              -7.519979083881831,
              41.28779131380954
            ],
            [
              -7.5201022547444865,
              41.28779131380954
            ],
            [
              -7.5201022547444865,
              41.287665887545266
            ]
          ]
        ]
      },
      "properties": {
        "id": "house-43",
        "name": "Casa Duriense Caiada com Beiral",
        "building_type": "Habitação Tradicional Duriense",
        "wall_height": 3.7,
        "height": 3.7,
        "levels": 1,
        "material": "Alvenaria e Xisto com Cantarias de Granito",
        "is_landmark": false,
        "address": "Sanfins do Douro"
      }
    },
    {
      "type": "Feature",
      "id": "house-44",
      "geometry": {
        "type": "Polygon",
        "coordinates": [
          [
            [
              -7.519073745000562,
              41.287644609987794
            ],
            [
              -7.518965696179239,
              41.287644609987794
            ],
            [
              -7.518965696179239,
              41.28771265289251
            ],
            [
              -7.519073745000562,
              41.28771265289251
            ],
            [
              -7.519073745000562,
              41.287644609987794
            ]
          ]
        ]
      },
      "properties": {
        "id": "house-44",
        "name": "Casa Duriense Caiada com Beiral",
        "building_type": "Habitação Tradicional Duriense",
        "wall_height": 6.5,
        "height": 6.5,
        "levels": 2,
        "material": "Alvenaria e Xisto com Cantarias de Granito",
        "is_landmark": false,
        "address": "Sanfins do Douro"
      }
    },
    {
      "type": "Feature",
      "id": "house-45",
      "geometry": {
        "type": "Polygon",
        "coordinates": [
          [
            [
              -7.518557644617353,
              41.28769592512036
            ],
            [
              -7.518421979729409,
              41.28769592512036
            ],
            [
              -7.518421979729409,
              41.28781955812015
            ],
            [
              -7.518557644617353,
              41.28781955812015
            ],
            [
              -7.518557644617353,
              41.28769592512036
            ]
          ]
        ]
      },
      "properties": {
        "id": "house-45",
        "name": "Casa Duriense Caiada com Beiral",
        "building_type": "Habitação Tradicional Duriense",
        "wall_height": 6.8,
        "height": 6.8,
        "levels": 2,
        "material": "Alvenaria e Xisto com Cantarias de Granito",
        "is_landmark": false,
        "address": "Sanfins do Douro"
      }
    },
    {
      "type": "Feature",
      "id": "house-46",
      "geometry": {
        "type": "Polygon",
        "coordinates": [
          [
            [
              -7.517558071584361,
              41.287680296546725
            ],
            [
              -7.51745434490339,
              41.287680296546725
            ],
            [
              -7.51745434490339,
              41.287762737474154
            ],
            [
              -7.517558071584361,
              41.287762737474154
            ],
            [
              -7.517558071584361,
              41.287680296546725
            ]
          ]
        ]
      },
      "properties": {
        "id": "house-46",
        "name": "Adega Tradicional do Douro",
        "building_type": "Adega / Lagar de Vinho",
        "wall_height": 3.7,
        "height": 3.7,
        "levels": 1,
        "material": "Alvenaria e Xisto com Cantarias de Granito",
        "is_landmark": false,
        "address": "Sanfins do Douro"
      }
    },
    {
      "type": "Feature",
      "id": "house-47",
      "geometry": {
        "type": "Polygon",
        "coordinates": [
          [
            [
              -7.516598807642102,
              41.28769580319802
            ],
            [
              -7.516466038138561,
              41.28769580319802
            ],
            [
              -7.516466038138561,
              41.28776825247874
            ],
            [
              -7.516598807642102,
              41.28776825247874
            ],
            [
              -7.516598807642102,
              41.28769580319802
            ]
          ]
        ]
      },
      "properties": {
        "id": "house-47",
        "name": "Casa Duriense Caiada com Beiral",
        "building_type": "Habitação Tradicional Duriense",
        "wall_height": 7,
        "height": 7,
        "levels": 2,
        "material": "Alvenaria e Xisto com Cantarias de Granito",
        "is_landmark": false,
        "address": "Sanfins do Douro"
      }
    },
    {
      "type": "Feature",
      "id": "house-48",
      "geometry": {
        "type": "Polygon",
        "coordinates": [
          [
            [
              -7.527993179954435,
              41.288060936205035
            ],
            [
              -7.527874506128108,
              41.288060936205035
            ],
            [
              -7.527874506128108,
              41.28816044756832
            ],
            [
              -7.527993179954435,
              41.28816044756832
            ],
            [
              -7.527993179954435,
              41.288060936205035
            ]
          ]
        ]
      },
      "properties": {
        "id": "house-48",
        "name": "Casa Duriense Caiada com Beiral",
        "building_type": "Habitação Tradicional Duriense",
        "wall_height": 6.9,
        "height": 6.9,
        "levels": 2,
        "material": "Alvenaria e Xisto com Cantarias de Granito",
        "is_landmark": false,
        "address": "Sanfins do Douro"
      }
    },
    {
      "type": "Feature",
      "id": "house-49",
      "geometry": {
        "type": "Polygon",
        "coordinates": [
          [
            [
              -7.527519215794848,
              41.288067437567484
            ],
            [
              -7.527379547601158,
              41.288067437567484
            ],
            [
              -7.527379547601158,
              41.28815385641571
            ],
            [
              -7.527519215794848,
              41.28815385641571
            ],
            [
              -7.527519215794848,
              41.288067437567484
            ]
          ]
        ]
      },
      "properties": {
        "id": "house-49",
        "name": "Casa Duriense Caiada com Beiral",
        "building_type": "Habitação Tradicional Duriense",
        "wall_height": 6.7,
        "height": 6.7,
        "levels": 2,
        "material": "Alvenaria e Xisto com Cantarias de Granito",
        "is_landmark": false,
        "address": "Sanfins do Douro"
      }
    },
    {
      "type": "Feature",
      "id": "house-50",
      "geometry": {
        "type": "Polygon",
        "coordinates": [
          [
            [
              -7.526999383089277,
              41.28809178553869
            ],
            [
              -7.526862642885187,
              41.28809178553869
            ],
            [
              -7.526862642885187,
              41.288158201802794
            ],
            [
              -7.526999383089277,
              41.288158201802794
            ],
            [
              -7.526999383089277,
              41.28809178553869
            ]
          ]
        ]
      },
      "properties": {
        "id": "house-50",
        "name": "Casa Duriense Caiada com Beiral",
        "building_type": "Habitação Tradicional Duriense",
        "wall_height": 6.2,
        "height": 6.2,
        "levels": 2,
        "material": "Alvenaria e Xisto com Cantarias de Granito",
        "is_landmark": false,
        "address": "Sanfins do Douro"
      }
    },
    {
      "type": "Feature",
      "id": "house-51",
      "geometry": {
        "type": "Polygon",
        "coordinates": [
          [
            [
              -7.525557804833133,
              41.28799742054182
            ],
            [
              -7.525419282802154,
              41.28799742054182
            ],
            [
              -7.525419282802154,
              41.28811103356177
            ],
            [
              -7.525557804833133,
              41.28811103356177
            ],
            [
              -7.525557804833133,
              41.28799742054182
            ]
          ]
        ]
      },
      "properties": {
        "id": "house-51",
        "name": "Casa Duriense Caiada com Beiral",
        "building_type": "Habitação Tradicional Duriense",
        "wall_height": 6.4,
        "height": 6.4,
        "levels": 2,
        "material": "Alvenaria e Xisto com Cantarias de Granito",
        "is_landmark": false,
        "address": "Sanfins do Douro"
      }
    },
    {
      "type": "Feature",
      "id": "house-52",
      "geometry": {
        "type": "Polygon",
        "coordinates": [
          [
            [
              -7.525102010497692,
              41.28797443835023
            ],
            [
              -7.524983113900227,
              41.28797443835023
            ],
            [
              -7.524983113900227,
              41.28808271706157
            ],
            [
              -7.525102010497692,
              41.28808271706157
            ],
            [
              -7.525102010497692,
              41.28797443835023
            ]
          ]
        ]
      },
      "properties": {
        "id": "house-52",
        "name": "Casa Duriense Caiada com Beiral",
        "building_type": "Habitação Tradicional Duriense",
        "wall_height": 6.7,
        "height": 6.7,
        "levels": 2,
        "material": "Alvenaria e Xisto com Cantarias de Granito",
        "is_landmark": false,
        "address": "Sanfins do Douro"
      }
    },
    {
      "type": "Feature",
      "id": "house-53",
      "geometry": {
        "type": "Polygon",
        "coordinates": [
          [
            [
              -7.524518949955011,
              41.287990143286
            ],
            [
              -7.524356256037281,
              41.287990143286
            ],
            [
              -7.524356256037281,
              41.288113763206916
            ],
            [
              -7.524518949955011,
              41.288113763206916
            ],
            [
              -7.524518949955011,
              41.287990143286
            ]
          ]
        ]
      },
      "properties": {
        "id": "house-53",
        "name": "Casa Duriense Caiada com Beiral",
        "building_type": "Habitação Tradicional Duriense",
        "wall_height": 6.8,
        "height": 6.8,
        "levels": 2,
        "material": "Alvenaria e Xisto com Cantarias de Granito",
        "is_landmark": false,
        "address": "Sanfins do Douro"
      }
    },
    {
      "type": "Feature",
      "id": "house-54",
      "geometry": {
        "type": "Polygon",
        "coordinates": [
          [
            [
              -7.523617880517148,
              41.28798936183603
            ],
            [
              -7.523481366976825,
              41.28798936183603
            ],
            [
              -7.523481366976825,
              41.28807974917387
            ],
            [
              -7.523617880517148,
              41.28807974917387
            ],
            [
              -7.523617880517148,
              41.28798936183603
            ]
          ]
        ]
      },
      "properties": {
        "id": "house-54",
        "name": "Casa Duriense Caiada com Beiral",
        "building_type": "Habitação Tradicional Duriense",
        "wall_height": 6.3,
        "height": 6.3,
        "levels": 2,
        "material": "Alvenaria e Xisto com Cantarias de Granito",
        "is_landmark": false,
        "address": "Sanfins do Douro"
      }
    },
    {
      "type": "Feature",
      "id": "house-55",
      "geometry": {
        "type": "Polygon",
        "coordinates": [
          [
            [
              -7.521015899936644,
              41.28801137240717
            ],
            [
              -7.520918364526781,
              41.28801137240717
            ],
            [
              -7.520918364526781,
              41.28808851494695
            ],
            [
              -7.521015899936644,
              41.28808851494695
            ],
            [
              -7.521015899936644,
              41.28801137240717
            ]
          ]
        ]
      },
      "properties": {
        "id": "house-55",
        "name": "Adega Tradicional do Douro",
        "building_type": "Adega / Lagar de Vinho",
        "wall_height": 6.6,
        "height": 6.6,
        "levels": 2,
        "material": "Alvenaria e Xisto com Cantarias de Granito",
        "is_landmark": false,
        "address": "Sanfins do Douro"
      }
    },
    {
      "type": "Feature",
      "id": "house-56",
      "geometry": {
        "type": "Polygon",
        "coordinates": [
          [
            [
              -7.5191263764704095,
              41.288103269275105
            ],
            [
              -7.518949910193082,
              41.288103269275105
            ],
            [
              -7.518949910193082,
              41.288170736842424
            ],
            [
              -7.5191263764704095,
              41.288170736842424
            ],
            [
              -7.5191263764704095,
              41.288103269275105
            ]
          ]
        ]
      },
      "properties": {
        "id": "house-56",
        "name": "Adega Tradicional do Douro",
        "building_type": "Adega / Lagar de Vinho",
        "wall_height": 3.2,
        "height": 3.2,
        "levels": 1,
        "material": "Alvenaria e Xisto com Cantarias de Granito",
        "is_landmark": false,
        "address": "Sanfins do Douro"
      }
    },
    {
      "type": "Feature",
      "id": "house-57",
      "geometry": {
        "type": "Polygon",
        "coordinates": [
          [
            [
              -7.518561925198768,
              41.287966474026085
            ],
            [
              -7.5184417492376925,
              41.287966474026085
            ],
            [
              -7.5184417492376925,
              41.28807865160517
            ],
            [
              -7.518561925198768,
              41.28807865160517
            ],
            [
              -7.518561925198768,
              41.287966474026085
            ]
          ]
        ]
      },
      "properties": {
        "id": "house-57",
        "name": "Casa Duriense Caiada com Beiral",
        "building_type": "Habitação Tradicional Duriense",
        "wall_height": 6.9,
        "height": 6.9,
        "levels": 2,
        "material": "Alvenaria e Xisto com Cantarias de Granito",
        "is_landmark": false,
        "address": "Sanfins do Douro"
      }
    },
    {
      "type": "Feature",
      "id": "house-58",
      "geometry": {
        "type": "Polygon",
        "coordinates": [
          [
            [
              -7.518037601731695,
              41.28799973895867
            ],
            [
              -7.517861841373147,
              41.28799973895867
            ],
            [
              -7.517861841373147,
              41.28807362905872
            ],
            [
              -7.518037601731695,
              41.28807362905872
            ],
            [
              -7.518037601731695,
              41.28799973895867
            ]
          ]
        ]
      },
      "properties": {
        "id": "house-58",
        "name": "Casa Duriense Caiada com Beiral",
        "building_type": "Habitação Tradicional Duriense",
        "wall_height": 6.8,
        "height": 6.8,
        "levels": 2,
        "material": "Alvenaria e Xisto com Cantarias de Granito",
        "is_landmark": false,
        "address": "Sanfins do Douro"
      }
    },
    {
      "type": "Feature",
      "id": "house-59",
      "geometry": {
        "type": "Polygon",
        "coordinates": [
          [
            [
              -7.51760030766284,
              41.28806264795313
            ],
            [
              -7.517472064490668,
              41.28806264795313
            ],
            [
              -7.517472064490668,
              41.288194832159256
            ],
            [
              -7.51760030766284,
              41.288194832159256
            ],
            [
              -7.51760030766284,
              41.28806264795313
            ]
          ]
        ]
      },
      "properties": {
        "id": "house-59",
        "name": "Casa Duriense Caiada com Beiral",
        "building_type": "Habitação Tradicional Duriense",
        "wall_height": 6.8,
        "height": 6.8,
        "levels": 2,
        "material": "Alvenaria e Xisto com Cantarias de Granito",
        "is_landmark": false,
        "address": "Sanfins do Douro"
      }
    },
    {
      "type": "Feature",
      "id": "house-60",
      "geometry": {
        "type": "Polygon",
        "coordinates": [
          [
            [
              -7.515088683100464,
              41.288077751876976
            ],
            [
              -7.5149551479906584,
              41.288077751876976
            ],
            [
              -7.5149551479906584,
              41.288143816403796
            ],
            [
              -7.515088683100464,
              41.288143816403796
            ],
            [
              -7.515088683100464,
              41.288077751876976
            ]
          ]
        ]
      },
      "properties": {
        "id": "house-60",
        "name": "Casa Duriense Caiada com Beiral",
        "building_type": "Habitação Tradicional Duriense",
        "wall_height": 6.5,
        "height": 6.5,
        "levels": 2,
        "material": "Alvenaria e Xisto com Cantarias de Granito",
        "is_landmark": false,
        "address": "Sanfins do Douro"
      }
    },
    {
      "type": "Feature",
      "id": "house-61",
      "geometry": {
        "type": "Polygon",
        "coordinates": [
          [
            [
              -7.527576613861332,
              41.28843787616104
            ],
            [
              -7.527434534137316,
              41.28843787616104
            ],
            [
              -7.527434534137316,
              41.2885300197748
            ],
            [
              -7.527576613861332,
              41.2885300197748
            ],
            [
              -7.527576613861332,
              41.28843787616104
            ]
          ]
        ]
      },
      "properties": {
        "id": "house-61",
        "name": "Casa Duriense Caiada com Beiral",
        "building_type": "Habitação Tradicional Duriense",
        "wall_height": 6.9,
        "height": 6.9,
        "levels": 2,
        "material": "Alvenaria e Xisto com Cantarias de Granito",
        "is_landmark": false,
        "address": "Sanfins do Douro"
      }
    },
    {
      "type": "Feature",
      "id": "house-62",
      "geometry": {
        "type": "Polygon",
        "coordinates": [
          [
            [
              -7.5260194689894,
              41.28843436637437
            ],
            [
              -7.525900090003599,
              41.28843436637437
            ],
            [
              -7.525900090003599,
              41.28850106758039
            ],
            [
              -7.5260194689894,
              41.28850106758039
            ],
            [
              -7.5260194689894,
              41.28843436637437
            ]
          ]
        ]
      },
      "properties": {
        "id": "house-62",
        "name": "Casa Duriense Caiada com Beiral",
        "building_type": "Habitação Tradicional Duriense",
        "wall_height": 6.3,
        "height": 6.3,
        "levels": 2,
        "material": "Alvenaria e Xisto com Cantarias de Granito",
        "is_landmark": false,
        "address": "Sanfins do Douro"
      }
    },
    {
      "type": "Feature",
      "id": "house-63",
      "geometry": {
        "type": "Polygon",
        "coordinates": [
          [
            [
              -7.525604428156136,
              41.28839167994964
            ],
            [
              -7.525483732305059,
              41.28839167994964
            ],
            [
              -7.525483732305059,
              41.28850320670344
            ],
            [
              -7.525604428156136,
              41.28850320670344
            ],
            [
              -7.525604428156136,
              41.28839167994964
            ]
          ]
        ]
      },
      "properties": {
        "id": "house-63",
        "name": "Adega Tradicional do Douro",
        "building_type": "Adega / Lagar de Vinho",
        "wall_height": 6.8,
        "height": 6.8,
        "levels": 2,
        "material": "Alvenaria e Xisto com Cantarias de Granito",
        "is_landmark": false,
        "address": "Sanfins do Douro"
      }
    },
    {
      "type": "Feature",
      "id": "house-64",
      "geometry": {
        "type": "Polygon",
        "coordinates": [
          [
            [
              -7.525136614766622,
              41.28845900054501
            ],
            [
              -7.524986681248401,
              41.28845900054501
            ],
            [
              -7.524986681248401,
              41.28857697382481
            ],
            [
              -7.525136614766622,
              41.28857697382481
            ],
            [
              -7.525136614766622,
              41.28845900054501
            ]
          ]
        ]
      },
      "properties": {
        "id": "house-64",
        "name": "Casa Duriense Caiada com Beiral",
        "building_type": "Habitação Tradicional Duriense",
        "wall_height": 6.5,
        "height": 6.5,
        "levels": 2,
        "material": "Alvenaria e Xisto com Cantarias de Granito",
        "is_landmark": false,
        "address": "Sanfins do Douro"
      }
    },
    {
      "type": "Feature",
      "id": "house-65",
      "geometry": {
        "type": "Polygon",
        "coordinates": [
          [
            [
              -7.524609073119198,
              41.28845472770862
            ],
            [
              -7.524502427037135,
              41.28845472770862
            ],
            [
              -7.524502427037135,
              41.2885454821781
            ],
            [
              -7.524609073119198,
              41.2885454821781
            ],
            [
              -7.524609073119198,
              41.28845472770862
            ]
          ]
        ]
      },
      "properties": {
        "id": "house-65",
        "name": "Casa Duriense Caiada com Beiral",
        "building_type": "Habitação Tradicional Duriense",
        "wall_height": 6.4,
        "height": 6.4,
        "levels": 2,
        "material": "Alvenaria e Xisto com Cantarias de Granito",
        "is_landmark": false,
        "address": "Sanfins do Douro"
      }
    },
    {
      "type": "Feature",
      "id": "house-66",
      "geometry": {
        "type": "Polygon",
        "coordinates": [
          [
            [
              -7.524003910162785,
              41.2884445548405
            ],
            [
              -7.5238677522148745,
              41.2884445548405
            ],
            [
              -7.5238677522148745,
              41.288542281258295
            ],
            [
              -7.524003910162785,
              41.288542281258295
            ],
            [
              -7.524003910162785,
              41.2884445548405
            ]
          ]
        ]
      },
      "properties": {
        "id": "house-66",
        "name": "Casa Duriense Caiada com Beiral",
        "building_type": "Habitação Tradicional Duriense",
        "wall_height": 6.2,
        "height": 6.2,
        "levels": 2,
        "material": "Alvenaria e Xisto com Cantarias de Granito",
        "is_landmark": false,
        "address": "Sanfins do Douro"
      }
    },
    {
      "type": "Feature",
      "id": "house-67",
      "geometry": {
        "type": "Polygon",
        "coordinates": [
          [
            [
              -7.523093298265495,
              41.28833927127305
            ],
            [
              -7.522993883231276,
              41.28833927127305
            ],
            [
              -7.522993883231276,
              41.28846883179374
            ],
            [
              -7.523093298265495,
              41.28846883179374
            ],
            [
              -7.523093298265495,
              41.28833927127305
            ]
          ]
        ]
      },
      "properties": {
        "id": "house-67",
        "name": "Casa Duriense Caiada com Beiral",
        "building_type": "Habitação Tradicional Duriense",
        "wall_height": 6.4,
        "height": 6.4,
        "levels": 2,
        "material": "Alvenaria e Xisto com Cantarias de Granito",
        "is_landmark": false,
        "address": "Sanfins do Douro"
      }
    },
    {
      "type": "Feature",
      "id": "house-68",
      "geometry": {
        "type": "Polygon",
        "coordinates": [
          [
            [
              -7.522038859281267,
              41.288435550660026
            ],
            [
              -7.521914331393978,
              41.288435550660026
            ],
            [
              -7.521914331393978,
              41.28855615015932
            ],
            [
              -7.522038859281267,
              41.28855615015932
            ],
            [
              -7.522038859281267,
              41.288435550660026
            ]
          ]
        ]
      },
      "properties": {
        "id": "house-68",
        "name": "Casa Duriense Caiada com Beiral",
        "building_type": "Habitação Tradicional Duriense",
        "wall_height": 3.5,
        "height": 3.5,
        "levels": 1,
        "material": "Alvenaria e Xisto com Cantarias de Granito",
        "is_landmark": false,
        "address": "Sanfins do Douro"
      }
    },
    {
      "type": "Feature",
      "id": "house-69",
      "geometry": {
        "type": "Polygon",
        "coordinates": [
          [
            [
              -7.5215558132286295,
              41.28834481484889
            ],
            [
              -7.521393284917768,
              41.28834481484889
            ],
            [
              -7.521393284917768,
              41.28846472956263
            ],
            [
              -7.5215558132286295,
              41.28846472956263
            ],
            [
              -7.5215558132286295,
              41.28834481484889
            ]
          ]
        ]
      },
      "properties": {
        "id": "house-69",
        "name": "Casa Duriense Caiada com Beiral",
        "building_type": "Habitação Tradicional Duriense",
        "wall_height": 6.2,
        "height": 6.2,
        "levels": 2,
        "material": "Alvenaria e Xisto com Cantarias de Granito",
        "is_landmark": false,
        "address": "Sanfins do Douro"
      }
    },
    {
      "type": "Feature",
      "id": "house-70",
      "geometry": {
        "type": "Polygon",
        "coordinates": [
          [
            [
              -7.5200320199293476,
              41.288385731096504
            ],
            [
              -7.519901393313813,
              41.288385731096504
            ],
            [
              -7.519901393313813,
              41.28851037294461
            ],
            [
              -7.5200320199293476,
              41.28851037294461
            ],
            [
              -7.5200320199293476,
              41.288385731096504
            ]
          ]
        ]
      },
      "properties": {
        "id": "house-70",
        "name": "Casa Duriense Caiada com Beiral",
        "building_type": "Habitação Tradicional Duriense",
        "wall_height": 6.8,
        "height": 6.8,
        "levels": 2,
        "material": "Alvenaria e Xisto com Cantarias de Granito",
        "is_landmark": false,
        "address": "Sanfins do Douro"
      }
    },
    {
      "type": "Feature",
      "id": "house-71",
      "geometry": {
        "type": "Polygon",
        "coordinates": [
          [
            [
              -7.51849780915131,
              41.2884447743555
            ],
            [
              -7.518370859095472,
              41.2884447743555
            ],
            [
              -7.518370859095472,
              41.28851259633677
            ],
            [
              -7.51849780915131,
              41.28851259633677
            ],
            [
              -7.51849780915131,
              41.2884447743555
            ]
          ]
        ]
      },
      "properties": {
        "id": "house-71",
        "name": "Adega Tradicional do Douro",
        "building_type": "Adega / Lagar de Vinho",
        "wall_height": 6.3,
        "height": 6.3,
        "levels": 2,
        "material": "Alvenaria e Xisto com Cantarias de Granito",
        "is_landmark": false,
        "address": "Sanfins do Douro"
      }
    },
    {
      "type": "Feature",
      "id": "house-72",
      "geometry": {
        "type": "Polygon",
        "coordinates": [
          [
            [
              -7.5175610622515725,
              41.288471576607776
            ],
            [
              -7.517431259762863,
              41.288471576607776
            ],
            [
              -7.517431259762863,
              41.28854315693603
            ],
            [
              -7.5175610622515725,
              41.28854315693603
            ],
            [
              -7.5175610622515725,
              41.288471576607776
            ]
          ]
        ]
      },
      "properties": {
        "id": "house-72",
        "name": "Casa Duriense Caiada com Beiral",
        "building_type": "Habitação Tradicional Duriense",
        "wall_height": 6.8,
        "height": 6.8,
        "levels": 2,
        "material": "Alvenaria e Xisto com Cantarias de Granito",
        "is_landmark": false,
        "address": "Sanfins do Douro"
      }
    },
    {
      "type": "Feature",
      "id": "house-73",
      "geometry": {
        "type": "Polygon",
        "coordinates": [
          [
            [
              -7.5165781908715275,
              41.28842288744417
            ],
            [
              -7.516421401336542,
              41.28842288744417
            ],
            [
              -7.516421401336542,
              41.28854418620817
            ],
            [
              -7.5165781908715275,
              41.28854418620817
            ],
            [
              -7.5165781908715275,
              41.28842288744417
            ]
          ]
        ]
      },
      "properties": {
        "id": "house-73",
        "name": "Casa Duriense Caiada com Beiral",
        "building_type": "Habitação Tradicional Duriense",
        "wall_height": 6.3,
        "height": 6.3,
        "levels": 2,
        "material": "Alvenaria e Xisto com Cantarias de Granito",
        "is_landmark": false,
        "address": "Sanfins do Douro"
      }
    },
    {
      "type": "Feature",
      "id": "house-74",
      "geometry": {
        "type": "Polygon",
        "coordinates": [
          [
            [
              -7.516089650325922,
              41.288414974380686
            ],
            [
              -7.515958035985969,
              41.288414974380686
            ],
            [
              -7.515958035985969,
              41.28852200900923
            ],
            [
              -7.516089650325922,
              41.28852200900923
            ],
            [
              -7.516089650325922,
              41.288414974380686
            ]
          ]
        ]
      },
      "properties": {
        "id": "house-74",
        "name": "Adega Tradicional do Douro",
        "building_type": "Adega / Lagar de Vinho",
        "wall_height": 6.4,
        "height": 6.4,
        "levels": 2,
        "material": "Alvenaria e Xisto com Cantarias de Granito",
        "is_landmark": false,
        "address": "Sanfins do Douro"
      }
    },
    {
      "type": "Feature",
      "id": "house-75",
      "geometry": {
        "type": "Polygon",
        "coordinates": [
          [
            [
              -7.515603887446372,
              41.28839717228044
            ],
            [
              -7.5154674575344975,
              41.28839717228044
            ],
            [
              -7.5154674575344975,
              41.28850579434942
            ],
            [
              -7.515603887446372,
              41.28850579434942
            ],
            [
              -7.515603887446372,
              41.28839717228044
            ]
          ]
        ]
      },
      "properties": {
        "id": "house-75",
        "name": "Casa Duriense Caiada com Beiral",
        "building_type": "Habitação Tradicional Duriense",
        "wall_height": 6.3,
        "height": 6.3,
        "levels": 2,
        "material": "Alvenaria e Xisto com Cantarias de Granito",
        "is_landmark": false,
        "address": "Sanfins do Douro"
      }
    },
    {
      "type": "Feature",
      "id": "house-76",
      "geometry": {
        "type": "Polygon",
        "coordinates": [
          [
            [
              -7.528646505351667,
              41.28884145771337
            ],
            [
              -7.528473518634265,
              41.28884145771337
            ],
            [
              -7.528473518634265,
              41.28895639887441
            ],
            [
              -7.528646505351667,
              41.28895639887441
            ],
            [
              -7.528646505351667,
              41.28884145771337
            ]
          ]
        ]
      },
      "properties": {
        "id": "house-76",
        "name": "Adega Tradicional do Douro",
        "building_type": "Adega / Lagar de Vinho",
        "wall_height": 6.2,
        "height": 6.2,
        "levels": 2,
        "material": "Alvenaria e Xisto com Cantarias de Granito",
        "is_landmark": false,
        "address": "Sanfins do Douro"
      }
    },
    {
      "type": "Feature",
      "id": "house-77",
      "geometry": {
        "type": "Polygon",
        "coordinates": [
          [
            [
              -7.528059078153462,
              41.28878008569956
            ],
            [
              -7.52789507955847,
              41.28878008569956
            ],
            [
              -7.52789507955847,
              41.28889606831258
            ],
            [
              -7.528059078153462,
              41.28889606831258
            ],
            [
              -7.528059078153462,
              41.28878008569956
            ]
          ]
        ]
      },
      "properties": {
        "id": "house-77",
        "name": "Casa Duriense Caiada com Beiral",
        "building_type": "Habitação Tradicional Duriense",
        "wall_height": 6.8,
        "height": 6.8,
        "levels": 2,
        "material": "Alvenaria e Xisto com Cantarias de Granito",
        "is_landmark": false,
        "address": "Sanfins do Douro"
      }
    },
    {
      "type": "Feature",
      "id": "house-78",
      "geometry": {
        "type": "Polygon",
        "coordinates": [
          [
            [
              -7.5265220891413955,
              41.288821568533535
            ],
            [
              -7.526374541664269,
              41.288821568533535
            ],
            [
              -7.526374541664269,
              41.2889077940182
            ],
            [
              -7.5265220891413955,
              41.2889077940182
            ],
            [
              -7.5265220891413955,
              41.288821568533535
            ]
          ]
        ]
      },
      "properties": {
        "id": "house-78",
        "name": "Casa Duriense Caiada com Beiral",
        "building_type": "Habitação Tradicional Duriense",
        "wall_height": 6.5,
        "height": 6.5,
        "levels": 2,
        "material": "Alvenaria e Xisto com Cantarias de Granito",
        "is_landmark": false,
        "address": "Sanfins do Douro"
      }
    },
    {
      "type": "Feature",
      "id": "house-79",
      "geometry": {
        "type": "Polygon",
        "coordinates": [
          [
            [
              -7.525060714475841,
              41.2888408470812
            ],
            [
              -7.524941060813615,
              41.2888408470812
            ],
            [
              -7.524941060813615,
              41.28895860623573
            ],
            [
              -7.525060714475841,
              41.28895860623573
            ],
            [
              -7.525060714475841,
              41.2888408470812
            ]
          ]
        ]
      },
      "properties": {
        "id": "house-79",
        "name": "Casa Duriense Caiada com Beiral",
        "building_type": "Habitação Tradicional Duriense",
        "wall_height": 6.6,
        "height": 6.6,
        "levels": 2,
        "material": "Alvenaria e Xisto com Cantarias de Granito",
        "is_landmark": false,
        "address": "Sanfins do Douro"
      }
    },
    {
      "type": "Feature",
      "id": "house-80",
      "geometry": {
        "type": "Polygon",
        "coordinates": [
          [
            [
              -7.52261575117104,
              41.288797710141075
            ],
            [
              -7.522489602213355,
              41.288797710141075
            ],
            [
              -7.522489602213355,
              41.288910058035334
            ],
            [
              -7.52261575117104,
              41.288910058035334
            ],
            [
              -7.52261575117104,
              41.288797710141075
            ]
          ]
        ]
      },
      "properties": {
        "id": "house-80",
        "name": "Casa Duriense Caiada com Beiral",
        "building_type": "Habitação Tradicional Duriense",
        "wall_height": 6.9,
        "height": 6.9,
        "levels": 2,
        "material": "Alvenaria e Xisto com Cantarias de Granito",
        "is_landmark": false,
        "address": "Sanfins do Douro"
      }
    },
    {
      "type": "Feature",
      "id": "house-81",
      "geometry": {
        "type": "Polygon",
        "coordinates": [
          [
            [
              -7.521076346337846,
              41.288847730510994
            ],
            [
              -7.520900767443596,
              41.288847730510994
            ],
            [
              -7.520900767443596,
              41.28891465925777
            ],
            [
              -7.521076346337846,
              41.28891465925777
            ],
            [
              -7.521076346337846,
              41.288847730510994
            ]
          ]
        ]
      },
      "properties": {
        "id": "house-81",
        "name": "Casa Duriense Caiada com Beiral",
        "building_type": "Habitação Tradicional Duriense",
        "wall_height": 6.3,
        "height": 6.3,
        "levels": 2,
        "material": "Alvenaria e Xisto com Cantarias de Granito",
        "is_landmark": false,
        "address": "Sanfins do Douro"
      }
    },
    {
      "type": "Feature",
      "id": "house-82",
      "geometry": {
        "type": "Polygon",
        "coordinates": [
          [
            [
              -7.52007465873456,
              41.28874889595005
            ],
            [
              -7.519938712358765,
              41.28874889595005
            ],
            [
              -7.519938712358765,
              41.28887321413153
            ],
            [
              -7.52007465873456,
              41.28887321413153
            ],
            [
              -7.52007465873456,
              41.28874889595005
            ]
          ]
        ]
      },
      "properties": {
        "id": "house-82",
        "name": "Adega Tradicional do Douro",
        "building_type": "Adega / Lagar de Vinho",
        "wall_height": 6.3,
        "height": 6.3,
        "levels": 2,
        "material": "Alvenaria e Xisto com Cantarias de Granito",
        "is_landmark": false,
        "address": "Sanfins do Douro"
      }
    },
    {
      "type": "Feature",
      "id": "house-83",
      "geometry": {
        "type": "Polygon",
        "coordinates": [
          [
            [
              -7.518144110082103,
              41.288832784691216
            ],
            [
              -7.517988838521944,
              41.288832784691216
            ],
            [
              -7.517988838521944,
              41.288954049195986
            ],
            [
              -7.518144110082103,
              41.288954049195986
            ],
            [
              -7.518144110082103,
              41.288832784691216
            ]
          ]
        ]
      },
      "properties": {
        "id": "house-83",
        "name": "Casa Duriense Caiada com Beiral",
        "building_type": "Habitação Tradicional Duriense",
        "wall_height": 6.6,
        "height": 6.6,
        "levels": 2,
        "material": "Alvenaria e Xisto com Cantarias de Granito",
        "is_landmark": false,
        "address": "Sanfins do Douro"
      }
    },
    {
      "type": "Feature",
      "id": "house-84",
      "geometry": {
        "type": "Polygon",
        "coordinates": [
          [
            [
              -7.517091559147728,
              41.28875127589091
            ],
            [
              -7.516944803699266,
              41.28875127589091
            ],
            [
              -7.516944803699266,
              41.28883260912456
            ],
            [
              -7.517091559147728,
              41.28883260912456
            ],
            [
              -7.517091559147728,
              41.28875127589091
            ]
          ]
        ]
      },
      "properties": {
        "id": "house-84",
        "name": "Casa Duriense Caiada com Beiral",
        "building_type": "Habitação Tradicional Duriense",
        "wall_height": 6.4,
        "height": 6.4,
        "levels": 2,
        "material": "Alvenaria e Xisto com Cantarias de Granito",
        "is_landmark": false,
        "address": "Sanfins do Douro"
      }
    },
    {
      "type": "Feature",
      "id": "house-85",
      "geometry": {
        "type": "Polygon",
        "coordinates": [
          [
            [
              -7.516554564839413,
              41.288777643838124
            ],
            [
              -7.516387668196539,
              41.288777643838124
            ],
            [
              -7.516387668196539,
              41.288866117873134
            ],
            [
              -7.516554564839413,
              41.288866117873134
            ],
            [
              -7.516554564839413,
              41.288777643838124
            ]
          ]
        ]
      },
      "properties": {
        "id": "house-85",
        "name": "Adega Tradicional do Douro",
        "building_type": "Adega / Lagar de Vinho",
        "wall_height": 6.3,
        "height": 6.3,
        "levels": 2,
        "material": "Alvenaria e Xisto com Cantarias de Granito",
        "is_landmark": false,
        "address": "Sanfins do Douro"
      }
    },
    {
      "type": "Feature",
      "id": "house-86",
      "geometry": {
        "type": "Polygon",
        "coordinates": [
          [
            [
              -7.515044386001869,
              41.288748261042514
            ],
            [
              -7.5148969812871504,
              41.288748261042514
            ],
            [
              -7.5148969812871504,
              41.288864322129214
            ],
            [
              -7.515044386001869,
              41.288864322129214
            ],
            [
              -7.515044386001869,
              41.288748261042514
            ]
          ]
        ]
      },
      "properties": {
        "id": "house-86",
        "name": "Casa Duriense Caiada com Beiral",
        "building_type": "Habitação Tradicional Duriense",
        "wall_height": 6.8,
        "height": 6.8,
        "levels": 2,
        "material": "Alvenaria e Xisto com Cantarias de Granito",
        "is_landmark": false,
        "address": "Sanfins do Douro"
      }
    },
    {
      "type": "Feature",
      "id": "house-87",
      "geometry": {
        "type": "Polygon",
        "coordinates": [
          [
            [
              -7.528050566004634,
              41.289217110463326
            ],
            [
              -7.527874554443777,
              41.289217110463326
            ],
            [
              -7.527874554443777,
              41.289327731903754
            ],
            [
              -7.528050566004634,
              41.289327731903754
            ],
            [
              -7.528050566004634,
              41.289217110463326
            ]
          ]
        ]
      },
      "properties": {
        "id": "house-87",
        "name": "Adega Tradicional do Douro",
        "building_type": "Adega / Lagar de Vinho",
        "wall_height": 6.3,
        "height": 6.3,
        "levels": 2,
        "material": "Alvenaria e Xisto com Cantarias de Granito",
        "is_landmark": false,
        "address": "Sanfins do Douro"
      }
    },
    {
      "type": "Feature",
      "id": "house-88",
      "geometry": {
        "type": "Polygon",
        "coordinates": [
          [
            [
              -7.527107043706318,
              41.289098291303596
            ],
            [
              -7.526960697226279,
              41.289098291303596
            ],
            [
              -7.526960697226279,
              41.2892307549404
            ],
            [
              -7.527107043706318,
              41.2892307549404
            ],
            [
              -7.527107043706318,
              41.289098291303596
            ]
          ]
        ]
      },
      "properties": {
        "id": "house-88",
        "name": "Casa Duriense Caiada com Beiral",
        "building_type": "Habitação Tradicional Duriense",
        "wall_height": 6.3,
        "height": 6.3,
        "levels": 2,
        "material": "Alvenaria e Xisto com Cantarias de Granito",
        "is_landmark": false,
        "address": "Sanfins do Douro"
      }
    },
    {
      "type": "Feature",
      "id": "house-89",
      "geometry": {
        "type": "Polygon",
        "coordinates": [
          [
            [
              -7.526002931634393,
              41.289185171498346
            ],
            [
              -7.525880676006786,
              41.289185171498346
            ],
            [
              -7.525880676006786,
              41.28930532121757
            ],
            [
              -7.526002931634393,
              41.28930532121757
            ],
            [
              -7.526002931634393,
              41.289185171498346
            ]
          ]
        ]
      },
      "properties": {
        "id": "house-89",
        "name": "Casa Duriense Caiada com Beiral",
        "building_type": "Habitação Tradicional Duriense",
        "wall_height": 6.4,
        "height": 6.4,
        "levels": 2,
        "material": "Alvenaria e Xisto com Cantarias de Granito",
        "is_landmark": false,
        "address": "Sanfins do Douro"
      }
    },
    {
      "type": "Feature",
      "id": "house-90",
      "geometry": {
        "type": "Polygon",
        "coordinates": [
          [
            [
              -7.524562942831893,
              41.28912689682215
            ],
            [
              -7.524449815303101,
              41.28912689682215
            ],
            [
              -7.524449815303101,
              41.28923471216809
            ],
            [
              -7.524562942831893,
              41.28923471216809
            ],
            [
              -7.524562942831893,
              41.28912689682215
            ]
          ]
        ]
      },
      "properties": {
        "id": "house-90",
        "name": "Casa Duriense Caiada com Beiral",
        "building_type": "Habitação Tradicional Duriense",
        "wall_height": 6.7,
        "height": 6.7,
        "levels": 2,
        "material": "Alvenaria e Xisto com Cantarias de Granito",
        "is_landmark": false,
        "address": "Sanfins do Douro"
      }
    },
    {
      "type": "Feature",
      "id": "house-91",
      "geometry": {
        "type": "Polygon",
        "coordinates": [
          [
            [
              -7.5226080854980815,
              41.28917485411329
            ],
            [
              -7.522477727831326,
              41.28917485411329
            ],
            [
              -7.522477727831326,
              41.289283753916756
            ],
            [
              -7.5226080854980815,
              41.289283753916756
            ],
            [
              -7.5226080854980815,
              41.28917485411329
            ]
          ]
        ]
      },
      "properties": {
        "id": "house-91",
        "name": "Casa Duriense Caiada com Beiral",
        "building_type": "Habitação Tradicional Duriense",
        "wall_height": 6.3,
        "height": 6.3,
        "levels": 2,
        "material": "Alvenaria e Xisto com Cantarias de Granito",
        "is_landmark": false,
        "address": "Sanfins do Douro"
      }
    },
    {
      "type": "Feature",
      "id": "house-92",
      "geometry": {
        "type": "Polygon",
        "coordinates": [
          [
            [
              -7.522042465557566,
              41.28922088240265
            ],
            [
              -7.521933128099559,
              41.28922088240265
            ],
            [
              -7.521933128099559,
              41.28930926393718
            ],
            [
              -7.522042465557566,
              41.28930926393718
            ],
            [
              -7.522042465557566,
              41.28922088240265
            ]
          ]
        ]
      },
      "properties": {
        "id": "house-92",
        "name": "Casa Duriense Caiada com Beiral",
        "building_type": "Habitação Tradicional Duriense",
        "wall_height": 6.8,
        "height": 6.8,
        "levels": 2,
        "material": "Alvenaria e Xisto com Cantarias de Granito",
        "is_landmark": false,
        "address": "Sanfins do Douro"
      }
    },
    {
      "type": "Feature",
      "id": "house-93",
      "geometry": {
        "type": "Polygon",
        "coordinates": [
          [
            [
              -7.519526166662023,
              41.28921004584224
            ],
            [
              -7.519379509943799,
              41.28921004584224
            ],
            [
              -7.519379509943799,
              41.28932366957292
            ],
            [
              -7.519526166662023,
              41.28932366957292
            ],
            [
              -7.519526166662023,
              41.28921004584224
            ]
          ]
        ]
      },
      "properties": {
        "id": "house-93",
        "name": "Casa Duriense Caiada com Beiral",
        "building_type": "Habitação Tradicional Duriense",
        "wall_height": 6.4,
        "height": 6.4,
        "levels": 2,
        "material": "Alvenaria e Xisto com Cantarias de Granito",
        "is_landmark": false,
        "address": "Sanfins do Douro"
      }
    },
    {
      "type": "Feature",
      "id": "house-94",
      "geometry": {
        "type": "Polygon",
        "coordinates": [
          [
            [
              -7.518489260572258,
              41.2891876110086
            ],
            [
              -7.518373984780233,
              41.2891876110086
            ],
            [
              -7.518373984780233,
              41.28925727436419
            ],
            [
              -7.518489260572258,
              41.28925727436419
            ],
            [
              -7.518489260572258,
              41.2891876110086
            ]
          ]
        ]
      },
      "properties": {
        "id": "house-94",
        "name": "Casa Duriense Caiada com Beiral",
        "building_type": "Habitação Tradicional Duriense",
        "wall_height": 6.5,
        "height": 6.5,
        "levels": 2,
        "material": "Alvenaria e Xisto com Cantarias de Granito",
        "is_landmark": false,
        "address": "Sanfins do Douro"
      }
    },
    {
      "type": "Feature",
      "id": "house-95",
      "geometry": {
        "type": "Polygon",
        "coordinates": [
          [
            [
              -7.517047788834141,
              41.28914270647362
            ],
            [
              -7.516912548118258,
              41.28914270647362
            ],
            [
              -7.516912548118258,
              41.289223624381314
            ],
            [
              -7.517047788834141,
              41.289223624381314
            ],
            [
              -7.517047788834141,
              41.28914270647362
            ]
          ]
        ]
      },
      "properties": {
        "id": "house-95",
        "name": "Casa Duriense Caiada com Beiral",
        "building_type": "Habitação Tradicional Duriense",
        "wall_height": 6.9,
        "height": 6.9,
        "levels": 2,
        "material": "Alvenaria e Xisto com Cantarias de Granito",
        "is_landmark": false,
        "address": "Sanfins do Douro"
      }
    },
    {
      "type": "Feature",
      "id": "house-96",
      "geometry": {
        "type": "Polygon",
        "coordinates": [
          [
            [
              -7.516628201232054,
              41.2891854997304
            ],
            [
              -7.516488590037456,
              41.2891854997304
            ],
            [
              -7.516488590037456,
              41.28928772611757
            ],
            [
              -7.516628201232054,
              41.28928772611757
            ],
            [
              -7.516628201232054,
              41.2891854997304
            ]
          ]
        ]
      },
      "properties": {
        "id": "house-96",
        "name": "Casa Duriense Caiada com Beiral",
        "building_type": "Habitação Tradicional Duriense",
        "wall_height": 7,
        "height": 7,
        "levels": 2,
        "material": "Alvenaria e Xisto com Cantarias de Granito",
        "is_landmark": false,
        "address": "Sanfins do Douro"
      }
    },
    {
      "type": "Feature",
      "id": "house-97",
      "geometry": {
        "type": "Polygon",
        "coordinates": [
          [
            [
              -7.515122227759356,
              41.28922642215221
            ],
            [
              -7.514994614106753,
              41.28922642215221
            ],
            [
              -7.514994614106753,
              41.28929524190596
            ],
            [
              -7.515122227759356,
              41.28929524190596
            ],
            [
              -7.515122227759356,
              41.28922642215221
            ]
          ]
        ]
      },
      "properties": {
        "id": "house-97",
        "name": "Casa Duriense Caiada com Beiral",
        "building_type": "Habitação Tradicional Duriense",
        "wall_height": 3.2,
        "height": 3.2,
        "levels": 1,
        "material": "Alvenaria e Xisto com Cantarias de Granito",
        "is_landmark": false,
        "address": "Sanfins do Douro"
      }
    },
    {
      "type": "Feature",
      "id": "house-98",
      "geometry": {
        "type": "Polygon",
        "coordinates": [
          [
            [
              -7.529103618495258,
              41.28956176760962
            ],
            [
              -7.52893567503258,
              41.28956176760962
            ],
            [
              -7.52893567503258,
              41.28965386463327
            ],
            [
              -7.529103618495258,
              41.28965386463327
            ],
            [
              -7.529103618495258,
              41.28956176760962
            ]
          ]
        ]
      },
      "properties": {
        "id": "house-98",
        "name": "Casa Duriense Caiada com Beiral",
        "building_type": "Habitação Tradicional Duriense",
        "wall_height": 6.6,
        "height": 6.6,
        "levels": 2,
        "material": "Alvenaria e Xisto com Cantarias de Granito",
        "is_landmark": false,
        "address": "Sanfins do Douro"
      }
    },
    {
      "type": "Feature",
      "id": "house-99",
      "geometry": {
        "type": "Polygon",
        "coordinates": [
          [
            [
              -7.528553778851779,
              41.289485785065175
            ],
            [
              -7.528441292511176,
              41.289485785065175
            ],
            [
              -7.528441292511176,
              41.28961922636564
            ],
            [
              -7.528553778851779,
              41.28961922636564
            ],
            [
              -7.528553778851779,
              41.289485785065175
            ]
          ]
        ]
      },
      "properties": {
        "id": "house-99",
        "name": "Casa Duriense Caiada com Beiral",
        "building_type": "Habitação Tradicional Duriense",
        "wall_height": 6.5,
        "height": 6.5,
        "levels": 2,
        "material": "Alvenaria e Xisto com Cantarias de Granito",
        "is_landmark": false,
        "address": "Sanfins do Douro"
      }
    },
    {
      "type": "Feature",
      "id": "house-100",
      "geometry": {
        "type": "Polygon",
        "coordinates": [
          [
            [
              -7.528007446276729,
              41.28955798111482
            ],
            [
              -7.527867346962366,
              41.28955798111482
            ],
            [
              -7.527867346962366,
              41.28963433784241
            ],
            [
              -7.528007446276729,
              41.28963433784241
            ],
            [
              -7.528007446276729,
              41.28955798111482
            ]
          ]
        ]
      },
      "properties": {
        "id": "house-100",
        "name": "Casa Duriense Caiada com Beiral",
        "building_type": "Habitação Tradicional Duriense",
        "wall_height": 6.6,
        "height": 6.6,
        "levels": 2,
        "material": "Alvenaria e Xisto com Cantarias de Granito",
        "is_landmark": false,
        "address": "Sanfins do Douro"
      }
    },
    {
      "type": "Feature",
      "id": "house-101",
      "geometry": {
        "type": "Polygon",
        "coordinates": [
          [
            [
              -7.527026546755761,
              41.289586226608435
            ],
            [
              -7.526901198247988,
              41.289586226608435
            ],
            [
              -7.526901198247988,
              41.289660732626956
            ],
            [
              -7.527026546755761,
              41.289660732626956
            ],
            [
              -7.527026546755761,
              41.289586226608435
            ]
          ]
        ]
      },
      "properties": {
        "id": "house-101",
        "name": "Casa Duriense Caiada com Beiral",
        "building_type": "Habitação Tradicional Duriense",
        "wall_height": 6.4,
        "height": 6.4,
        "levels": 2,
        "material": "Alvenaria e Xisto com Cantarias de Granito",
        "is_landmark": false,
        "address": "Sanfins do Douro"
      }
    },
    {
      "type": "Feature",
      "id": "house-102",
      "geometry": {
        "type": "Polygon",
        "coordinates": [
          [
            [
              -7.526597986484116,
              41.289522109099984
            ],
            [
              -7.526472420321138,
              41.289522109099984
            ],
            [
              -7.526472420321138,
              41.2896346234565
            ],
            [
              -7.526597986484116,
              41.2896346234565
            ],
            [
              -7.526597986484116,
              41.289522109099984
            ]
          ]
        ]
      },
      "properties": {
        "id": "house-102",
        "name": "Casa Duriense Caiada com Beiral",
        "building_type": "Habitação Tradicional Duriense",
        "wall_height": 7,
        "height": 7,
        "levels": 2,
        "material": "Alvenaria e Xisto com Cantarias de Granito",
        "is_landmark": false,
        "address": "Sanfins do Douro"
      }
    },
    {
      "type": "Feature",
      "id": "house-103",
      "geometry": {
        "type": "Polygon",
        "coordinates": [
          [
            [
              -7.523521261193568,
              41.28954306444099
            ],
            [
              -7.523382823702325,
              41.28954306444099
            ],
            [
              -7.523382823702325,
              41.28960922096266
            ],
            [
              -7.523521261193568,
              41.28960922096266
            ],
            [
              -7.523521261193568,
              41.28954306444099
            ]
          ]
        ]
      },
      "properties": {
        "id": "house-103",
        "name": "Casa Duriense Caiada com Beiral",
        "building_type": "Habitação Tradicional Duriense",
        "wall_height": 6.9,
        "height": 6.9,
        "levels": 2,
        "material": "Alvenaria e Xisto com Cantarias de Granito",
        "is_landmark": false,
        "address": "Sanfins do Douro"
      }
    },
    {
      "type": "Feature",
      "id": "house-104",
      "geometry": {
        "type": "Polygon",
        "coordinates": [
          [
            [
              -7.522538741037203,
              41.28953042705609
            ],
            [
              -7.5224218232842,
              41.28953042705609
            ],
            [
              -7.5224218232842,
              41.289636872531844
            ],
            [
              -7.522538741037203,
              41.289636872531844
            ],
            [
              -7.522538741037203,
              41.28953042705609
            ]
          ]
        ]
      },
      "properties": {
        "id": "house-104",
        "name": "Casa Duriense Caiada com Beiral",
        "building_type": "Habitação Tradicional Duriense",
        "wall_height": 6.6,
        "height": 6.6,
        "levels": 2,
        "material": "Alvenaria e Xisto com Cantarias de Granito",
        "is_landmark": false,
        "address": "Sanfins do Douro"
      }
    },
    {
      "type": "Feature",
      "id": "house-105",
      "geometry": {
        "type": "Polygon",
        "coordinates": [
          [
            [
              -7.52161755809746,
              41.28953406692259
            ],
            [
              -7.521508233658218,
              41.28953406692259
            ],
            [
              -7.521508233658218,
              41.28960938644473
            ],
            [
              -7.52161755809746,
              41.28960938644473
            ],
            [
              -7.52161755809746,
              41.28953406692259
            ]
          ]
        ]
      },
      "properties": {
        "id": "house-105",
        "name": "Casa Duriense Caiada com Beiral",
        "building_type": "Habitação Tradicional Duriense",
        "wall_height": 6.8,
        "height": 6.8,
        "levels": 2,
        "material": "Alvenaria e Xisto com Cantarias de Granito",
        "is_landmark": false,
        "address": "Sanfins do Douro"
      }
    },
    {
      "type": "Feature",
      "id": "house-106",
      "geometry": {
        "type": "Polygon",
        "coordinates": [
          [
            [
              -7.520533149521538,
              41.28949843030569
            ],
            [
              -7.520430794854859,
              41.28949843030569
            ],
            [
              -7.520430794854859,
              41.28962825852141
            ],
            [
              -7.520533149521538,
              41.28962825852141
            ],
            [
              -7.520533149521538,
              41.28949843030569
            ]
          ]
        ]
      },
      "properties": {
        "id": "house-106",
        "name": "Casa Duriense Caiada com Beiral",
        "building_type": "Habitação Tradicional Duriense",
        "wall_height": 6.2,
        "height": 6.2,
        "levels": 2,
        "material": "Alvenaria e Xisto com Cantarias de Granito",
        "is_landmark": false,
        "address": "Sanfins do Douro"
      }
    },
    {
      "type": "Feature",
      "id": "house-107",
      "geometry": {
        "type": "Polygon",
        "coordinates": [
          [
            [
              -7.519623513528913,
              41.289542073366384
            ],
            [
              -7.519514714893001,
              41.289542073366384
            ],
            [
              -7.519514714893001,
              41.289612011521164
            ],
            [
              -7.519623513528913,
              41.289612011521164
            ],
            [
              -7.519623513528913,
              41.289542073366384
            ]
          ]
        ]
      },
      "properties": {
        "id": "house-107",
        "name": "Casa Duriense Caiada com Beiral",
        "building_type": "Habitação Tradicional Duriense",
        "wall_height": 7,
        "height": 7,
        "levels": 2,
        "material": "Alvenaria e Xisto com Cantarias de Granito",
        "is_landmark": false,
        "address": "Sanfins do Douro"
      }
    },
    {
      "type": "Feature",
      "id": "house-108",
      "geometry": {
        "type": "Polygon",
        "coordinates": [
          [
            [
              -7.517556996766348,
              41.28954630687882
            ],
            [
              -7.517419174884082,
              41.28954630687882
            ],
            [
              -7.517419174884082,
              41.28966597969816
            ],
            [
              -7.517556996766348,
              41.28966597969816
            ],
            [
              -7.517556996766348,
              41.28954630687882
            ]
          ]
        ]
      },
      "properties": {
        "id": "house-108",
        "name": "Casa Duriense Caiada com Beiral",
        "building_type": "Habitação Tradicional Duriense",
        "wall_height": 6.3,
        "height": 6.3,
        "levels": 2,
        "material": "Alvenaria e Xisto com Cantarias de Granito",
        "is_landmark": false,
        "address": "Sanfins do Douro"
      }
    },
    {
      "type": "Feature",
      "id": "house-109",
      "geometry": {
        "type": "Polygon",
        "coordinates": [
          [
            [
              -7.517068989221565,
              41.28951698901968
            ],
            [
              -7.516937207510937,
              41.28951698901968
            ],
            [
              -7.516937207510937,
              41.28962148428736
            ],
            [
              -7.517068989221565,
              41.28962148428736
            ],
            [
              -7.517068989221565,
              41.28951698901968
            ]
          ]
        ]
      },
      "properties": {
        "id": "house-109",
        "name": "Adega Tradicional do Douro",
        "building_type": "Adega / Lagar de Vinho",
        "wall_height": 3.8,
        "height": 3.8,
        "levels": 1,
        "material": "Alvenaria e Xisto com Cantarias de Granito",
        "is_landmark": false,
        "address": "Sanfins do Douro"
      }
    },
    {
      "type": "Feature",
      "id": "house-110",
      "geometry": {
        "type": "Polygon",
        "coordinates": [
          [
            [
              -7.5160179615824765,
              41.289563284853415
            ],
            [
              -7.515912706108005,
              41.289563284853415
            ],
            [
              -7.515912706108005,
              41.28964296317082
            ],
            [
              -7.5160179615824765,
              41.28964296317082
            ],
            [
              -7.5160179615824765,
              41.289563284853415
            ]
          ]
        ]
      },
      "properties": {
        "id": "house-110",
        "name": "Casa Duriense Caiada com Beiral",
        "building_type": "Habitação Tradicional Duriense",
        "wall_height": 6.3,
        "height": 6.3,
        "levels": 2,
        "material": "Alvenaria e Xisto com Cantarias de Granito",
        "is_landmark": false,
        "address": "Sanfins do Douro"
      }
    },
    {
      "type": "Feature",
      "id": "house-111",
      "geometry": {
        "type": "Polygon",
        "coordinates": [
          [
            [
              -7.515046383331836,
              41.28952510279027
            ],
            [
              -7.514921705926606,
              41.28952510279027
            ],
            [
              -7.514921705926606,
              41.289606421882105
            ],
            [
              -7.515046383331836,
              41.289606421882105
            ],
            [
              -7.515046383331836,
              41.28952510279027
            ]
          ]
        ]
      },
      "properties": {
        "id": "house-111",
        "name": "Casa Duriense Caiada com Beiral",
        "building_type": "Habitação Tradicional Duriense",
        "wall_height": 6.9,
        "height": 6.9,
        "levels": 2,
        "material": "Alvenaria e Xisto com Cantarias de Granito",
        "is_landmark": false,
        "address": "Sanfins do Douro"
      }
    },
    {
      "type": "Feature",
      "id": "house-112",
      "geometry": {
        "type": "Polygon",
        "coordinates": [
          [
            [
              -7.514622515583667,
              41.28958370865475
            ],
            [
              -7.514460531888331,
              41.28958370865475
            ],
            [
              -7.514460531888331,
              41.289671760628316
            ],
            [
              -7.514622515583667,
              41.289671760628316
            ],
            [
              -7.514622515583667,
              41.28958370865475
            ]
          ]
        ]
      },
      "properties": {
        "id": "house-112",
        "name": "Casa Duriense Caiada com Beiral",
        "building_type": "Habitação Tradicional Duriense",
        "wall_height": 3.3,
        "height": 3.3,
        "levels": 1,
        "material": "Alvenaria e Xisto com Cantarias de Granito",
        "is_landmark": false,
        "address": "Sanfins do Douro"
      }
    },
    {
      "type": "Feature",
      "id": "house-113",
      "geometry": {
        "type": "Polygon",
        "coordinates": [
          [
            [
              -7.514058050642831,
              41.289531795939375
            ],
            [
              -7.513881216960481,
              41.289531795939375
            ],
            [
              -7.513881216960481,
              41.289632431259825
            ],
            [
              -7.514058050642831,
              41.289632431259825
            ],
            [
              -7.514058050642831,
              41.289531795939375
            ]
          ]
        ]
      },
      "properties": {
        "id": "house-113",
        "name": "Adega Tradicional do Douro",
        "building_type": "Adega / Lagar de Vinho",
        "wall_height": 6.2,
        "height": 6.2,
        "levels": 2,
        "material": "Alvenaria e Xisto com Cantarias de Granito",
        "is_landmark": false,
        "address": "Sanfins do Douro"
      }
    },
    {
      "type": "Feature",
      "id": "house-114",
      "geometry": {
        "type": "Polygon",
        "coordinates": [
          [
            [
              -7.529080429959451,
              41.28996429374772
            ],
            [
              -7.528908008318507,
              41.28996429374772
            ],
            [
              -7.528908008318507,
              41.29007286538283
            ],
            [
              -7.529080429959451,
              41.29007286538283
            ],
            [
              -7.529080429959451,
              41.28996429374772
            ]
          ]
        ]
      },
      "properties": {
        "id": "house-114",
        "name": "Casa Duriense Caiada com Beiral",
        "building_type": "Habitação Tradicional Duriense",
        "wall_height": 6.3,
        "height": 6.3,
        "levels": 2,
        "material": "Alvenaria e Xisto com Cantarias de Granito",
        "is_landmark": false,
        "address": "Sanfins do Douro"
      }
    },
    {
      "type": "Feature",
      "id": "house-115",
      "geometry": {
        "type": "Polygon",
        "coordinates": [
          [
            [
              -7.528552069051523,
              41.28990244443991
            ],
            [
              -7.528415619197775,
              41.28990244443991
            ],
            [
              -7.528415619197775,
              41.29000778321052
            ],
            [
              -7.528552069051523,
              41.29000778321052
            ],
            [
              -7.528552069051523,
              41.28990244443991
            ]
          ]
        ]
      },
      "properties": {
        "id": "house-115",
        "name": "Casa Duriense Caiada com Beiral",
        "building_type": "Habitação Tradicional Duriense",
        "wall_height": 6.3,
        "height": 6.3,
        "levels": 2,
        "material": "Alvenaria e Xisto com Cantarias de Granito",
        "is_landmark": false,
        "address": "Sanfins do Douro"
      }
    },
    {
      "type": "Feature",
      "id": "house-116",
      "geometry": {
        "type": "Polygon",
        "coordinates": [
          [
            [
              -7.528080822257466,
              41.28991792035646
            ],
            [
              -7.527924582695156,
              41.28991792035646
            ],
            [
              -7.527924582695156,
              41.2899906237345
            ],
            [
              -7.528080822257466,
              41.2899906237345
            ],
            [
              -7.528080822257466,
              41.28991792035646
            ]
          ]
        ]
      },
      "properties": {
        "id": "house-116",
        "name": "Casa Duriense Caiada com Beiral",
        "building_type": "Habitação Tradicional Duriense",
        "wall_height": 6.5,
        "height": 6.5,
        "levels": 2,
        "material": "Alvenaria e Xisto com Cantarias de Granito",
        "is_landmark": false,
        "address": "Sanfins do Douro"
      }
    },
    {
      "type": "Feature",
      "id": "house-117",
      "geometry": {
        "type": "Polygon",
        "coordinates": [
          [
            [
              -7.52756493712234,
              41.289964810487575
            ],
            [
              -7.527391145070191,
              41.289964810487575
            ],
            [
              -7.527391145070191,
              41.29007427282953
            ],
            [
              -7.52756493712234,
              41.29007427282953
            ],
            [
              -7.52756493712234,
              41.289964810487575
            ]
          ]
        ]
      },
      "properties": {
        "id": "house-117",
        "name": "Casa Duriense Caiada com Beiral",
        "building_type": "Habitação Tradicional Duriense",
        "wall_height": 3.5,
        "height": 3.5,
        "levels": 1,
        "material": "Alvenaria e Xisto com Cantarias de Granito",
        "is_landmark": false,
        "address": "Sanfins do Douro"
      }
    },
    {
      "type": "Feature",
      "id": "house-118",
      "geometry": {
        "type": "Polygon",
        "coordinates": [
          [
            [
              -7.527083080292958,
              41.28992596728502
            ],
            [
              -7.526940116044554,
              41.28992596728502
            ],
            [
              -7.526940116044554,
              41.29005402034881
            ],
            [
              -7.527083080292958,
              41.29005402034881
            ],
            [
              -7.527083080292958,
              41.28992596728502
            ]
          ]
        ]
      },
      "properties": {
        "id": "house-118",
        "name": "Casa Duriense Caiada com Beiral",
        "building_type": "Habitação Tradicional Duriense",
        "wall_height": 6.7,
        "height": 6.7,
        "levels": 2,
        "material": "Alvenaria e Xisto com Cantarias de Granito",
        "is_landmark": false,
        "address": "Sanfins do Douro"
      }
    },
    {
      "type": "Feature",
      "id": "house-119",
      "geometry": {
        "type": "Polygon",
        "coordinates": [
          [
            [
              -7.526619848034651,
              41.2899880673385
            ],
            [
              -7.526475770078655,
              41.2899880673385
            ],
            [
              -7.526475770078655,
              41.2900790911862
            ],
            [
              -7.526619848034651,
              41.2900790911862
            ],
            [
              -7.526619848034651,
              41.2899880673385
            ]
          ]
        ]
      },
      "properties": {
        "id": "house-119",
        "name": "Casa Duriense Caiada com Beiral",
        "building_type": "Habitação Tradicional Duriense",
        "wall_height": 6.6,
        "height": 6.6,
        "levels": 2,
        "material": "Alvenaria e Xisto com Cantarias de Granito",
        "is_landmark": false,
        "address": "Sanfins do Douro"
      }
    },
    {
      "type": "Feature",
      "id": "house-120",
      "geometry": {
        "type": "Polygon",
        "coordinates": [
          [
            [
              -7.525634231646356,
              41.28991621420763
            ],
            [
              -7.525477553544631,
              41.28991621420763
            ],
            [
              -7.525477553544631,
              41.290042947165325
            ],
            [
              -7.525634231646356,
              41.290042947165325
            ],
            [
              -7.525634231646356,
              41.28991621420763
            ]
          ]
        ]
      },
      "properties": {
        "id": "house-120",
        "name": "Casa Duriense Caiada com Beiral",
        "building_type": "Habitação Tradicional Duriense",
        "wall_height": 6.8,
        "height": 6.8,
        "levels": 2,
        "material": "Alvenaria e Xisto com Cantarias de Granito",
        "is_landmark": false,
        "address": "Sanfins do Douro"
      }
    },
    {
      "type": "Feature",
      "id": "house-121",
      "geometry": {
        "type": "Polygon",
        "coordinates": [
          [
            [
              -7.525070191497415,
              41.2899642288013
            ],
            [
              -7.524903076401404,
              41.2899642288013
            ],
            [
              -7.524903076401404,
              41.29009227352818
            ],
            [
              -7.525070191497415,
              41.29009227352818
            ],
            [
              -7.525070191497415,
              41.2899642288013
            ]
          ]
        ]
      },
      "properties": {
        "id": "house-121",
        "name": "Casa Duriense Caiada com Beiral",
        "building_type": "Habitação Tradicional Duriense",
        "wall_height": 6.5,
        "height": 6.5,
        "levels": 2,
        "material": "Alvenaria e Xisto com Cantarias de Granito",
        "is_landmark": false,
        "address": "Sanfins do Douro"
      }
    },
    {
      "type": "Feature",
      "id": "house-122",
      "geometry": {
        "type": "Polygon",
        "coordinates": [
          [
            [
              -7.524601637942901,
              41.28999264337917
            ],
            [
              -7.524478920488308,
              41.28999264337917
            ],
            [
              -7.524478920488308,
              41.290056017000445
            ],
            [
              -7.524601637942901,
              41.290056017000445
            ],
            [
              -7.524601637942901,
              41.28999264337917
            ]
          ]
        ]
      },
      "properties": {
        "id": "house-122",
        "name": "Casa Duriense Caiada com Beiral",
        "building_type": "Habitação Tradicional Duriense",
        "wall_height": 6.9,
        "height": 6.9,
        "levels": 2,
        "material": "Alvenaria e Xisto com Cantarias de Granito",
        "is_landmark": false,
        "address": "Sanfins do Douro"
      }
    },
    {
      "type": "Feature",
      "id": "house-123",
      "geometry": {
        "type": "Polygon",
        "coordinates": [
          [
            [
              -7.524066867237171,
              41.28992877655071
            ],
            [
              -7.523902757950633,
              41.28992877655071
            ],
            [
              -7.523902757950633,
              41.28999571141429
            ],
            [
              -7.524066867237171,
              41.28999571141429
            ],
            [
              -7.524066867237171,
              41.28992877655071
            ]
          ]
        ]
      },
      "properties": {
        "id": "house-123",
        "name": "Casa Duriense Caiada com Beiral",
        "building_type": "Habitação Tradicional Duriense",
        "wall_height": 6.7,
        "height": 6.7,
        "levels": 2,
        "material": "Alvenaria e Xisto com Cantarias de Granito",
        "is_landmark": false,
        "address": "Sanfins do Douro"
      }
    },
    {
      "type": "Feature",
      "id": "house-124",
      "geometry": {
        "type": "Polygon",
        "coordinates": [
          [
            [
              -7.522628800232769,
              41.28992182465863
            ],
            [
              -7.522507035379534,
              41.28992182465863
            ],
            [
              -7.522507035379534,
              41.29002843958623
            ],
            [
              -7.522628800232769,
              41.29002843958623
            ],
            [
              -7.522628800232769,
              41.28992182465863
            ]
          ]
        ]
      },
      "properties": {
        "id": "house-124",
        "name": "Adega Tradicional do Douro",
        "building_type": "Adega / Lagar de Vinho",
        "wall_height": 6.9,
        "height": 6.9,
        "levels": 2,
        "material": "Alvenaria e Xisto com Cantarias de Granito",
        "is_landmark": false,
        "address": "Sanfins do Douro"
      }
    },
    {
      "type": "Feature",
      "id": "house-125",
      "geometry": {
        "type": "Polygon",
        "coordinates": [
          [
            [
              -7.521530947324107,
              41.28993779730959
            ],
            [
              -7.521373288855727,
              41.28993779730959
            ],
            [
              -7.521373288855727,
              41.29002934470033
            ],
            [
              -7.521530947324107,
              41.29002934470033
            ],
            [
              -7.521530947324107,
              41.28993779730959
            ]
          ]
        ]
      },
      "properties": {
        "id": "house-125",
        "name": "Casa Duriense Caiada com Beiral",
        "building_type": "Habitação Tradicional Duriense",
        "wall_height": 6.8,
        "height": 6.8,
        "levels": 2,
        "material": "Alvenaria e Xisto com Cantarias de Granito",
        "is_landmark": false,
        "address": "Sanfins do Douro"
      }
    },
    {
      "type": "Feature",
      "id": "house-126",
      "geometry": {
        "type": "Polygon",
        "coordinates": [
          [
            [
              -7.520530044730445,
              41.28992942016085
            ],
            [
              -7.520411295511717,
              41.28992942016085
            ],
            [
              -7.520411295511717,
              41.29005137747716
            ],
            [
              -7.520530044730445,
              41.29005137747716
            ],
            [
              -7.520530044730445,
              41.28992942016085
            ]
          ]
        ]
      },
      "properties": {
        "id": "house-126",
        "name": "Casa Duriense Caiada com Beiral",
        "building_type": "Habitação Tradicional Duriense",
        "wall_height": 6.9,
        "height": 6.9,
        "levels": 2,
        "material": "Alvenaria e Xisto com Cantarias de Granito",
        "is_landmark": false,
        "address": "Sanfins do Douro"
      }
    },
    {
      "type": "Feature",
      "id": "house-127",
      "geometry": {
        "type": "Polygon",
        "coordinates": [
          [
            [
              -7.519132704365009,
              41.28989254025897
            ],
            [
              -7.518997299476948,
              41.28989254025897
            ],
            [
              -7.518997299476948,
              41.29000670948107
            ],
            [
              -7.519132704365009,
              41.29000670948107
            ],
            [
              -7.519132704365009,
              41.28989254025897
            ]
          ]
        ]
      },
      "properties": {
        "id": "house-127",
        "name": "Casa Duriense Caiada com Beiral",
        "building_type": "Habitação Tradicional Duriense",
        "wall_height": 6.6,
        "height": 6.6,
        "levels": 2,
        "material": "Alvenaria e Xisto com Cantarias de Granito",
        "is_landmark": false,
        "address": "Sanfins do Douro"
      }
    },
    {
      "type": "Feature",
      "id": "house-128",
      "geometry": {
        "type": "Polygon",
        "coordinates": [
          [
            [
              -7.5186321321984,
              41.289911634347256
            ],
            [
              -7.5184732621584,
              41.289911634347256
            ],
            [
              -7.5184732621584,
              41.29002667419936
            ],
            [
              -7.5186321321984,
              41.29002667419936
            ],
            [
              -7.5186321321984,
              41.289911634347256
            ]
          ]
        ]
      },
      "properties": {
        "id": "house-128",
        "name": "Casa Duriense Caiada com Beiral",
        "building_type": "Habitação Tradicional Duriense",
        "wall_height": 3.6,
        "height": 3.6,
        "levels": 1,
        "material": "Alvenaria e Xisto com Cantarias de Granito",
        "is_landmark": false,
        "address": "Sanfins do Douro"
      }
    },
    {
      "type": "Feature",
      "id": "house-129",
      "geometry": {
        "type": "Polygon",
        "coordinates": [
          [
            [
              -7.518049882802273,
              41.28997375062743
            ],
            [
              -7.517898395474396,
              41.28997375062743
            ],
            [
              -7.517898395474396,
              41.29008878946217
            ],
            [
              -7.518049882802273,
              41.29008878946217
            ],
            [
              -7.518049882802273,
              41.28997375062743
            ]
          ]
        ]
      },
      "properties": {
        "id": "house-129",
        "name": "Casa Duriense Caiada com Beiral",
        "building_type": "Habitação Tradicional Duriense",
        "wall_height": 3.9,
        "height": 3.9,
        "levels": 1,
        "material": "Alvenaria e Xisto com Cantarias de Granito",
        "is_landmark": false,
        "address": "Sanfins do Douro"
      }
    },
    {
      "type": "Feature",
      "id": "house-130",
      "geometry": {
        "type": "Polygon",
        "coordinates": [
          [
            [
              -7.51459688957399,
              41.289907511416594
            ],
            [
              -7.514496037541629,
              41.289907511416594
            ],
            [
              -7.514496037541629,
              41.28998910170308
            ],
            [
              -7.51459688957399,
              41.28998910170308
            ],
            [
              -7.51459688957399,
              41.289907511416594
            ]
          ]
        ]
      },
      "properties": {
        "id": "house-130",
        "name": "Casa Duriense Caiada com Beiral",
        "building_type": "Habitação Tradicional Duriense",
        "wall_height": 6.4,
        "height": 6.4,
        "levels": 2,
        "material": "Alvenaria e Xisto com Cantarias de Granito",
        "is_landmark": false,
        "address": "Sanfins do Douro"
      }
    },
    {
      "type": "Feature",
      "id": "house-131",
      "geometry": {
        "type": "Polygon",
        "coordinates": [
          [
            [
              -7.51403011142371,
              41.28989070849864
            ],
            [
              -7.513882689961371,
              41.28989070849864
            ],
            [
              -7.513882689961371,
              41.28999482140565
            ],
            [
              -7.51403011142371,
              41.28999482140565
            ],
            [
              -7.51403011142371,
              41.28989070849864
            ]
          ]
        ]
      },
      "properties": {
        "id": "house-131",
        "name": "Adega Tradicional do Douro",
        "building_type": "Adega / Lagar de Vinho",
        "wall_height": 3.6,
        "height": 3.6,
        "levels": 1,
        "material": "Alvenaria e Xisto com Cantarias de Granito",
        "is_landmark": false,
        "address": "Sanfins do Douro"
      }
    },
    {
      "type": "Feature",
      "id": "house-132",
      "geometry": {
        "type": "Polygon",
        "coordinates": [
          [
            [
              -7.5275198014717795,
              41.290240524354914
            ],
            [
              -7.527390877959453,
              41.290240524354914
            ],
            [
              -7.527390877959453,
              41.29036579344087
            ],
            [
              -7.5275198014717795,
              41.29036579344087
            ],
            [
              -7.5275198014717795,
              41.290240524354914
            ]
          ]
        ]
      },
      "properties": {
        "id": "house-132",
        "name": "Adega Tradicional do Douro",
        "building_type": "Adega / Lagar de Vinho",
        "wall_height": 6.7,
        "height": 6.7,
        "levels": 2,
        "material": "Alvenaria e Xisto com Cantarias de Granito",
        "is_landmark": false,
        "address": "Sanfins do Douro"
      }
    },
    {
      "type": "Feature",
      "id": "house-133",
      "geometry": {
        "type": "Polygon",
        "coordinates": [
          [
            [
              -7.52600650978349,
              41.29026266039521
            ],
            [
              -7.5258826564408094,
              41.29026266039521
            ],
            [
              -7.5258826564408094,
              41.29036220231895
            ],
            [
              -7.52600650978349,
              41.29036220231895
            ],
            [
              -7.52600650978349,
              41.29026266039521
            ]
          ]
        ]
      },
      "properties": {
        "id": "house-133",
        "name": "Adega Tradicional do Douro",
        "building_type": "Adega / Lagar de Vinho",
        "wall_height": 6.8,
        "height": 6.8,
        "levels": 2,
        "material": "Alvenaria e Xisto com Cantarias de Granito",
        "is_landmark": false,
        "address": "Sanfins do Douro"
      }
    },
    {
      "type": "Feature",
      "id": "house-134",
      "geometry": {
        "type": "Polygon",
        "coordinates": [
          [
            [
              -7.524634466919134,
              41.2903566073101
            ],
            [
              -7.524471002654244,
              41.2903566073101
            ],
            [
              -7.524471002654244,
              41.29043923249789
            ],
            [
              -7.524634466919134,
              41.29043923249789
            ],
            [
              -7.524634466919134,
              41.2903566073101
            ]
          ]
        ]
      },
      "properties": {
        "id": "house-134",
        "name": "Adega Tradicional do Douro",
        "building_type": "Adega / Lagar de Vinho",
        "wall_height": 7,
        "height": 7,
        "levels": 2,
        "material": "Alvenaria e Xisto com Cantarias de Granito",
        "is_landmark": false,
        "address": "Sanfins do Douro"
      }
    },
    {
      "type": "Feature",
      "id": "house-135",
      "geometry": {
        "type": "Polygon",
        "coordinates": [
          [
            [
              -7.52403923767151,
              41.29034142425455
            ],
            [
              -7.523914674646078,
              41.29034142425455
            ],
            [
              -7.523914674646078,
              41.2904467688586
            ],
            [
              -7.52403923767151,
              41.2904467688586
            ],
            [
              -7.52403923767151,
              41.29034142425455
            ]
          ]
        ]
      },
      "properties": {
        "id": "house-135",
        "name": "Casa Duriense Caiada com Beiral",
        "building_type": "Habitação Tradicional Duriense",
        "wall_height": 6.2,
        "height": 6.2,
        "levels": 2,
        "material": "Alvenaria e Xisto com Cantarias de Granito",
        "is_landmark": false,
        "address": "Sanfins do Douro"
      }
    },
    {
      "type": "Feature",
      "id": "house-136",
      "geometry": {
        "type": "Polygon",
        "coordinates": [
          [
            [
              -7.520602463597968,
              41.29033867667059
            ],
            [
              -7.520494289589531,
              41.29033867667059
            ],
            [
              -7.520494289589531,
              41.290472562758715
            ],
            [
              -7.520602463597968,
              41.290472562758715
            ],
            [
              -7.520602463597968,
              41.29033867667059
            ]
          ]
        ]
      },
      "properties": {
        "id": "house-136",
        "name": "Casa Duriense Caiada com Beiral",
        "building_type": "Habitação Tradicional Duriense",
        "wall_height": 6.7,
        "height": 6.7,
        "levels": 2,
        "material": "Alvenaria e Xisto com Cantarias de Granito",
        "is_landmark": false,
        "address": "Sanfins do Douro"
      }
    },
    {
      "type": "Feature",
      "id": "house-137",
      "geometry": {
        "type": "Polygon",
        "coordinates": [
          [
            [
              -7.519051071342381,
              41.29035386520278
            ],
            [
              -7.51890296287745,
              41.29035386520278
            ],
            [
              -7.51890296287745,
              41.290420810358064
            ],
            [
              -7.519051071342381,
              41.290420810358064
            ],
            [
              -7.519051071342381,
              41.29035386520278
            ]
          ]
        ]
      },
      "properties": {
        "id": "house-137",
        "name": "Casa Duriense Caiada com Beiral",
        "building_type": "Habitação Tradicional Duriense",
        "wall_height": 6.2,
        "height": 6.2,
        "levels": 2,
        "material": "Alvenaria e Xisto com Cantarias de Granito",
        "is_landmark": false,
        "address": "Sanfins do Douro"
      }
    },
    {
      "type": "Feature",
      "id": "house-138",
      "geometry": {
        "type": "Polygon",
        "coordinates": [
          [
            [
              -7.518630430427965,
              41.29030007889019
            ],
            [
              -7.518500445461196,
              41.29030007889019
            ],
            [
              -7.518500445461196,
              41.29038650062689
            ],
            [
              -7.518630430427965,
              41.29038650062689
            ],
            [
              -7.518630430427965,
              41.29030007889019
            ]
          ]
        ]
      },
      "properties": {
        "id": "house-138",
        "name": "Adega Tradicional do Douro",
        "building_type": "Adega / Lagar de Vinho",
        "wall_height": 6.7,
        "height": 6.7,
        "levels": 2,
        "material": "Alvenaria e Xisto com Cantarias de Granito",
        "is_landmark": false,
        "address": "Sanfins do Douro"
      }
    },
    {
      "type": "Feature",
      "id": "house-139",
      "geometry": {
        "type": "Polygon",
        "coordinates": [
          [
            [
              -7.5180374888126975,
              41.290338225158294
            ],
            [
              -7.517858713673557,
              41.290338225158294
            ],
            [
              -7.517858713673557,
              41.29045752838809
            ],
            [
              -7.5180374888126975,
              41.29045752838809
            ],
            [
              -7.5180374888126975,
              41.290338225158294
            ]
          ]
        ]
      },
      "properties": {
        "id": "house-139",
        "name": "Casa Duriense Caiada com Beiral",
        "building_type": "Habitação Tradicional Duriense",
        "wall_height": 6.4,
        "height": 6.4,
        "levels": 2,
        "material": "Alvenaria e Xisto com Cantarias de Granito",
        "is_landmark": false,
        "address": "Sanfins do Douro"
      }
    },
    {
      "type": "Feature",
      "id": "house-140",
      "geometry": {
        "type": "Polygon",
        "coordinates": [
          [
            [
              -7.517064420223652,
              41.29028823375258
            ],
            [
              -7.516963346563261,
              41.29028823375258
            ],
            [
              -7.516963346563261,
              41.29036544297911
            ],
            [
              -7.517064420223652,
              41.29036544297911
            ],
            [
              -7.517064420223652,
              41.29028823375258
            ]
          ]
        ]
      },
      "properties": {
        "id": "house-140",
        "name": "Casa Duriense Caiada com Beiral",
        "building_type": "Habitação Tradicional Duriense",
        "wall_height": 6.3,
        "height": 6.3,
        "levels": 2,
        "material": "Alvenaria e Xisto com Cantarias de Granito",
        "is_landmark": false,
        "address": "Sanfins do Douro"
      }
    },
    {
      "type": "Feature",
      "id": "house-141",
      "geometry": {
        "type": "Polygon",
        "coordinates": [
          [
            [
              -7.515120491516001,
              41.29028301342375
            ],
            [
              -7.514975165670023,
              41.29028301342375
            ],
            [
              -7.514975165670023,
              41.290360236278396
            ],
            [
              -7.515120491516001,
              41.290360236278396
            ],
            [
              -7.515120491516001,
              41.29028301342375
            ]
          ]
        ]
      },
      "properties": {
        "id": "house-141",
        "name": "Casa Duriense Caiada com Beiral",
        "building_type": "Habitação Tradicional Duriense",
        "wall_height": 6.7,
        "height": 6.7,
        "levels": 2,
        "material": "Alvenaria e Xisto com Cantarias de Granito",
        "is_landmark": false,
        "address": "Sanfins do Douro"
      }
    },
    {
      "type": "Feature",
      "id": "house-142",
      "geometry": {
        "type": "Polygon",
        "coordinates": [
          [
            [
              -7.529039037605647,
              41.29075021487328
            ],
            [
              -7.528940574462369,
              41.29075021487328
            ],
            [
              -7.528940574462369,
              41.290845603637145
            ],
            [
              -7.529039037605647,
              41.290845603637145
            ],
            [
              -7.529039037605647,
              41.29075021487328
            ]
          ]
        ]
      },
      "properties": {
        "id": "house-142",
        "name": "Casa Duriense Caiada com Beiral",
        "building_type": "Habitação Tradicional Duriense",
        "wall_height": 6.7,
        "height": 6.7,
        "levels": 2,
        "material": "Alvenaria e Xisto com Cantarias de Granito",
        "is_landmark": false,
        "address": "Sanfins do Douro"
      }
    },
    {
      "type": "Feature",
      "id": "house-143",
      "geometry": {
        "type": "Polygon",
        "coordinates": [
          [
            [
              -7.528548368737395,
              41.290690215747055
            ],
            [
              -7.528387271719028,
              41.290690215747055
            ],
            [
              -7.528387271719028,
              41.29078304640249
            ],
            [
              -7.528548368737395,
              41.29078304640249
            ],
            [
              -7.528548368737395,
              41.290690215747055
            ]
          ]
        ]
      },
      "properties": {
        "id": "house-143",
        "name": "Casa Duriense Caiada com Beiral",
        "building_type": "Habitação Tradicional Duriense",
        "wall_height": 3.4,
        "height": 3.4,
        "levels": 1,
        "material": "Alvenaria e Xisto com Cantarias de Granito",
        "is_landmark": false,
        "address": "Sanfins do Douro"
      }
    },
    {
      "type": "Feature",
      "id": "house-144",
      "geometry": {
        "type": "Polygon",
        "coordinates": [
          [
            [
              -7.528033161323606,
              41.29068525457356
            ],
            [
              -7.527853125001252,
              41.29068525457356
            ],
            [
              -7.527853125001252,
              41.29077246844473
            ],
            [
              -7.528033161323606,
              41.29077246844473
            ],
            [
              -7.528033161323606,
              41.29068525457356
            ]
          ]
        ]
      },
      "properties": {
        "id": "house-144",
        "name": "Casa Duriense Caiada com Beiral",
        "building_type": "Habitação Tradicional Duriense",
        "wall_height": 6.8,
        "height": 6.8,
        "levels": 2,
        "material": "Alvenaria e Xisto com Cantarias de Granito",
        "is_landmark": false,
        "address": "Sanfins do Douro"
      }
    },
    {
      "type": "Feature",
      "id": "house-145",
      "geometry": {
        "type": "Polygon",
        "coordinates": [
          [
            [
              -7.525073955427447,
              41.2907584095171
            ],
            [
              -7.524943026542867,
              41.2907584095171
            ],
            [
              -7.524943026542867,
              41.29082735030736
            ],
            [
              -7.525073955427447,
              41.29082735030736
            ],
            [
              -7.525073955427447,
              41.2907584095171
            ]
          ]
        ]
      },
      "properties": {
        "id": "house-145",
        "name": "Casa Duriense Caiada com Beiral",
        "building_type": "Habitação Tradicional Duriense",
        "wall_height": 6.9,
        "height": 6.9,
        "levels": 2,
        "material": "Alvenaria e Xisto com Cantarias de Granito",
        "is_landmark": false,
        "address": "Sanfins do Douro"
      }
    },
    {
      "type": "Feature",
      "id": "house-146",
      "geometry": {
        "type": "Polygon",
        "coordinates": [
          [
            [
              -7.524608902144386,
              41.290644713748776
            ],
            [
              -7.5244545217877485,
              41.290644713748776
            ],
            [
              -7.5244545217877485,
              41.290761940110684
            ],
            [
              -7.524608902144386,
              41.290761940110684
            ],
            [
              -7.524608902144386,
              41.290644713748776
            ]
          ]
        ]
      },
      "properties": {
        "id": "house-146",
        "name": "Casa Duriense Caiada com Beiral",
        "building_type": "Habitação Tradicional Duriense",
        "wall_height": 6.8,
        "height": 6.8,
        "levels": 2,
        "material": "Alvenaria e Xisto com Cantarias de Granito",
        "is_landmark": false,
        "address": "Sanfins do Douro"
      }
    },
    {
      "type": "Feature",
      "id": "house-147",
      "geometry": {
        "type": "Polygon",
        "coordinates": [
          [
            [
              -7.523563498392897,
              41.290721306944256
            ],
            [
              -7.523441955520158,
              41.290721306944256
            ],
            [
              -7.523441955520158,
              41.290820709541286
            ],
            [
              -7.523563498392897,
              41.290820709541286
            ],
            [
              -7.523563498392897,
              41.290721306944256
            ]
          ]
        ]
      },
      "properties": {
        "id": "house-147",
        "name": "Casa Duriense Caiada com Beiral",
        "building_type": "Habitação Tradicional Duriense",
        "wall_height": 3.7,
        "height": 3.7,
        "levels": 1,
        "material": "Alvenaria e Xisto com Cantarias de Granito",
        "is_landmark": false,
        "address": "Sanfins do Douro"
      }
    },
    {
      "type": "Feature",
      "id": "house-148",
      "geometry": {
        "type": "Polygon",
        "coordinates": [
          [
            [
              -7.522530778561755,
              41.29068555355291
            ],
            [
              -7.522389497129723,
              41.29068555355291
            ],
            [
              -7.522389497129723,
              41.29079422287585
            ],
            [
              -7.522530778561755,
              41.29079422287585
            ],
            [
              -7.522530778561755,
              41.29068555355291
            ]
          ]
        ]
      },
      "properties": {
        "id": "house-148",
        "name": "Casa Duriense Caiada com Beiral",
        "building_type": "Habitação Tradicional Duriense",
        "wall_height": 6.3,
        "height": 6.3,
        "levels": 2,
        "material": "Alvenaria e Xisto com Cantarias de Granito",
        "is_landmark": false,
        "address": "Sanfins do Douro"
      }
    },
    {
      "type": "Feature",
      "id": "house-149",
      "geometry": {
        "type": "Polygon",
        "coordinates": [
          [
            [
              -7.522071503806218,
              41.29069582684442
            ],
            [
              -7.521961382940639,
              41.29069582684442
            ],
            [
              -7.521961382940639,
              41.29082586554957
            ],
            [
              -7.522071503806218,
              41.29082586554957
            ],
            [
              -7.522071503806218,
              41.29069582684442
            ]
          ]
        ]
      },
      "properties": {
        "id": "house-149",
        "name": "Casa Duriense Caiada com Beiral",
        "building_type": "Habitação Tradicional Duriense",
        "wall_height": 6.7,
        "height": 6.7,
        "levels": 2,
        "material": "Alvenaria e Xisto com Cantarias de Granito",
        "is_landmark": false,
        "address": "Sanfins do Douro"
      }
    },
    {
      "type": "Feature",
      "id": "house-150",
      "geometry": {
        "type": "Polygon",
        "coordinates": [
          [
            [
              -7.521524156556017,
              41.29071918660882
            ],
            [
              -7.5213765807575275,
              41.29071918660882
            ],
            [
              -7.5213765807575275,
              41.290803469415515
            ],
            [
              -7.521524156556017,
              41.290803469415515
            ],
            [
              -7.521524156556017,
              41.29071918660882
            ]
          ]
        ]
      },
      "properties": {
        "id": "house-150",
        "name": "Casa Duriense Caiada com Beiral",
        "building_type": "Habitação Tradicional Duriense",
        "wall_height": 3.2,
        "height": 3.2,
        "levels": 1,
        "material": "Alvenaria e Xisto com Cantarias de Granito",
        "is_landmark": false,
        "address": "Sanfins do Douro"
      }
    },
    {
      "type": "Feature",
      "id": "house-151",
      "geometry": {
        "type": "Polygon",
        "coordinates": [
          [
            [
              -7.521033520316382,
              41.29066555568182
            ],
            [
              -7.520880191370986,
              41.29066555568182
            ],
            [
              -7.520880191370986,
              41.290784283448794
            ],
            [
              -7.521033520316382,
              41.290784283448794
            ],
            [
              -7.521033520316382,
              41.29066555568182
            ]
          ]
        ]
      },
      "properties": {
        "id": "house-151",
        "name": "Casa Duriense Caiada com Beiral",
        "building_type": "Habitação Tradicional Duriense",
        "wall_height": 6.9,
        "height": 6.9,
        "levels": 2,
        "material": "Alvenaria e Xisto com Cantarias de Granito",
        "is_landmark": false,
        "address": "Sanfins do Douro"
      }
    },
    {
      "type": "Feature",
      "id": "house-152",
      "geometry": {
        "type": "Polygon",
        "coordinates": [
          [
            [
              -7.519627595040838,
              41.29067889099917
            ],
            [
              -7.519459558536852,
              41.29067889099917
            ],
            [
              -7.519459558536852,
              41.29080806457882
            ],
            [
              -7.519627595040838,
              41.29080806457882
            ],
            [
              -7.519627595040838,
              41.29067889099917
            ]
          ]
        ]
      },
      "properties": {
        "id": "house-152",
        "name": "Casa Duriense Caiada com Beiral",
        "building_type": "Habitação Tradicional Duriense",
        "wall_height": 6.5,
        "height": 6.5,
        "levels": 2,
        "material": "Alvenaria e Xisto com Cantarias de Granito",
        "is_landmark": false,
        "address": "Sanfins do Douro"
      }
    },
    {
      "type": "Feature",
      "id": "house-153",
      "geometry": {
        "type": "Polygon",
        "coordinates": [
          [
            [
              -7.517021641231218,
              41.29066252201721
            ],
            [
              -7.516904937411938,
              41.29066252201721
            ],
            [
              -7.516904937411938,
              41.290725617685574
            ],
            [
              -7.517021641231218,
              41.290725617685574
            ],
            [
              -7.517021641231218,
              41.29066252201721
            ]
          ]
        ]
      },
      "properties": {
        "id": "house-153",
        "name": "Adega Tradicional do Douro",
        "building_type": "Adega / Lagar de Vinho",
        "wall_height": 6.6,
        "height": 6.6,
        "levels": 2,
        "material": "Alvenaria e Xisto com Cantarias de Granito",
        "is_landmark": false,
        "address": "Sanfins do Douro"
      }
    },
    {
      "type": "Feature",
      "id": "house-154",
      "geometry": {
        "type": "Polygon",
        "coordinates": [
          [
            [
              -7.515542009939976,
              41.290737764353636
            ],
            [
              -7.515425933945529,
              41.290737764353636
            ],
            [
              -7.515425933945529,
              41.29084961956022
            ],
            [
              -7.515542009939976,
              41.29084961956022
            ],
            [
              -7.515542009939976,
              41.290737764353636
            ]
          ]
        ]
      },
      "properties": {
        "id": "house-154",
        "name": "Adega Tradicional do Douro",
        "building_type": "Adega / Lagar de Vinho",
        "wall_height": 6.9,
        "height": 6.9,
        "levels": 2,
        "material": "Alvenaria e Xisto com Cantarias de Granito",
        "is_landmark": false,
        "address": "Sanfins do Douro"
      }
    },
    {
      "type": "Feature",
      "id": "house-155",
      "geometry": {
        "type": "Polygon",
        "coordinates": [
          [
            [
              -7.5290572080613085,
              41.29108915401032
            ],
            [
              -7.5288928205867744,
              41.29108915401032
            ],
            [
              -7.5288928205867744,
              41.29117823216818
            ],
            [
              -7.5290572080613085,
              41.29117823216818
            ],
            [
              -7.5290572080613085,
              41.29108915401032
            ]
          ]
        ]
      },
      "properties": {
        "id": "house-155",
        "name": "Casa Duriense Caiada com Beiral",
        "building_type": "Habitação Tradicional Duriense",
        "wall_height": 6.3,
        "height": 6.3,
        "levels": 2,
        "material": "Alvenaria e Xisto com Cantarias de Granito",
        "is_landmark": false,
        "address": "Sanfins do Douro"
      }
    },
    {
      "type": "Feature",
      "id": "house-156",
      "geometry": {
        "type": "Polygon",
        "coordinates": [
          [
            [
              -7.528637000464944,
              41.291132839545696
            ],
            [
              -7.528480758914296,
              41.291132839545696
            ],
            [
              -7.528480758914296,
              41.29120955795828
            ],
            [
              -7.528637000464944,
              41.29120955795828
            ],
            [
              -7.528637000464944,
              41.291132839545696
            ]
          ]
        ]
      },
      "properties": {
        "id": "house-156",
        "name": "Casa Duriense Caiada com Beiral",
        "building_type": "Habitação Tradicional Duriense",
        "wall_height": 6.6,
        "height": 6.6,
        "levels": 2,
        "material": "Alvenaria e Xisto com Cantarias de Granito",
        "is_landmark": false,
        "address": "Sanfins do Douro"
      }
    },
    {
      "type": "Feature",
      "id": "house-157",
      "geometry": {
        "type": "Polygon",
        "coordinates": [
          [
            [
              -7.526024896425672,
              41.291052556177284
            ],
            [
              -7.525856126768352,
              41.291052556177284
            ],
            [
              -7.525856126768352,
              41.291142435517436
            ],
            [
              -7.526024896425672,
              41.291142435517436
            ],
            [
              -7.526024896425672,
              41.291052556177284
            ]
          ]
        ]
      },
      "properties": {
        "id": "house-157",
        "name": "Casa Duriense Caiada com Beiral",
        "building_type": "Habitação Tradicional Duriense",
        "wall_height": 6.2,
        "height": 6.2,
        "levels": 2,
        "material": "Alvenaria e Xisto com Cantarias de Granito",
        "is_landmark": false,
        "address": "Sanfins do Douro"
      }
    },
    {
      "type": "Feature",
      "id": "house-158",
      "geometry": {
        "type": "Polygon",
        "coordinates": [
          [
            [
              -7.524566734330044,
              41.29108236683431
            ],
            [
              -7.524463973718669,
              41.29108236683431
            ],
            [
              -7.524463973718669,
              41.29120782699227
            ],
            [
              -7.524566734330044,
              41.29120782699227
            ],
            [
              -7.524566734330044,
              41.29108236683431
            ]
          ]
        ]
      },
      "properties": {
        "id": "house-158",
        "name": "Casa Duriense Caiada com Beiral",
        "building_type": "Habitação Tradicional Duriense",
        "wall_height": 6.9,
        "height": 6.9,
        "levels": 2,
        "material": "Alvenaria e Xisto com Cantarias de Granito",
        "is_landmark": false,
        "address": "Sanfins do Douro"
      }
    },
    {
      "type": "Feature",
      "id": "house-159",
      "geometry": {
        "type": "Polygon",
        "coordinates": [
          [
            [
              -7.523095996246453,
              41.291025338287184
            ],
            [
              -7.522980672157192,
              41.291025338287184
            ],
            [
              -7.522980672157192,
              41.291126974405145
            ],
            [
              -7.523095996246453,
              41.291126974405145
            ],
            [
              -7.523095996246453,
              41.291025338287184
            ]
          ]
        ]
      },
      "properties": {
        "id": "house-159",
        "name": "Casa Duriense Caiada com Beiral",
        "building_type": "Habitação Tradicional Duriense",
        "wall_height": 3.9,
        "height": 3.9,
        "levels": 1,
        "material": "Alvenaria e Xisto com Cantarias de Granito",
        "is_landmark": false,
        "address": "Sanfins do Douro"
      }
    },
    {
      "type": "Feature",
      "id": "house-160",
      "geometry": {
        "type": "Polygon",
        "coordinates": [
          [
            [
              -7.5215231849772115,
              41.29104899408135
            ],
            [
              -7.521401779703054,
              41.29104899408135
            ],
            [
              -7.521401779703054,
              41.29112218347029
            ],
            [
              -7.5215231849772115,
              41.29112218347029
            ],
            [
              -7.5215231849772115,
              41.29104899408135
            ]
          ]
        ]
      },
      "properties": {
        "id": "house-160",
        "name": "Casa Duriense Caiada com Beiral",
        "building_type": "Habitação Tradicional Duriense",
        "wall_height": 6.4,
        "height": 6.4,
        "levels": 2,
        "material": "Alvenaria e Xisto com Cantarias de Granito",
        "is_landmark": false,
        "address": "Sanfins do Douro"
      }
    },
    {
      "type": "Feature",
      "id": "house-161",
      "geometry": {
        "type": "Polygon",
        "coordinates": [
          [
            [
              -7.5199935675584,
              41.29100052508182
            ],
            [
              -7.5198933067614835,
              41.29100052508182
            ],
            [
              -7.5198933067614835,
              41.29112511238322
            ],
            [
              -7.5199935675584,
              41.29112511238322
            ],
            [
              -7.5199935675584,
              41.29100052508182
            ]
          ]
        ]
      },
      "properties": {
        "id": "house-161",
        "name": "Casa Duriense Caiada com Beiral",
        "building_type": "Habitação Tradicional Duriense",
        "wall_height": 3.7,
        "height": 3.7,
        "levels": 1,
        "material": "Alvenaria e Xisto com Cantarias de Granito",
        "is_landmark": false,
        "address": "Sanfins do Douro"
      }
    },
    {
      "type": "Feature",
      "id": "house-162",
      "geometry": {
        "type": "Polygon",
        "coordinates": [
          [
            [
              -7.519517332660311,
              41.29113143153344
            ],
            [
              -7.519378681940572,
              41.29113143153344
            ],
            [
              -7.519378681940572,
              41.291222717773685
            ],
            [
              -7.519517332660311,
              41.291222717773685
            ],
            [
              -7.519517332660311,
              41.29113143153344
            ]
          ]
        ]
      },
      "properties": {
        "id": "house-162",
        "name": "Casa Duriense Caiada com Beiral",
        "building_type": "Habitação Tradicional Duriense",
        "wall_height": 6.6,
        "height": 6.6,
        "levels": 2,
        "material": "Alvenaria e Xisto com Cantarias de Granito",
        "is_landmark": false,
        "address": "Sanfins do Douro"
      }
    },
    {
      "type": "Feature",
      "id": "house-163",
      "geometry": {
        "type": "Polygon",
        "coordinates": [
          [
            [
              -7.519113743084635,
              41.29107137587953
            ],
            [
              -7.518963412595534,
              41.29107137587953
            ],
            [
              -7.518963412595534,
              41.291197470227424
            ],
            [
              -7.519113743084635,
              41.291197470227424
            ],
            [
              -7.519113743084635,
              41.29107137587953
            ]
          ]
        ]
      },
      "properties": {
        "id": "house-163",
        "name": "Casa Duriense Caiada com Beiral",
        "building_type": "Habitação Tradicional Duriense",
        "wall_height": 6.8,
        "height": 6.8,
        "levels": 2,
        "material": "Alvenaria e Xisto com Cantarias de Granito",
        "is_landmark": false,
        "address": "Sanfins do Douro"
      }
    },
    {
      "type": "Feature",
      "id": "house-164",
      "geometry": {
        "type": "Polygon",
        "coordinates": [
          [
            [
              -7.517530559672228,
              41.29111684936098
            ],
            [
              -7.517368003356981,
              41.29111684936098
            ],
            [
              -7.517368003356981,
              41.29123263144303
            ],
            [
              -7.517530559672228,
              41.29123263144303
            ],
            [
              -7.517530559672228,
              41.29111684936098
            ]
          ]
        ]
      },
      "properties": {
        "id": "house-164",
        "name": "Adega Tradicional do Douro",
        "building_type": "Adega / Lagar de Vinho",
        "wall_height": 6.9,
        "height": 6.9,
        "levels": 2,
        "material": "Alvenaria e Xisto com Cantarias de Granito",
        "is_landmark": false,
        "address": "Sanfins do Douro"
      }
    },
    {
      "type": "Feature",
      "id": "house-165",
      "geometry": {
        "type": "Polygon",
        "coordinates": [
          [
            [
              -7.516565721155895,
              41.291063769277294
            ],
            [
              -7.516427737235849,
              41.291063769277294
            ],
            [
              -7.516427737235849,
              41.29117983942567
            ],
            [
              -7.516565721155895,
              41.29117983942567
            ],
            [
              -7.516565721155895,
              41.291063769277294
            ]
          ]
        ]
      },
      "properties": {
        "id": "house-165",
        "name": "Casa Duriense Caiada com Beiral",
        "building_type": "Habitação Tradicional Duriense",
        "wall_height": 7,
        "height": 7,
        "levels": 2,
        "material": "Alvenaria e Xisto com Cantarias de Granito",
        "is_landmark": false,
        "address": "Sanfins do Douro"
      }
    },
    {
      "type": "Feature",
      "id": "house-166",
      "geometry": {
        "type": "Polygon",
        "coordinates": [
          [
            [
              -7.5160157111197865,
              41.291102706719116
            ],
            [
              -7.515875609445672,
              41.291102706719116
            ],
            [
              -7.515875609445672,
              41.29121287557783
            ],
            [
              -7.5160157111197865,
              41.29121287557783
            ],
            [
              -7.5160157111197865,
              41.291102706719116
            ]
          ]
        ]
      },
      "properties": {
        "id": "house-166",
        "name": "Casa Duriense Caiada com Beiral",
        "building_type": "Habitação Tradicional Duriense",
        "wall_height": 3.2,
        "height": 3.2,
        "levels": 1,
        "material": "Alvenaria e Xisto com Cantarias de Granito",
        "is_landmark": false,
        "address": "Sanfins do Douro"
      }
    },
    {
      "type": "Feature",
      "id": "house-167",
      "geometry": {
        "type": "Polygon",
        "coordinates": [
          [
            [
              -7.51556696761225,
              41.29112408308652
            ],
            [
              -7.515391782666869,
              41.29112408308652
            ],
            [
              -7.515391782666869,
              41.2911925982743
            ],
            [
              -7.51556696761225,
              41.2911925982743
            ],
            [
              -7.51556696761225,
              41.29112408308652
            ]
          ]
        ]
      },
      "properties": {
        "id": "house-167",
        "name": "Casa Duriense Caiada com Beiral",
        "building_type": "Habitação Tradicional Duriense",
        "wall_height": 3.5,
        "height": 3.5,
        "levels": 1,
        "material": "Alvenaria e Xisto com Cantarias de Granito",
        "is_landmark": false,
        "address": "Sanfins do Douro"
      }
    },
    {
      "type": "Feature",
      "id": "house-168",
      "geometry": {
        "type": "Polygon",
        "coordinates": [
          [
            [
              -7.529060431814669,
              41.291487794878776
            ],
            [
              -7.528938744462117,
              41.291487794878776
            ],
            [
              -7.528938744462117,
              41.29157014243948
            ],
            [
              -7.529060431814669,
              41.29157014243948
            ],
            [
              -7.529060431814669,
              41.291487794878776
            ]
          ]
        ]
      },
      "properties": {
        "id": "house-168",
        "name": "Adega Tradicional do Douro",
        "building_type": "Adega / Lagar de Vinho",
        "wall_height": 6.5,
        "height": 6.5,
        "levels": 2,
        "material": "Alvenaria e Xisto com Cantarias de Granito",
        "is_landmark": false,
        "address": "Sanfins do Douro"
      }
    },
    {
      "type": "Feature",
      "id": "house-169",
      "geometry": {
        "type": "Polygon",
        "coordinates": [
          [
            [
              -7.525076445271743,
              41.29151563657015
            ],
            [
              -7.524974982848086,
              41.29151563657015
            ],
            [
              -7.524974982848086,
              41.291603838703224
            ],
            [
              -7.525076445271743,
              41.291603838703224
            ],
            [
              -7.525076445271743,
              41.29151563657015
            ]
          ]
        ]
      },
      "properties": {
        "id": "house-169",
        "name": "Casa Duriense Caiada com Beiral",
        "building_type": "Habitação Tradicional Duriense",
        "wall_height": 6.6,
        "height": 6.6,
        "levels": 2,
        "material": "Alvenaria e Xisto com Cantarias de Granito",
        "is_landmark": false,
        "address": "Sanfins do Douro"
      }
    },
    {
      "type": "Feature",
      "id": "house-170",
      "geometry": {
        "type": "Polygon",
        "coordinates": [
          [
            [
              -7.524060268411345,
              41.2915030880595
            ],
            [
              -7.523888176636371,
              41.2915030880595
            ],
            [
              -7.523888176636371,
              41.29159890309299
            ],
            [
              -7.524060268411345,
              41.29159890309299
            ],
            [
              -7.524060268411345,
              41.2915030880595
            ]
          ]
        ]
      },
      "properties": {
        "id": "house-170",
        "name": "Adega Tradicional do Douro",
        "building_type": "Adega / Lagar de Vinho",
        "wall_height": 6.9,
        "height": 6.9,
        "levels": 2,
        "material": "Alvenaria e Xisto com Cantarias de Granito",
        "is_landmark": false,
        "address": "Sanfins do Douro"
      }
    },
    {
      "type": "Feature",
      "id": "house-171",
      "geometry": {
        "type": "Polygon",
        "coordinates": [
          [
            [
              -7.523543212136031,
              41.29145827435372
            ],
            [
              -7.523412401459157,
              41.29145827435372
            ],
            [
              -7.523412401459157,
              41.29157526619152
            ],
            [
              -7.523543212136031,
              41.29157526619152
            ],
            [
              -7.523543212136031,
              41.29145827435372
            ]
          ]
        ]
      },
      "properties": {
        "id": "house-171",
        "name": "Casa Duriense Caiada com Beiral",
        "building_type": "Habitação Tradicional Duriense",
        "wall_height": 6.9,
        "height": 6.9,
        "levels": 2,
        "material": "Alvenaria e Xisto com Cantarias de Granito",
        "is_landmark": false,
        "address": "Sanfins do Douro"
      }
    },
    {
      "type": "Feature",
      "id": "house-172",
      "geometry": {
        "type": "Polygon",
        "coordinates": [
          [
            [
              -7.5230903116379695,
              41.2914607779702
            ],
            [
              -7.5229603772769424,
              41.2914607779702
            ],
            [
              -7.5229603772769424,
              41.2915453808543
            ],
            [
              -7.5230903116379695,
              41.2915453808543
            ],
            [
              -7.5230903116379695,
              41.2914607779702
            ]
          ]
        ]
      },
      "properties": {
        "id": "house-172",
        "name": "Casa Duriense Caiada com Beiral",
        "building_type": "Habitação Tradicional Duriense",
        "wall_height": 6.3,
        "height": 6.3,
        "levels": 2,
        "material": "Alvenaria e Xisto com Cantarias de Granito",
        "is_landmark": false,
        "address": "Sanfins do Douro"
      }
    },
    {
      "type": "Feature",
      "id": "house-173",
      "geometry": {
        "type": "Polygon",
        "coordinates": [
          [
            [
              -7.5200388938481035,
              41.291451270230446
            ],
            [
              -7.519886887725387,
              41.291451270230446
            ],
            [
              -7.519886887725387,
              41.29158061965979
            ],
            [
              -7.5200388938481035,
              41.29158061965979
            ],
            [
              -7.5200388938481035,
              41.291451270230446
            ]
          ]
        ]
      },
      "properties": {
        "id": "house-173",
        "name": "Casa Duriense Caiada com Beiral",
        "building_type": "Habitação Tradicional Duriense",
        "wall_height": 6.9,
        "height": 6.9,
        "levels": 2,
        "material": "Alvenaria e Xisto com Cantarias de Granito",
        "is_landmark": false,
        "address": "Sanfins do Douro"
      }
    },
    {
      "type": "Feature",
      "id": "house-174",
      "geometry": {
        "type": "Polygon",
        "coordinates": [
          [
            [
              -7.519629066065062,
              41.291430024636156
            ],
            [
              -7.519454408762379,
              41.291430024636156
            ],
            [
              -7.519454408762379,
              41.291559425080266
            ],
            [
              -7.519629066065062,
              41.291559425080266
            ],
            [
              -7.519629066065062,
              41.291430024636156
            ]
          ]
        ]
      },
      "properties": {
        "id": "house-174",
        "name": "Casa Duriense Caiada com Beiral",
        "building_type": "Habitação Tradicional Duriense",
        "wall_height": 3.8,
        "height": 3.8,
        "levels": 1,
        "material": "Alvenaria e Xisto com Cantarias de Granito",
        "is_landmark": false,
        "address": "Sanfins do Douro"
      }
    },
    {
      "type": "Feature",
      "id": "house-175",
      "geometry": {
        "type": "Polygon",
        "coordinates": [
          [
            [
              -7.519012112974785,
              41.29141103153745
            ],
            [
              -7.518906638974846,
              41.29141103153745
            ],
            [
              -7.518906638974846,
              41.29148421700235
            ],
            [
              -7.519012112974785,
              41.29148421700235
            ],
            [
              -7.519012112974785,
              41.29141103153745
            ]
          ]
        ]
      },
      "properties": {
        "id": "house-175",
        "name": "Adega Tradicional do Douro",
        "building_type": "Adega / Lagar de Vinho",
        "wall_height": 6.5,
        "height": 6.5,
        "levels": 2,
        "material": "Alvenaria e Xisto com Cantarias de Granito",
        "is_landmark": false,
        "address": "Sanfins do Douro"
      }
    },
    {
      "type": "Feature",
      "id": "house-176",
      "geometry": {
        "type": "Polygon",
        "coordinates": [
          [
            [
              -7.51851214420191,
              41.291429323803825
            ],
            [
              -7.518404331660468,
              41.291429323803825
            ],
            [
              -7.518404331660468,
              41.291560720837296
            ],
            [
              -7.51851214420191,
              41.291560720837296
            ],
            [
              -7.51851214420191,
              41.291429323803825
            ]
          ]
        ]
      },
      "properties": {
        "id": "house-176",
        "name": "Casa Duriense Caiada com Beiral",
        "building_type": "Habitação Tradicional Duriense",
        "wall_height": 3.5,
        "height": 3.5,
        "levels": 1,
        "material": "Alvenaria e Xisto com Cantarias de Granito",
        "is_landmark": false,
        "address": "Sanfins do Douro"
      }
    },
    {
      "type": "Feature",
      "id": "house-177",
      "geometry": {
        "type": "Polygon",
        "coordinates": [
          [
            [
              -7.518126587546704,
              41.291493239533345
            ],
            [
              -7.517992991192904,
              41.291493239533345
            ],
            [
              -7.517992991192904,
              41.291602202586894
            ],
            [
              -7.518126587546704,
              41.291602202586894
            ],
            [
              -7.518126587546704,
              41.291493239533345
            ]
          ]
        ]
      },
      "properties": {
        "id": "house-177",
        "name": "Casa Duriense Caiada com Beiral",
        "building_type": "Habitação Tradicional Duriense",
        "wall_height": 6.8,
        "height": 6.8,
        "levels": 2,
        "material": "Alvenaria e Xisto com Cantarias de Granito",
        "is_landmark": false,
        "address": "Sanfins do Douro"
      }
    },
    {
      "type": "Feature",
      "id": "house-178",
      "geometry": {
        "type": "Polygon",
        "coordinates": [
          [
            [
              -7.517507447857701,
              41.29139174632039
            ],
            [
              -7.517390299610174,
              41.29139174632039
            ],
            [
              -7.517390299610174,
              41.291492439476706
            ],
            [
              -7.517507447857701,
              41.291492439476706
            ],
            [
              -7.517507447857701,
              41.29139174632039
            ]
          ]
        ]
      },
      "properties": {
        "id": "house-178",
        "name": "Casa Duriense Caiada com Beiral",
        "building_type": "Habitação Tradicional Duriense",
        "wall_height": 6.2,
        "height": 6.2,
        "levels": 2,
        "material": "Alvenaria e Xisto com Cantarias de Granito",
        "is_landmark": false,
        "address": "Sanfins do Douro"
      }
    },
    {
      "type": "Feature",
      "id": "house-179",
      "geometry": {
        "type": "Polygon",
        "coordinates": [
          [
            [
              -7.516531264861056,
              41.29146820245582
            ],
            [
              -7.516351443395974,
              41.29146820245582
            ],
            [
              -7.516351443395974,
              41.2915856692951
            ],
            [
              -7.516531264861056,
              41.2915856692951
            ],
            [
              -7.516531264861056,
              41.29146820245582
            ]
          ]
        ]
      },
      "properties": {
        "id": "house-179",
        "name": "Adega Tradicional do Douro",
        "building_type": "Adega / Lagar de Vinho",
        "wall_height": 6.4,
        "height": 6.4,
        "levels": 2,
        "material": "Alvenaria e Xisto com Cantarias de Granito",
        "is_landmark": false,
        "address": "Sanfins do Douro"
      }
    },
    {
      "type": "Feature",
      "id": "house-180",
      "geometry": {
        "type": "Polygon",
        "coordinates": [
          [
            [
              -7.516064641358765,
              41.29148829175437
            ],
            [
              -7.515957799189632,
              41.29148829175437
            ],
            [
              -7.515957799189632,
              41.29161431525886
            ],
            [
              -7.516064641358765,
              41.29161431525886
            ],
            [
              -7.516064641358765,
              41.29148829175437
            ]
          ]
        ]
      },
      "properties": {
        "id": "house-180",
        "name": "Casa Duriense Caiada com Beiral",
        "building_type": "Habitação Tradicional Duriense",
        "wall_height": 6.9,
        "height": 6.9,
        "levels": 2,
        "material": "Alvenaria e Xisto com Cantarias de Granito",
        "is_landmark": false,
        "address": "Sanfins do Douro"
      }
    },
    {
      "type": "Feature",
      "id": "house-181",
      "geometry": {
        "type": "Polygon",
        "coordinates": [
          [
            [
              -7.515636732602228,
              41.291517798943026
            ],
            [
              -7.515500679734112,
              41.291517798943026
            ],
            [
              -7.515500679734112,
              41.29159049305428
            ],
            [
              -7.515636732602228,
              41.29159049305428
            ],
            [
              -7.515636732602228,
              41.291517798943026
            ]
          ]
        ]
      },
      "properties": {
        "id": "house-181",
        "name": "Casa Duriense Caiada com Beiral",
        "building_type": "Habitação Tradicional Duriense",
        "wall_height": 6.4,
        "height": 6.4,
        "levels": 2,
        "material": "Alvenaria e Xisto com Cantarias de Granito",
        "is_landmark": false,
        "address": "Sanfins do Douro"
      }
    },
    {
      "type": "Feature",
      "id": "house-182",
      "geometry": {
        "type": "Polygon",
        "coordinates": [
          [
            [
              -7.514600411062708,
              41.291496978952374
            ],
            [
              -7.514473350107093,
              41.291496978952374
            ],
            [
              -7.514473350107093,
              41.29157037677154
            ],
            [
              -7.514600411062708,
              41.29157037677154
            ],
            [
              -7.514600411062708,
              41.291496978952374
            ]
          ]
        ]
      },
      "properties": {
        "id": "house-182",
        "name": "Casa Duriense Caiada com Beiral",
        "building_type": "Habitação Tradicional Duriense",
        "wall_height": 6.6,
        "height": 6.6,
        "levels": 2,
        "material": "Alvenaria e Xisto com Cantarias de Granito",
        "is_landmark": false,
        "address": "Sanfins do Douro"
      }
    },
    {
      "type": "Feature",
      "id": "house-183",
      "geometry": {
        "type": "Polygon",
        "coordinates": [
          [
            [
              -7.514021356625022,
              41.291413745788645
            ],
            [
              -7.513875799110177,
              41.291413745788645
            ],
            [
              -7.513875799110177,
              41.29151502234788
            ],
            [
              -7.514021356625022,
              41.29151502234788
            ],
            [
              -7.514021356625022,
              41.291413745788645
            ]
          ]
        ]
      },
      "properties": {
        "id": "house-183",
        "name": "Casa Duriense Caiada com Beiral",
        "building_type": "Habitação Tradicional Duriense",
        "wall_height": 6.4,
        "height": 6.4,
        "levels": 2,
        "material": "Alvenaria e Xisto com Cantarias de Granito",
        "is_landmark": false,
        "address": "Sanfins do Douro"
      }
    },
    {
      "type": "Feature",
      "id": "house-184",
      "geometry": {
        "type": "Polygon",
        "coordinates": [
          [
            [
              -7.513613826577912,
              41.29148834145715
            ],
            [
              -7.513500974396851,
              41.29148834145715
            ],
            [
              -7.513500974396851,
              41.291600776304335
            ],
            [
              -7.513613826577912,
              41.291600776304335
            ],
            [
              -7.513613826577912,
              41.29148834145715
            ]
          ]
        ]
      },
      "properties": {
        "id": "house-184",
        "name": "Casa Duriense Caiada com Beiral",
        "building_type": "Habitação Tradicional Duriense",
        "wall_height": 6.5,
        "height": 6.5,
        "levels": 2,
        "material": "Alvenaria e Xisto com Cantarias de Granito",
        "is_landmark": false,
        "address": "Sanfins do Douro"
      }
    },
    {
      "type": "Feature",
      "id": "house-185",
      "geometry": {
        "type": "Polygon",
        "coordinates": [
          [
            [
              -7.527605989914048,
              41.2917714654971
            ],
            [
              -7.527470022002853,
              41.2917714654971
            ],
            [
              -7.527470022002853,
              41.29188284704427
            ],
            [
              -7.527605989914048,
              41.29188284704427
            ],
            [
              -7.527605989914048,
              41.2917714654971
            ]
          ]
        ]
      },
      "properties": {
        "id": "house-185",
        "name": "Casa Duriense Caiada com Beiral",
        "building_type": "Habitação Tradicional Duriense",
        "wall_height": 6.5,
        "height": 6.5,
        "levels": 2,
        "material": "Alvenaria e Xisto com Cantarias de Granito",
        "is_landmark": false,
        "address": "Sanfins do Douro"
      }
    },
    {
      "type": "Feature",
      "id": "house-186",
      "geometry": {
        "type": "Polygon",
        "coordinates": [
          [
            [
              -7.527008089579342,
              41.29183208442761
            ],
            [
              -7.526887959717692,
              41.29183208442761
            ],
            [
              -7.526887959717692,
              41.29192431140062
            ],
            [
              -7.527008089579342,
              41.29192431140062
            ],
            [
              -7.527008089579342,
              41.29183208442761
            ]
          ]
        ]
      },
      "properties": {
        "id": "house-186",
        "name": "Casa Duriense Caiada com Beiral",
        "building_type": "Habitação Tradicional Duriense",
        "wall_height": 6.5,
        "height": 6.5,
        "levels": 2,
        "material": "Alvenaria e Xisto com Cantarias de Granito",
        "is_landmark": false,
        "address": "Sanfins do Douro"
      }
    },
    {
      "type": "Feature",
      "id": "house-187",
      "geometry": {
        "type": "Polygon",
        "coordinates": [
          [
            [
              -7.52653705943434,
              41.291851073921684
            ],
            [
              -7.526376696789222,
              41.291851073921684
            ],
            [
              -7.526376696789222,
              41.291947884481495
            ],
            [
              -7.52653705943434,
              41.291947884481495
            ],
            [
              -7.52653705943434,
              41.291851073921684
            ]
          ]
        ]
      },
      "properties": {
        "id": "house-187",
        "name": "Adega Tradicional do Douro",
        "building_type": "Adega / Lagar de Vinho",
        "wall_height": 6.4,
        "height": 6.4,
        "levels": 2,
        "material": "Alvenaria e Xisto com Cantarias de Granito",
        "is_landmark": false,
        "address": "Sanfins do Douro"
      }
    },
    {
      "type": "Feature",
      "id": "house-188",
      "geometry": {
        "type": "Polygon",
        "coordinates": [
          [
            [
              -7.5245590440284245,
              41.291824466722716
            ],
            [
              -7.524435233213532,
              41.291824466722716
            ],
            [
              -7.524435233213532,
              41.29192127024726
            ],
            [
              -7.5245590440284245,
              41.29192127024726
            ],
            [
              -7.5245590440284245,
              41.291824466722716
            ]
          ]
        ]
      },
      "properties": {
        "id": "house-188",
        "name": "Casa Duriense Caiada com Beiral",
        "building_type": "Habitação Tradicional Duriense",
        "wall_height": 6.3,
        "height": 6.3,
        "levels": 2,
        "material": "Alvenaria e Xisto com Cantarias de Granito",
        "is_landmark": false,
        "address": "Sanfins do Douro"
      }
    },
    {
      "type": "Feature",
      "id": "house-189",
      "geometry": {
        "type": "Polygon",
        "coordinates": [
          [
            [
              -7.524048844397373,
              41.29188230699692
            ],
            [
              -7.523906301760278,
              41.29188230699692
            ],
            [
              -7.523906301760278,
              41.291949440541025
            ],
            [
              -7.524048844397373,
              41.291949440541025
            ],
            [
              -7.524048844397373,
              41.29188230699692
            ]
          ]
        ]
      },
      "properties": {
        "id": "house-189",
        "name": "Casa Duriense Caiada com Beiral",
        "building_type": "Habitação Tradicional Duriense",
        "wall_height": 6.8,
        "height": 6.8,
        "levels": 2,
        "material": "Alvenaria e Xisto com Cantarias de Granito",
        "is_landmark": false,
        "address": "Sanfins do Douro"
      }
    },
    {
      "type": "Feature",
      "id": "house-190",
      "geometry": {
        "type": "Polygon",
        "coordinates": [
          [
            [
              -7.522103870702042,
              41.291798977412085
            ],
            [
              -7.521929543433474,
              41.291798977412085
            ],
            [
              -7.521929543433474,
              41.2919204934702
            ],
            [
              -7.522103870702042,
              41.2919204934702
            ],
            [
              -7.522103870702042,
              41.291798977412085
            ]
          ]
        ]
      },
      "properties": {
        "id": "house-190",
        "name": "Casa Duriense Caiada com Beiral",
        "building_type": "Habitação Tradicional Duriense",
        "wall_height": 3.5,
        "height": 3.5,
        "levels": 1,
        "material": "Alvenaria e Xisto com Cantarias de Granito",
        "is_landmark": false,
        "address": "Sanfins do Douro"
      }
    },
    {
      "type": "Feature",
      "id": "house-191",
      "geometry": {
        "type": "Polygon",
        "coordinates": [
          [
            [
              -7.518034359684888,
              41.291871288999076
            ],
            [
              -7.517933997933639,
              41.291871288999076
            ],
            [
              -7.517933997933639,
              41.2919525203467
            ],
            [
              -7.518034359684888,
              41.2919525203467
            ],
            [
              -7.518034359684888,
              41.291871288999076
            ]
          ]
        ]
      },
      "properties": {
        "id": "house-191",
        "name": "Casa Duriense Caiada com Beiral",
        "building_type": "Habitação Tradicional Duriense",
        "wall_height": 6.3,
        "height": 6.3,
        "levels": 2,
        "material": "Alvenaria e Xisto com Cantarias de Granito",
        "is_landmark": false,
        "address": "Sanfins do Douro"
      }
    },
    {
      "type": "Feature",
      "id": "house-192",
      "geometry": {
        "type": "Polygon",
        "coordinates": [
          [
            [
              -7.5175197132663705,
              41.29182846649356
            ],
            [
              -7.517367632801523,
              41.29182846649356
            ],
            [
              -7.517367632801523,
              41.291923808169464
            ],
            [
              -7.5175197132663705,
              41.291923808169464
            ],
            [
              -7.5175197132663705,
              41.29182846649356
            ]
          ]
        ]
      },
      "properties": {
        "id": "house-192",
        "name": "Casa Duriense Caiada com Beiral",
        "building_type": "Habitação Tradicional Duriense",
        "wall_height": 7,
        "height": 7,
        "levels": 2,
        "material": "Alvenaria e Xisto com Cantarias de Granito",
        "is_landmark": false,
        "address": "Sanfins do Douro"
      }
    },
    {
      "type": "Feature",
      "id": "house-193",
      "geometry": {
        "type": "Polygon",
        "coordinates": [
          [
            [
              -7.517104549896339,
              41.29178463766188
            ],
            [
              -7.5169801840147565,
              41.29178463766188
            ],
            [
              -7.5169801840147565,
              41.29190727072566
            ],
            [
              -7.517104549896339,
              41.29190727072566
            ],
            [
              -7.517104549896339,
              41.29178463766188
            ]
          ]
        ]
      },
      "properties": {
        "id": "house-193",
        "name": "Casa Duriense Caiada com Beiral",
        "building_type": "Habitação Tradicional Duriense",
        "wall_height": 6.2,
        "height": 6.2,
        "levels": 2,
        "material": "Alvenaria e Xisto com Cantarias de Granito",
        "is_landmark": false,
        "address": "Sanfins do Douro"
      }
    },
    {
      "type": "Feature",
      "id": "house-194",
      "geometry": {
        "type": "Polygon",
        "coordinates": [
          [
            [
              -7.5165299951353095,
              41.29179683417215
            ],
            [
              -7.516431011291383,
              41.29179683417215
            ],
            [
              -7.516431011291383,
              41.291909650957685
            ],
            [
              -7.5165299951353095,
              41.291909650957685
            ],
            [
              -7.5165299951353095,
              41.29179683417215
            ]
          ]
        ]
      },
      "properties": {
        "id": "house-194",
        "name": "Casa Duriense Caiada com Beiral",
        "building_type": "Habitação Tradicional Duriense",
        "wall_height": 3.2,
        "height": 3.2,
        "levels": 1,
        "material": "Alvenaria e Xisto com Cantarias de Granito",
        "is_landmark": false,
        "address": "Sanfins do Douro"
      }
    },
    {
      "type": "Feature",
      "id": "house-195",
      "geometry": {
        "type": "Polygon",
        "coordinates": [
          [
            [
              -7.515095282617467,
              41.29178480456357
            ],
            [
              -7.51492765948417,
              41.29178480456357
            ],
            [
              -7.51492765948417,
              41.291908411626785
            ],
            [
              -7.515095282617467,
              41.291908411626785
            ],
            [
              -7.515095282617467,
              41.29178480456357
            ]
          ]
        ]
      },
      "properties": {
        "id": "house-195",
        "name": "Casa Duriense Caiada com Beiral",
        "building_type": "Habitação Tradicional Duriense",
        "wall_height": 6.3,
        "height": 6.3,
        "levels": 2,
        "material": "Alvenaria e Xisto com Cantarias de Granito",
        "is_landmark": false,
        "address": "Sanfins do Douro"
      }
    },
    {
      "type": "Feature",
      "id": "house-196",
      "geometry": {
        "type": "Polygon",
        "coordinates": [
          [
            [
              -7.5286109311469644,
              41.29223464441858
            ],
            [
              -7.528489776833252,
              41.29223464441858
            ],
            [
              -7.528489776833252,
              41.29231515083212
            ],
            [
              -7.5286109311469644,
              41.29231515083212
            ],
            [
              -7.5286109311469644,
              41.29223464441858
            ]
          ]
        ]
      },
      "properties": {
        "id": "house-196",
        "name": "Adega Tradicional do Douro",
        "building_type": "Adega / Lagar de Vinho",
        "wall_height": 6.5,
        "height": 6.5,
        "levels": 2,
        "material": "Alvenaria e Xisto com Cantarias de Granito",
        "is_landmark": false,
        "address": "Sanfins do Douro"
      }
    },
    {
      "type": "Feature",
      "id": "house-197",
      "geometry": {
        "type": "Polygon",
        "coordinates": [
          [
            [
              -7.526987543642355,
              41.29224173441029
            ],
            [
              -7.5268796001659775,
              41.29224173441029
            ],
            [
              -7.5268796001659775,
              41.29235411077335
            ],
            [
              -7.526987543642355,
              41.29235411077335
            ],
            [
              -7.526987543642355,
              41.29224173441029
            ]
          ]
        ]
      },
      "properties": {
        "id": "house-197",
        "name": "Casa Duriense Caiada com Beiral",
        "building_type": "Habitação Tradicional Duriense",
        "wall_height": 6.7,
        "height": 6.7,
        "levels": 2,
        "material": "Alvenaria e Xisto com Cantarias de Granito",
        "is_landmark": false,
        "address": "Sanfins do Douro"
      }
    },
    {
      "type": "Feature",
      "id": "house-198",
      "geometry": {
        "type": "Polygon",
        "coordinates": [
          [
            [
              -7.526562872446316,
              41.29227739672352
            ],
            [
              -7.526385557100852,
              41.29227739672352
            ],
            [
              -7.526385557100852,
              41.29234254282923
            ],
            [
              -7.526562872446316,
              41.29234254282923
            ],
            [
              -7.526562872446316,
              41.29227739672352
            ]
          ]
        ]
      },
      "properties": {
        "id": "house-198",
        "name": "Casa Duriense Caiada com Beiral",
        "building_type": "Habitação Tradicional Duriense",
        "wall_height": 6.7,
        "height": 6.7,
        "levels": 2,
        "material": "Alvenaria e Xisto com Cantarias de Granito",
        "is_landmark": false,
        "address": "Sanfins do Douro"
      }
    },
    {
      "type": "Feature",
      "id": "house-199",
      "geometry": {
        "type": "Polygon",
        "coordinates": [
          [
            [
              -7.525537447376007,
              41.29225636724327
            ],
            [
              -7.525384112936687,
              41.29225636724327
            ],
            [
              -7.525384112936687,
              41.29234860103041
            ],
            [
              -7.525537447376007,
              41.29234860103041
            ],
            [
              -7.525537447376007,
              41.29225636724327
            ]
          ]
        ]
      },
      "properties": {
        "id": "house-199",
        "name": "Casa Duriense Caiada com Beiral",
        "building_type": "Habitação Tradicional Duriense",
        "wall_height": 7,
        "height": 7,
        "levels": 2,
        "material": "Alvenaria e Xisto com Cantarias de Granito",
        "is_landmark": false,
        "address": "Sanfins do Douro"
      }
    },
    {
      "type": "Feature",
      "id": "house-200",
      "geometry": {
        "type": "Polygon",
        "coordinates": [
          [
            [
              -7.5250617171307805,
              41.29219895939721
            ],
            [
              -7.524890242444888,
              41.29219895939721
            ],
            [
              -7.524890242444888,
              41.29232537935248
            ],
            [
              -7.5250617171307805,
              41.29232537935248
            ],
            [
              -7.5250617171307805,
              41.29219895939721
            ]
          ]
        ]
      },
      "properties": {
        "id": "house-200",
        "name": "Adega Tradicional do Douro",
        "building_type": "Adega / Lagar de Vinho",
        "wall_height": 3.5,
        "height": 3.5,
        "levels": 1,
        "material": "Alvenaria e Xisto com Cantarias de Granito",
        "is_landmark": false,
        "address": "Sanfins do Douro"
      }
    },
    {
      "type": "Feature",
      "id": "house-201",
      "geometry": {
        "type": "Polygon",
        "coordinates": [
          [
            [
              -7.524010169241896,
              41.292216925340455
            ],
            [
              -7.523855465148921,
              41.292216925340455
            ],
            [
              -7.523855465148921,
              41.29229875214362
            ],
            [
              -7.524010169241896,
              41.29229875214362
            ],
            [
              -7.524010169241896,
              41.292216925340455
            ]
          ]
        ]
      },
      "properties": {
        "id": "house-201",
        "name": "Casa Duriense Caiada com Beiral",
        "building_type": "Habitação Tradicional Duriense",
        "wall_height": 6.7,
        "height": 6.7,
        "levels": 2,
        "material": "Alvenaria e Xisto com Cantarias de Granito",
        "is_landmark": false,
        "address": "Sanfins do Douro"
      }
    },
    {
      "type": "Feature",
      "id": "house-202",
      "geometry": {
        "type": "Polygon",
        "coordinates": [
          [
            [
              -7.522033061199397,
              41.29218934987839
            ],
            [
              -7.521875520899992,
              41.29218934987839
            ],
            [
              -7.521875520899992,
              41.292290123414254
            ],
            [
              -7.522033061199397,
              41.292290123414254
            ],
            [
              -7.522033061199397,
              41.29218934987839
            ]
          ]
        ]
      },
      "properties": {
        "id": "house-202",
        "name": "Casa Duriense Caiada com Beiral",
        "building_type": "Habitação Tradicional Duriense",
        "wall_height": 6.4,
        "height": 6.4,
        "levels": 2,
        "material": "Alvenaria e Xisto com Cantarias de Granito",
        "is_landmark": false,
        "address": "Sanfins do Douro"
      }
    },
    {
      "type": "Feature",
      "id": "house-203",
      "geometry": {
        "type": "Polygon",
        "coordinates": [
          [
            [
              -7.521136356460126,
              41.29225146274906
            ],
            [
              -7.520974326357063,
              41.29225146274906
            ],
            [
              -7.520974326357063,
              41.29236277789605
            ],
            [
              -7.521136356460126,
              41.29236277789605
            ],
            [
              -7.521136356460126,
              41.29225146274906
            ]
          ]
        ]
      },
      "properties": {
        "id": "house-203",
        "name": "Casa Duriense Caiada com Beiral",
        "building_type": "Habitação Tradicional Duriense",
        "wall_height": 6.8,
        "height": 6.8,
        "levels": 2,
        "material": "Alvenaria e Xisto com Cantarias de Granito",
        "is_landmark": false,
        "address": "Sanfins do Douro"
      }
    },
    {
      "type": "Feature",
      "id": "house-204",
      "geometry": {
        "type": "Polygon",
        "coordinates": [
          [
            [
              -7.519484866125091,
              41.29217704889387
            ],
            [
              -7.519384424622362,
              41.29217704889387
            ],
            [
              -7.519384424622362,
              41.29227292470747
            ],
            [
              -7.519484866125091,
              41.29227292470747
            ],
            [
              -7.519484866125091,
              41.29217704889387
            ]
          ]
        ]
      },
      "properties": {
        "id": "house-204",
        "name": "Casa Duriense Caiada com Beiral",
        "building_type": "Habitação Tradicional Duriense",
        "wall_height": 6.4,
        "height": 6.4,
        "levels": 2,
        "material": "Alvenaria e Xisto com Cantarias de Granito",
        "is_landmark": false,
        "address": "Sanfins do Douro"
      }
    },
    {
      "type": "Feature",
      "id": "house-205",
      "geometry": {
        "type": "Polygon",
        "coordinates": [
          [
            [
              -7.5175950809399,
              41.292181842971445
            ],
            [
              -7.51744557432086,
              41.292181842971445
            ],
            [
              -7.51744557432086,
              41.29225950796348
            ],
            [
              -7.5175950809399,
              41.29225950796348
            ],
            [
              -7.5175950809399,
              41.292181842971445
            ]
          ]
        ]
      },
      "properties": {
        "id": "house-205",
        "name": "Casa Duriense Caiada com Beiral",
        "building_type": "Habitação Tradicional Duriense",
        "wall_height": 3.8,
        "height": 3.8,
        "levels": 1,
        "material": "Alvenaria e Xisto com Cantarias de Granito",
        "is_landmark": false,
        "address": "Sanfins do Douro"
      }
    },
    {
      "type": "Feature",
      "id": "house-206",
      "geometry": {
        "type": "Polygon",
        "coordinates": [
          [
            [
              -7.517042758876889,
              41.29220993083072
            ],
            [
              -7.516906285843411,
              41.29220993083072
            ],
            [
              -7.516906285843411,
              41.29233240152334
            ],
            [
              -7.517042758876889,
              41.29233240152334
            ],
            [
              -7.517042758876889,
              41.29220993083072
            ]
          ]
        ]
      },
      "properties": {
        "id": "house-206",
        "name": "Casa Duriense Caiada com Beiral",
        "building_type": "Habitação Tradicional Duriense",
        "wall_height": 6.2,
        "height": 6.2,
        "levels": 2,
        "material": "Alvenaria e Xisto com Cantarias de Granito",
        "is_landmark": false,
        "address": "Sanfins do Douro"
      }
    },
    {
      "type": "Feature",
      "id": "house-207",
      "geometry": {
        "type": "Polygon",
        "coordinates": [
          [
            [
              -7.516005398474997,
              41.29219348115939
            ],
            [
              -7.515908771032114,
              41.29219348115939
            ],
            [
              -7.515908771032114,
              41.292307844163645
            ],
            [
              -7.516005398474997,
              41.292307844163645
            ],
            [
              -7.516005398474997,
              41.29219348115939
            ]
          ]
        ]
      },
      "properties": {
        "id": "house-207",
        "name": "Casa Duriense Caiada com Beiral",
        "building_type": "Habitação Tradicional Duriense",
        "wall_height": 6.9,
        "height": 6.9,
        "levels": 2,
        "material": "Alvenaria e Xisto com Cantarias de Granito",
        "is_landmark": false,
        "address": "Sanfins do Douro"
      }
    },
    {
      "type": "Feature",
      "id": "house-208",
      "geometry": {
        "type": "Polygon",
        "coordinates": [
          [
            [
              -7.515073510220305,
              41.292244895626666
            ],
            [
              -7.51489495720116,
              41.292244895626666
            ],
            [
              -7.51489495720116,
              41.292316331662136
            ],
            [
              -7.515073510220305,
              41.292316331662136
            ],
            [
              -7.515073510220305,
              41.292244895626666
            ]
          ]
        ]
      },
      "properties": {
        "id": "house-208",
        "name": "Casa Duriense Caiada com Beiral",
        "building_type": "Habitação Tradicional Duriense",
        "wall_height": 6.8,
        "height": 6.8,
        "levels": 2,
        "material": "Alvenaria e Xisto com Cantarias de Granito",
        "is_landmark": false,
        "address": "Sanfins do Douro"
      }
    },
    {
      "type": "Feature",
      "id": "house-209",
      "geometry": {
        "type": "Polygon",
        "coordinates": [
          [
            [
              -7.528572038823881,
              41.29263588955529
            ],
            [
              -7.5284551036988825,
              41.29263588955529
            ],
            [
              -7.5284551036988825,
              41.292756557155364
            ],
            [
              -7.528572038823881,
              41.292756557155364
            ],
            [
              -7.528572038823881,
              41.29263588955529
            ]
          ]
        ]
      },
      "properties": {
        "id": "house-209",
        "name": "Casa Duriense Caiada com Beiral",
        "building_type": "Habitação Tradicional Duriense",
        "wall_height": 6.4,
        "height": 6.4,
        "levels": 2,
        "material": "Alvenaria e Xisto com Cantarias de Granito",
        "is_landmark": false,
        "address": "Sanfins do Douro"
      }
    },
    {
      "type": "Feature",
      "id": "house-210",
      "geometry": {
        "type": "Polygon",
        "coordinates": [
          [
            [
              -7.528049843512283,
              41.29258847503813
            ],
            [
              -7.527891398882536,
              41.29258847503813
            ],
            [
              -7.527891398882536,
              41.2926739277045
            ],
            [
              -7.528049843512283,
              41.2926739277045
            ],
            [
              -7.528049843512283,
              41.29258847503813
            ]
          ]
        ]
      },
      "properties": {
        "id": "house-210",
        "name": "Casa Duriense Caiada com Beiral",
        "building_type": "Habitação Tradicional Duriense",
        "wall_height": 6.6,
        "height": 6.6,
        "levels": 2,
        "material": "Alvenaria e Xisto com Cantarias de Granito",
        "is_landmark": false,
        "address": "Sanfins do Douro"
      }
    },
    {
      "type": "Feature",
      "id": "house-211",
      "geometry": {
        "type": "Polygon",
        "coordinates": [
          [
            [
              -7.527011715662317,
              41.29261222136168
            ],
            [
              -7.526910088279065,
              41.29261222136168
            ],
            [
              -7.526910088279065,
              41.292693072856125
            ],
            [
              -7.527011715662317,
              41.292693072856125
            ],
            [
              -7.527011715662317,
              41.29261222136168
            ]
          ]
        ]
      },
      "properties": {
        "id": "house-211",
        "name": "Casa Duriense Caiada com Beiral",
        "building_type": "Habitação Tradicional Duriense",
        "wall_height": 6.2,
        "height": 6.2,
        "levels": 2,
        "material": "Alvenaria e Xisto com Cantarias de Granito",
        "is_landmark": false,
        "address": "Sanfins do Douro"
      }
    },
    {
      "type": "Feature",
      "id": "house-212",
      "geometry": {
        "type": "Polygon",
        "coordinates": [
          [
            [
              -7.5265303650243105,
              41.292639556371526
            ],
            [
              -7.526425208044541,
              41.292639556371526
            ],
            [
              -7.526425208044541,
              41.29274237176972
            ],
            [
              -7.5265303650243105,
              41.29274237176972
            ],
            [
              -7.5265303650243105,
              41.292639556371526
            ]
          ]
        ]
      },
      "properties": {
        "id": "house-212",
        "name": "Casa Duriense Caiada com Beiral",
        "building_type": "Habitação Tradicional Duriense",
        "wall_height": 6.6,
        "height": 6.6,
        "levels": 2,
        "material": "Alvenaria e Xisto com Cantarias de Granito",
        "is_landmark": false,
        "address": "Sanfins do Douro"
      }
    },
    {
      "type": "Feature",
      "id": "house-213",
      "geometry": {
        "type": "Polygon",
        "coordinates": [
          [
            [
              -7.524640085808817,
              41.292558729351555
            ],
            [
              -7.524472196635062,
              41.292558729351555
            ],
            [
              -7.524472196635062,
              41.29268149349288
            ],
            [
              -7.524640085808817,
              41.29268149349288
            ],
            [
              -7.524640085808817,
              41.292558729351555
            ]
          ]
        ]
      },
      "properties": {
        "id": "house-213",
        "name": "Casa Duriense Caiada com Beiral",
        "building_type": "Habitação Tradicional Duriense",
        "wall_height": 6.6,
        "height": 6.6,
        "levels": 2,
        "material": "Alvenaria e Xisto com Cantarias de Granito",
        "is_landmark": false,
        "address": "Sanfins do Douro"
      }
    },
    {
      "type": "Feature",
      "id": "house-214",
      "geometry": {
        "type": "Polygon",
        "coordinates": [
          [
            [
              -7.523074469810559,
              41.29258566013554
            ],
            [
              -7.5229032515668015,
              41.29258566013554
            ],
            [
              -7.5229032515668015,
              41.29271829492994
            ],
            [
              -7.523074469810559,
              41.29271829492994
            ],
            [
              -7.523074469810559,
              41.29258566013554
            ]
          ]
        ]
      },
      "properties": {
        "id": "house-214",
        "name": "Casa Duriense Caiada com Beiral",
        "building_type": "Habitação Tradicional Duriense",
        "wall_height": 6.4,
        "height": 6.4,
        "levels": 2,
        "material": "Alvenaria e Xisto com Cantarias de Granito",
        "is_landmark": false,
        "address": "Sanfins do Douro"
      }
    },
    {
      "type": "Feature",
      "id": "house-215",
      "geometry": {
        "type": "Polygon",
        "coordinates": [
          [
            [
              -7.521024828921776,
              41.29261173214781
            ],
            [
              -7.520897367619794,
              41.29261173214781
            ],
            [
              -7.520897367619794,
              41.29267901408212
            ],
            [
              -7.521024828921776,
              41.29267901408212
            ],
            [
              -7.521024828921776,
              41.29261173214781
            ]
          ]
        ]
      },
      "properties": {
        "id": "house-215",
        "name": "Adega Tradicional do Douro",
        "building_type": "Adega / Lagar de Vinho",
        "wall_height": 6.7,
        "height": 6.7,
        "levels": 2,
        "material": "Alvenaria e Xisto com Cantarias de Granito",
        "is_landmark": false,
        "address": "Sanfins do Douro"
      }
    },
    {
      "type": "Feature",
      "id": "house-216",
      "geometry": {
        "type": "Polygon",
        "coordinates": [
          [
            [
              -7.519610586194323,
              41.2925470952418
            ],
            [
              -7.519477492088976,
              41.2925470952418
            ],
            [
              -7.519477492088976,
              41.292655022958314
            ],
            [
              -7.519610586194323,
              41.292655022958314
            ],
            [
              -7.519610586194323,
              41.2925470952418
            ]
          ]
        ]
      },
      "properties": {
        "id": "house-216",
        "name": "Casa Duriense Caiada com Beiral",
        "building_type": "Habitação Tradicional Duriense",
        "wall_height": 6.2,
        "height": 6.2,
        "levels": 2,
        "material": "Alvenaria e Xisto com Cantarias de Granito",
        "is_landmark": false,
        "address": "Sanfins do Douro"
      }
    },
    {
      "type": "Feature",
      "id": "house-217",
      "geometry": {
        "type": "Polygon",
        "coordinates": [
          [
            [
              -7.519045729113333,
              41.29258811308468
            ],
            [
              -7.518866555598827,
              41.29258811308468
            ],
            [
              -7.518866555598827,
              41.2926911416884
            ],
            [
              -7.519045729113333,
              41.2926911416884
            ],
            [
              -7.519045729113333,
              41.29258811308468
            ]
          ]
        ]
      },
      "properties": {
        "id": "house-217",
        "name": "Casa Duriense Caiada com Beiral",
        "building_type": "Habitação Tradicional Duriense",
        "wall_height": 6.6,
        "height": 6.6,
        "levels": 2,
        "material": "Alvenaria e Xisto com Cantarias de Granito",
        "is_landmark": false,
        "address": "Sanfins do Douro"
      }
    },
    {
      "type": "Feature",
      "id": "house-218",
      "geometry": {
        "type": "Polygon",
        "coordinates": [
          [
            [
              -7.5180139635974035,
              41.292544139719446
            ],
            [
              -7.517876090568845,
              41.292544139719446
            ],
            [
              -7.517876090568845,
              41.29266212367801
            ],
            [
              -7.5180139635974035,
              41.29266212367801
            ],
            [
              -7.5180139635974035,
              41.292544139719446
            ]
          ]
        ]
      },
      "properties": {
        "id": "house-218",
        "name": "Casa Duriense Caiada com Beiral",
        "building_type": "Habitação Tradicional Duriense",
        "wall_height": 6.6,
        "height": 6.6,
        "levels": 2,
        "material": "Alvenaria e Xisto com Cantarias de Granito",
        "is_landmark": false,
        "address": "Sanfins do Douro"
      }
    },
    {
      "type": "Feature",
      "id": "house-219",
      "geometry": {
        "type": "Polygon",
        "coordinates": [
          [
            [
              -7.517621029290384,
              41.29260785809394
            ],
            [
              -7.517504485409221,
              41.29260785809394
            ],
            [
              -7.517504485409221,
              41.2926753582636
            ],
            [
              -7.517621029290384,
              41.2926753582636
            ],
            [
              -7.517621029290384,
              41.29260785809394
            ]
          ]
        ]
      },
      "properties": {
        "id": "house-219",
        "name": "Casa Duriense Caiada com Beiral",
        "building_type": "Habitação Tradicional Duriense",
        "wall_height": 6.5,
        "height": 6.5,
        "levels": 2,
        "material": "Alvenaria e Xisto com Cantarias de Granito",
        "is_landmark": false,
        "address": "Sanfins do Douro"
      }
    },
    {
      "type": "Feature",
      "id": "house-220",
      "geometry": {
        "type": "Polygon",
        "coordinates": [
          [
            [
              -7.517084033742927,
              41.29264808024391
            ],
            [
              -7.516970286235399,
              41.29264808024391
            ],
            [
              -7.516970286235399,
              41.292741588217595
            ],
            [
              -7.517084033742927,
              41.292741588217595
            ],
            [
              -7.517084033742927,
              41.29264808024391
            ]
          ]
        ]
      },
      "properties": {
        "id": "house-220",
        "name": "Casa Duriense Caiada com Beiral",
        "building_type": "Habitação Tradicional Duriense",
        "wall_height": 6.6,
        "height": 6.6,
        "levels": 2,
        "material": "Alvenaria e Xisto com Cantarias de Granito",
        "is_landmark": false,
        "address": "Sanfins do Douro"
      }
    },
    {
      "type": "Feature",
      "id": "house-221",
      "geometry": {
        "type": "Polygon",
        "coordinates": [
          [
            [
              -7.515003929375205,
              41.29257839522343
            ],
            [
              -7.514863402512128,
              41.29257839522343
            ],
            [
              -7.514863402512128,
              41.292677242587004
            ],
            [
              -7.515003929375205,
              41.292677242587004
            ],
            [
              -7.515003929375205,
              41.29257839522343
            ]
          ]
        ]
      },
      "properties": {
        "id": "house-221",
        "name": "Casa Duriense Caiada com Beiral",
        "building_type": "Habitação Tradicional Duriense",
        "wall_height": 6.6,
        "height": 6.6,
        "levels": 2,
        "material": "Alvenaria e Xisto com Cantarias de Granito",
        "is_landmark": false,
        "address": "Sanfins do Douro"
      }
    },
    {
      "type": "Feature",
      "id": "house-222",
      "geometry": {
        "type": "Polygon",
        "coordinates": [
          [
            [
              -7.514048522150033,
              41.292634783317204
            ],
            [
              -7.51392270150711,
              41.292634783317204
            ],
            [
              -7.51392270150711,
              41.2927145649953
            ],
            [
              -7.514048522150033,
              41.2927145649953
            ],
            [
              -7.514048522150033,
              41.292634783317204
            ]
          ]
        ]
      },
      "properties": {
        "id": "house-222",
        "name": "Casa Duriense Caiada com Beiral",
        "building_type": "Habitação Tradicional Duriense",
        "wall_height": 6.9,
        "height": 6.9,
        "levels": 2,
        "material": "Alvenaria e Xisto com Cantarias de Granito",
        "is_landmark": false,
        "address": "Sanfins do Douro"
      }
    },
    {
      "type": "Feature",
      "id": "house-223",
      "geometry": {
        "type": "Polygon",
        "coordinates": [
          [
            [
              -7.5290156591890245,
              41.29302827389829
            ],
            [
              -7.5288493270008505,
              41.29302827389829
            ],
            [
              -7.5288493270008505,
              41.29310816640975
            ],
            [
              -7.5290156591890245,
              41.29310816640975
            ],
            [
              -7.5290156591890245,
              41.29302827389829
            ]
          ]
        ]
      },
      "properties": {
        "id": "house-223",
        "name": "Adega Tradicional do Douro",
        "building_type": "Adega / Lagar de Vinho",
        "wall_height": 6.6,
        "height": 6.6,
        "levels": 2,
        "material": "Alvenaria e Xisto com Cantarias de Granito",
        "is_landmark": false,
        "address": "Sanfins do Douro"
      }
    },
    {
      "type": "Feature",
      "id": "house-224",
      "geometry": {
        "type": "Polygon",
        "coordinates": [
          [
            [
              -7.526096153133676,
              41.29301917074263
            ],
            [
              -7.525957812059317,
              41.29301917074263
            ],
            [
              -7.525957812059317,
              41.293135226553865
            ],
            [
              -7.526096153133676,
              41.293135226553865
            ],
            [
              -7.526096153133676,
              41.29301917074263
            ]
          ]
        ]
      },
      "properties": {
        "id": "house-224",
        "name": "Adega Tradicional do Douro",
        "building_type": "Adega / Lagar de Vinho",
        "wall_height": 6.5,
        "height": 6.5,
        "levels": 2,
        "material": "Alvenaria e Xisto com Cantarias de Granito",
        "is_landmark": false,
        "address": "Sanfins do Douro"
      }
    },
    {
      "type": "Feature",
      "id": "house-225",
      "geometry": {
        "type": "Polygon",
        "coordinates": [
          [
            [
              -7.5250349707754,
              41.292915886364746
            ],
            [
              -7.524866180712299,
              41.292915886364746
            ],
            [
              -7.524866180712299,
              41.2930348200749
            ],
            [
              -7.5250349707754,
              41.2930348200749
            ],
            [
              -7.5250349707754,
              41.292915886364746
            ]
          ]
        ]
      },
      "properties": {
        "id": "house-225",
        "name": "Casa Duriense Caiada com Beiral",
        "building_type": "Habitação Tradicional Duriense",
        "wall_height": 6.4,
        "height": 6.4,
        "levels": 2,
        "material": "Alvenaria e Xisto com Cantarias de Granito",
        "is_landmark": false,
        "address": "Sanfins do Douro"
      }
    },
    {
      "type": "Feature",
      "id": "house-226",
      "geometry": {
        "type": "Polygon",
        "coordinates": [
          [
            [
              -7.5245398087129605,
              41.29294457300092
            ],
            [
              -7.524393493574822,
              41.29294457300092
            ],
            [
              -7.524393493574822,
              41.293061592650645
            ],
            [
              -7.5245398087129605,
              41.293061592650645
            ],
            [
              -7.5245398087129605,
              41.29294457300092
            ]
          ]
        ]
      },
      "properties": {
        "id": "house-226",
        "name": "Adega Tradicional do Douro",
        "building_type": "Adega / Lagar de Vinho",
        "wall_height": 6.8,
        "height": 6.8,
        "levels": 2,
        "material": "Alvenaria e Xisto com Cantarias de Granito",
        "is_landmark": false,
        "address": "Sanfins do Douro"
      }
    },
    {
      "type": "Feature",
      "id": "house-227",
      "geometry": {
        "type": "Polygon",
        "coordinates": [
          [
            [
              -7.524070283069042,
              41.29301073023672
            ],
            [
              -7.523962310537787,
              41.29301073023672
            ],
            [
              -7.523962310537787,
              41.29308403996668
            ],
            [
              -7.524070283069042,
              41.29308403996668
            ],
            [
              -7.524070283069042,
              41.29301073023672
            ]
          ]
        ]
      },
      "properties": {
        "id": "house-227",
        "name": "Casa Duriense Caiada com Beiral",
        "building_type": "Habitação Tradicional Duriense",
        "wall_height": 6.3,
        "height": 6.3,
        "levels": 2,
        "material": "Alvenaria e Xisto com Cantarias de Granito",
        "is_landmark": false,
        "address": "Sanfins do Douro"
      }
    },
    {
      "type": "Feature",
      "id": "house-228",
      "geometry": {
        "type": "Polygon",
        "coordinates": [
          [
            [
              -7.522559813600892,
              41.292999875963346
            ],
            [
              -7.522442777362769,
              41.292999875963346
            ],
            [
              -7.522442777362769,
              41.293077022600386
            ],
            [
              -7.522559813600892,
              41.293077022600386
            ],
            [
              -7.522559813600892,
              41.292999875963346
            ]
          ]
        ]
      },
      "properties": {
        "id": "house-228",
        "name": "Casa Duriense Caiada com Beiral",
        "building_type": "Habitação Tradicional Duriense",
        "wall_height": 3.4,
        "height": 3.4,
        "levels": 1,
        "material": "Alvenaria e Xisto com Cantarias de Granito",
        "is_landmark": false,
        "address": "Sanfins do Douro"
      }
    },
    {
      "type": "Feature",
      "id": "house-229",
      "geometry": {
        "type": "Polygon",
        "coordinates": [
          [
            [
              -7.5210800670230284,
              41.29295658314108
            ],
            [
              -7.520922735865453,
              41.29295658314108
            ],
            [
              -7.520922735865453,
              41.293021372584604
            ],
            [
              -7.5210800670230284,
              41.293021372584604
            ],
            [
              -7.5210800670230284,
              41.29295658314108
            ]
          ]
        ]
      },
      "properties": {
        "id": "house-229",
        "name": "Casa Duriense Caiada com Beiral",
        "building_type": "Habitação Tradicional Duriense",
        "wall_height": 6.6,
        "height": 6.6,
        "levels": 2,
        "material": "Alvenaria e Xisto com Cantarias de Granito",
        "is_landmark": false,
        "address": "Sanfins do Douro"
      }
    },
    {
      "type": "Feature",
      "id": "house-230",
      "geometry": {
        "type": "Polygon",
        "coordinates": [
          [
            [
              -7.520627970597671,
              41.2928999875809
            ],
            [
              -7.520458540120183,
              41.2928999875809
            ],
            [
              -7.520458540120183,
              41.293028113184384
            ],
            [
              -7.520627970597671,
              41.293028113184384
            ],
            [
              -7.520627970597671,
              41.2928999875809
            ]
          ]
        ]
      },
      "properties": {
        "id": "house-230",
        "name": "Casa Duriense Caiada com Beiral",
        "building_type": "Habitação Tradicional Duriense",
        "wall_height": 6.5,
        "height": 6.5,
        "levels": 2,
        "material": "Alvenaria e Xisto com Cantarias de Granito",
        "is_landmark": false,
        "address": "Sanfins do Douro"
      }
    },
    {
      "type": "Feature",
      "id": "house-231",
      "geometry": {
        "type": "Polygon",
        "coordinates": [
          [
            [
              -7.519605089628995,
              41.293015392273084
            ],
            [
              -7.519442600518041,
              41.293015392273084
            ],
            [
              -7.519442600518041,
              41.293133885828716
            ],
            [
              -7.519605089628995,
              41.293133885828716
            ],
            [
              -7.519605089628995,
              41.293015392273084
            ]
          ]
        ]
      },
      "properties": {
        "id": "house-231",
        "name": "Casa Duriense Caiada com Beiral",
        "building_type": "Habitação Tradicional Duriense",
        "wall_height": 6.7,
        "height": 6.7,
        "levels": 2,
        "material": "Alvenaria e Xisto com Cantarias de Granito",
        "is_landmark": false,
        "address": "Sanfins do Douro"
      }
    },
    {
      "type": "Feature",
      "id": "house-232",
      "geometry": {
        "type": "Polygon",
        "coordinates": [
          [
            [
              -7.518075953787419,
              41.2929984927252
            ],
            [
              -7.517959402274108,
              41.2929984927252
            ],
            [
              -7.517959402274108,
              41.29310748764991
            ],
            [
              -7.518075953787419,
              41.29310748764991
            ],
            [
              -7.518075953787419,
              41.2929984927252
            ]
          ]
        ]
      },
      "properties": {
        "id": "house-232",
        "name": "Casa Duriense Caiada com Beiral",
        "building_type": "Habitação Tradicional Duriense",
        "wall_height": 6.6,
        "height": 6.6,
        "levels": 2,
        "material": "Alvenaria e Xisto com Cantarias de Granito",
        "is_landmark": false,
        "address": "Sanfins do Douro"
      }
    },
    {
      "type": "Feature",
      "id": "house-233",
      "geometry": {
        "type": "Polygon",
        "coordinates": [
          [
            [
              -7.517524252166551,
              41.29298306390652
            ],
            [
              -7.517411454204439,
              41.29298306390652
            ],
            [
              -7.517411454204439,
              41.293083975262206
            ],
            [
              -7.517524252166551,
              41.293083975262206
            ],
            [
              -7.517524252166551,
              41.29298306390652
            ]
          ]
        ]
      },
      "properties": {
        "id": "house-233",
        "name": "Casa Duriense Caiada com Beiral",
        "building_type": "Habitação Tradicional Duriense",
        "wall_height": 3.3,
        "height": 3.3,
        "levels": 1,
        "material": "Alvenaria e Xisto com Cantarias de Granito",
        "is_landmark": false,
        "address": "Sanfins do Douro"
      }
    },
    {
      "type": "Feature",
      "id": "house-234",
      "geometry": {
        "type": "Polygon",
        "coordinates": [
          [
            [
              -7.515594208601774,
              41.29301722857951
            ],
            [
              -7.515476266247159,
              41.29301722857951
            ],
            [
              -7.515476266247159,
              41.29309587008684
            ],
            [
              -7.515594208601774,
              41.29309587008684
            ],
            [
              -7.515594208601774,
              41.29301722857951
            ]
          ]
        ]
      },
      "properties": {
        "id": "house-234",
        "name": "Adega Tradicional do Douro",
        "building_type": "Adega / Lagar de Vinho",
        "wall_height": 6.4,
        "height": 6.4,
        "levels": 2,
        "material": "Alvenaria e Xisto com Cantarias de Granito",
        "is_landmark": false,
        "address": "Sanfins do Douro"
      }
    },
    {
      "type": "Feature",
      "id": "house-235",
      "geometry": {
        "type": "Polygon",
        "coordinates": [
          [
            [
              -7.515079648774062,
              41.29296410209886
            ],
            [
              -7.514981736213159,
              41.29296410209886
            ],
            [
              -7.514981736213159,
              41.29308942897389
            ],
            [
              -7.515079648774062,
              41.29308942897389
            ],
            [
              -7.515079648774062,
              41.29296410209886
            ]
          ]
        ]
      },
      "properties": {
        "id": "house-235",
        "name": "Casa Duriense Caiada com Beiral",
        "building_type": "Habitação Tradicional Duriense",
        "wall_height": 6.7,
        "height": 6.7,
        "levels": 2,
        "material": "Alvenaria e Xisto com Cantarias de Granito",
        "is_landmark": false,
        "address": "Sanfins do Douro"
      }
    },
    {
      "type": "Feature",
      "id": "house-236",
      "geometry": {
        "type": "Polygon",
        "coordinates": [
          [
            [
              -7.514566873054763,
              41.292971667951846
            ],
            [
              -7.514402427990618,
              41.292971667951846
            ],
            [
              -7.514402427990618,
              41.293059730659564
            ],
            [
              -7.514566873054763,
              41.293059730659564
            ],
            [
              -7.514566873054763,
              41.292971667951846
            ]
          ]
        ]
      },
      "properties": {
        "id": "house-236",
        "name": "Casa Duriense Caiada com Beiral",
        "building_type": "Habitação Tradicional Duriense",
        "wall_height": 6.7,
        "height": 6.7,
        "levels": 2,
        "material": "Alvenaria e Xisto com Cantarias de Granito",
        "is_landmark": false,
        "address": "Sanfins do Douro"
      }
    },
    {
      "type": "Feature",
      "id": "house-237",
      "geometry": {
        "type": "Polygon",
        "coordinates": [
          [
            [
              -7.529007401873873,
              41.29333191339812
            ],
            [
              -7.528875880347547,
              41.29333191339812
            ],
            [
              -7.528875880347547,
              41.293461844593935
            ],
            [
              -7.529007401873873,
              41.293461844593935
            ],
            [
              -7.529007401873873,
              41.29333191339812
            ]
          ]
        ]
      },
      "properties": {
        "id": "house-237",
        "name": "Casa Duriense Caiada com Beiral",
        "building_type": "Habitação Tradicional Duriense",
        "wall_height": 6.7,
        "height": 6.7,
        "levels": 2,
        "material": "Alvenaria e Xisto com Cantarias de Granito",
        "is_landmark": false,
        "address": "Sanfins do Douro"
      }
    },
    {
      "type": "Feature",
      "id": "house-238",
      "geometry": {
        "type": "Polygon",
        "coordinates": [
          [
            [
              -7.5280234250977545,
              41.293350391759354
            ],
            [
              -7.52788389100606,
              41.293350391759354
            ],
            [
              -7.52788389100606,
              41.293444889313086
            ],
            [
              -7.5280234250977545,
              41.293444889313086
            ],
            [
              -7.5280234250977545,
              41.293350391759354
            ]
          ]
        ]
      },
      "properties": {
        "id": "house-238",
        "name": "Casa Duriense Caiada com Beiral",
        "building_type": "Habitação Tradicional Duriense",
        "wall_height": 6.3,
        "height": 6.3,
        "levels": 2,
        "material": "Alvenaria e Xisto com Cantarias de Granito",
        "is_landmark": false,
        "address": "Sanfins do Douro"
      }
    },
    {
      "type": "Feature",
      "id": "house-239",
      "geometry": {
        "type": "Polygon",
        "coordinates": [
          [
            [
              -7.526535064346462,
              41.29336701003623
            ],
            [
              -7.526409606707436,
              41.29336701003623
            ],
            [
              -7.526409606707436,
              41.2934833210299
            ],
            [
              -7.526535064346462,
              41.2934833210299
            ],
            [
              -7.526535064346462,
              41.29336701003623
            ]
          ]
        ]
      },
      "properties": {
        "id": "house-239",
        "name": "Casa Duriense Caiada com Beiral",
        "building_type": "Habitação Tradicional Duriense",
        "wall_height": 6.9,
        "height": 6.9,
        "levels": 2,
        "material": "Alvenaria e Xisto com Cantarias de Granito",
        "is_landmark": false,
        "address": "Sanfins do Douro"
      }
    },
    {
      "type": "Feature",
      "id": "house-240",
      "geometry": {
        "type": "Polygon",
        "coordinates": [
          [
            [
              -7.525529164672894,
              41.29328904482436
            ],
            [
              -7.525416999290758,
              41.29328904482436
            ],
            [
              -7.525416999290758,
              41.293402338722785
            ],
            [
              -7.525529164672894,
              41.293402338722785
            ],
            [
              -7.525529164672894,
              41.29328904482436
            ]
          ]
        ]
      },
      "properties": {
        "id": "house-240",
        "name": "Casa Duriense Caiada com Beiral",
        "building_type": "Habitação Tradicional Duriense",
        "wall_height": 6.3,
        "height": 6.3,
        "levels": 2,
        "material": "Alvenaria e Xisto com Cantarias de Granito",
        "is_landmark": false,
        "address": "Sanfins do Douro"
      }
    },
    {
      "type": "Feature",
      "id": "house-241",
      "geometry": {
        "type": "Polygon",
        "coordinates": [
          [
            [
              -7.524528510065381,
              41.29340487354179
            ],
            [
              -7.524411470353482,
              41.29340487354179
            ],
            [
              -7.524411470353482,
              41.293486505234796
            ],
            [
              -7.524528510065381,
              41.293486505234796
            ],
            [
              -7.524528510065381,
              41.29340487354179
            ]
          ]
        ]
      },
      "properties": {
        "id": "house-241",
        "name": "Casa Duriense Caiada com Beiral",
        "building_type": "Habitação Tradicional Duriense",
        "wall_height": 3.4,
        "height": 3.4,
        "levels": 1,
        "material": "Alvenaria e Xisto com Cantarias de Granito",
        "is_landmark": false,
        "address": "Sanfins do Douro"
      }
    },
    {
      "type": "Feature",
      "id": "house-242",
      "geometry": {
        "type": "Polygon",
        "coordinates": [
          [
            [
              -7.523079406252444,
              41.29332598361266
            ],
            [
              -7.522967776157934,
              41.29332598361266
            ],
            [
              -7.522967776157934,
              41.29341559088704
            ],
            [
              -7.523079406252444,
              41.29341559088704
            ],
            [
              -7.523079406252444,
              41.29332598361266
            ]
          ]
        ]
      },
      "properties": {
        "id": "house-242",
        "name": "Casa Duriense Caiada com Beiral",
        "building_type": "Habitação Tradicional Duriense",
        "wall_height": 6.4,
        "height": 6.4,
        "levels": 2,
        "material": "Alvenaria e Xisto com Cantarias de Granito",
        "is_landmark": false,
        "address": "Sanfins do Douro"
      }
    },
    {
      "type": "Feature",
      "id": "house-243",
      "geometry": {
        "type": "Polygon",
        "coordinates": [
          [
            [
              -7.521033333826548,
              41.29334076288395
            ],
            [
              -7.520868073367499,
              41.29334076288395
            ],
            [
              -7.520868073367499,
              41.29342768548117
            ],
            [
              -7.521033333826548,
              41.29342768548117
            ],
            [
              -7.521033333826548,
              41.29334076288395
            ]
          ]
        ]
      },
      "properties": {
        "id": "house-243",
        "name": "Casa Duriense Caiada com Beiral",
        "building_type": "Habitação Tradicional Duriense",
        "wall_height": 6.7,
        "height": 6.7,
        "levels": 2,
        "material": "Alvenaria e Xisto com Cantarias de Granito",
        "is_landmark": false,
        "address": "Sanfins do Douro"
      }
    },
    {
      "type": "Feature",
      "id": "house-244",
      "geometry": {
        "type": "Polygon",
        "coordinates": [
          [
            [
              -7.520537750984841,
              41.29328371512541
            ],
            [
              -7.520398073495312,
              41.29328371512541
            ],
            [
              -7.520398073495312,
              41.29339948722247
            ],
            [
              -7.520537750984841,
              41.29339948722247
            ],
            [
              -7.520537750984841,
              41.29328371512541
            ]
          ]
        ]
      },
      "properties": {
        "id": "house-244",
        "name": "Casa Duriense Caiada com Beiral",
        "building_type": "Habitação Tradicional Duriense",
        "wall_height": 6.4,
        "height": 6.4,
        "levels": 2,
        "material": "Alvenaria e Xisto com Cantarias de Granito",
        "is_landmark": false,
        "address": "Sanfins do Douro"
      }
    },
    {
      "type": "Feature",
      "id": "house-245",
      "geometry": {
        "type": "Polygon",
        "coordinates": [
          [
            [
              -7.519515553831116,
              41.29334533716614
            ],
            [
              -7.519406365228418,
              41.29334533716614
            ],
            [
              -7.519406365228418,
              41.29346859346462
            ],
            [
              -7.519515553831116,
              41.29346859346462
            ],
            [
              -7.519515553831116,
              41.29334533716614
            ]
          ]
        ]
      },
      "properties": {
        "id": "house-245",
        "name": "Adega Tradicional do Douro",
        "building_type": "Adega / Lagar de Vinho",
        "wall_height": 6.2,
        "height": 6.2,
        "levels": 2,
        "material": "Alvenaria e Xisto com Cantarias de Granito",
        "is_landmark": false,
        "address": "Sanfins do Douro"
      }
    },
    {
      "type": "Feature",
      "id": "house-246",
      "geometry": {
        "type": "Polygon",
        "coordinates": [
          [
            [
              -7.5171026121775775,
              41.293353172391676
            ],
            [
              -7.516958343014748,
              41.293353172391676
            ],
            [
              -7.516958343014748,
              41.29343233663786
            ],
            [
              -7.5171026121775775,
              41.29343233663786
            ],
            [
              -7.5171026121775775,
              41.293353172391676
            ]
          ]
        ]
      },
      "properties": {
        "id": "house-246",
        "name": "Casa Duriense Caiada com Beiral",
        "building_type": "Habitação Tradicional Duriense",
        "wall_height": 6.5,
        "height": 6.5,
        "levels": 2,
        "material": "Alvenaria e Xisto com Cantarias de Granito",
        "is_landmark": false,
        "address": "Sanfins do Douro"
      }
    },
    {
      "type": "Feature",
      "id": "house-247",
      "geometry": {
        "type": "Polygon",
        "coordinates": [
          [
            [
              -7.51654212644319,
              41.293408891066065
            ],
            [
              -7.516433016965492,
              41.293408891066065
            ],
            [
              -7.516433016965492,
              41.29350154574833
            ],
            [
              -7.51654212644319,
              41.29350154574833
            ],
            [
              -7.51654212644319,
              41.293408891066065
            ]
          ]
        ]
      },
      "properties": {
        "id": "house-247",
        "name": "Casa Duriense Caiada com Beiral",
        "building_type": "Habitação Tradicional Duriense",
        "wall_height": 7,
        "height": 7,
        "levels": 2,
        "material": "Alvenaria e Xisto com Cantarias de Granito",
        "is_landmark": false,
        "address": "Sanfins do Douro"
      }
    },
    {
      "type": "Feature",
      "id": "house-248",
      "geometry": {
        "type": "Polygon",
        "coordinates": [
          [
            [
              -7.5156093626016895,
              41.29337696473993
            ],
            [
              -7.51546981127846,
              41.29337696473993
            ],
            [
              -7.51546981127846,
              41.29346731586897
            ],
            [
              -7.5156093626016895,
              41.29346731586897
            ],
            [
              -7.5156093626016895,
              41.29337696473993
            ]
          ]
        ]
      },
      "properties": {
        "id": "house-248",
        "name": "Casa Duriense Caiada com Beiral",
        "building_type": "Habitação Tradicional Duriense",
        "wall_height": 6.2,
        "height": 6.2,
        "levels": 2,
        "material": "Alvenaria e Xisto com Cantarias de Granito",
        "is_landmark": false,
        "address": "Sanfins do Douro"
      }
    },
    {
      "type": "Feature",
      "id": "house-249",
      "geometry": {
        "type": "Polygon",
        "coordinates": [
          [
            [
              -7.526515524939991,
              41.293714943757905
            ],
            [
              -7.526358393981256,
              41.293714943757905
            ],
            [
              -7.526358393981256,
              41.2938433604176
            ],
            [
              -7.526515524939991,
              41.2938433604176
            ],
            [
              -7.526515524939991,
              41.293714943757905
            ]
          ]
        ]
      },
      "properties": {
        "id": "house-249",
        "name": "Casa Duriense Caiada com Beiral",
        "building_type": "Habitação Tradicional Duriense",
        "wall_height": 6.6,
        "height": 6.6,
        "levels": 2,
        "material": "Alvenaria e Xisto com Cantarias de Granito",
        "is_landmark": false,
        "address": "Sanfins do Douro"
      }
    },
    {
      "type": "Feature",
      "id": "house-250",
      "geometry": {
        "type": "Polygon",
        "coordinates": [
          [
            [
              -7.524604439126697,
              41.2937248759114
            ],
            [
              -7.524477750641261,
              41.2937248759114
            ],
            [
              -7.524477750641261,
              41.29383667899851
            ],
            [
              -7.524604439126697,
              41.29383667899851
            ],
            [
              -7.524604439126697,
              41.2937248759114
            ]
          ]
        ]
      },
      "properties": {
        "id": "house-250",
        "name": "Casa Duriense Caiada com Beiral",
        "building_type": "Habitação Tradicional Duriense",
        "wall_height": 3.3,
        "height": 3.3,
        "levels": 1,
        "material": "Alvenaria e Xisto com Cantarias de Granito",
        "is_landmark": false,
        "address": "Sanfins do Douro"
      }
    },
    {
      "type": "Feature",
      "id": "house-251",
      "geometry": {
        "type": "Polygon",
        "coordinates": [
          [
            [
              -7.524079257130755,
              41.29378097642689
            ],
            [
              -7.523957543489879,
              41.29378097642689
            ],
            [
              -7.523957543489879,
              41.29387388320764
            ],
            [
              -7.524079257130755,
              41.29387388320764
            ],
            [
              -7.524079257130755,
              41.29378097642689
            ]
          ]
        ]
      },
      "properties": {
        "id": "house-251",
        "name": "Casa Duriense Caiada com Beiral",
        "building_type": "Habitação Tradicional Duriense",
        "wall_height": 3.6,
        "height": 3.6,
        "levels": 1,
        "material": "Alvenaria e Xisto com Cantarias de Granito",
        "is_landmark": false,
        "address": "Sanfins do Douro"
      }
    },
    {
      "type": "Feature",
      "id": "house-252",
      "geometry": {
        "type": "Polygon",
        "coordinates": [
          [
            [
              -7.523042721227402,
              41.29371965761263
            ],
            [
              -7.522918044048836,
              41.29371965761263
            ],
            [
              -7.522918044048836,
              41.293844667142196
            ],
            [
              -7.523042721227402,
              41.293844667142196
            ],
            [
              -7.523042721227402,
              41.29371965761263
            ]
          ]
        ]
      },
      "properties": {
        "id": "house-252",
        "name": "Casa Duriense Caiada com Beiral",
        "building_type": "Habitação Tradicional Duriense",
        "wall_height": 6.4,
        "height": 6.4,
        "levels": 2,
        "material": "Alvenaria e Xisto com Cantarias de Granito",
        "is_landmark": false,
        "address": "Sanfins do Douro"
      }
    },
    {
      "type": "Feature",
      "id": "house-253",
      "geometry": {
        "type": "Polygon",
        "coordinates": [
          [
            [
              -7.522595129123314,
              41.29375386785961
            ],
            [
              -7.522493548888601,
              41.29375386785961
            ],
            [
              -7.522493548888601,
              41.29382404073843
            ],
            [
              -7.522595129123314,
              41.29382404073843
            ],
            [
              -7.522595129123314,
              41.29375386785961
            ]
          ]
        ]
      },
      "properties": {
        "id": "house-253",
        "name": "Casa Duriense Caiada com Beiral",
        "building_type": "Habitação Tradicional Duriense",
        "wall_height": 6.3,
        "height": 6.3,
        "levels": 2,
        "material": "Alvenaria e Xisto com Cantarias de Granito",
        "is_landmark": false,
        "address": "Sanfins do Douro"
      }
    },
    {
      "type": "Feature",
      "id": "house-254",
      "geometry": {
        "type": "Polygon",
        "coordinates": [
          [
            [
              -7.522120648297349,
              41.293758982009464
            ],
            [
              -7.521997705153071,
              41.293758982009464
            ],
            [
              -7.521997705153071,
              41.293830487112444
            ],
            [
              -7.522120648297349,
              41.293830487112444
            ],
            [
              -7.522120648297349,
              41.293758982009464
            ]
          ]
        ]
      },
      "properties": {
        "id": "house-254",
        "name": "Casa Duriense Caiada com Beiral",
        "building_type": "Habitação Tradicional Duriense",
        "wall_height": 7,
        "height": 7,
        "levels": 2,
        "material": "Alvenaria e Xisto com Cantarias de Granito",
        "is_landmark": false,
        "address": "Sanfins do Douro"
      }
    },
    {
      "type": "Feature",
      "id": "house-255",
      "geometry": {
        "type": "Polygon",
        "coordinates": [
          [
            [
              -7.521545153734712,
              41.29370615436719
            ],
            [
              -7.52144276975852,
              41.29370615436719
            ],
            [
              -7.52144276975852,
              41.29382279655582
            ],
            [
              -7.521545153734712,
              41.29382279655582
            ],
            [
              -7.521545153734712,
              41.29370615436719
            ]
          ]
        ]
      },
      "properties": {
        "id": "house-255",
        "name": "Casa Duriense Caiada com Beiral",
        "building_type": "Habitação Tradicional Duriense",
        "wall_height": 3.5,
        "height": 3.5,
        "levels": 1,
        "material": "Alvenaria e Xisto com Cantarias de Granito",
        "is_landmark": false,
        "address": "Sanfins do Douro"
      }
    },
    {
      "type": "Feature",
      "id": "house-256",
      "geometry": {
        "type": "Polygon",
        "coordinates": [
          [
            [
              -7.519995640690408,
              41.29371683316976
            ],
            [
              -7.519890121833181,
              41.29371683316976
            ],
            [
              -7.519890121833181,
              41.29385096072702
            ],
            [
              -7.519995640690408,
              41.29385096072702
            ],
            [
              -7.519995640690408,
              41.29371683316976
            ]
          ]
        ]
      },
      "properties": {
        "id": "house-256",
        "name": "Casa Duriense Caiada com Beiral",
        "building_type": "Habitação Tradicional Duriense",
        "wall_height": 6.7,
        "height": 6.7,
        "levels": 2,
        "material": "Alvenaria e Xisto com Cantarias de Granito",
        "is_landmark": false,
        "address": "Sanfins do Douro"
      }
    },
    {
      "type": "Feature",
      "id": "house-257",
      "geometry": {
        "type": "Polygon",
        "coordinates": [
          [
            [
              -7.516009382266433,
              41.29374168478225
            ],
            [
              -7.515901192206127,
              41.29374168478225
            ],
            [
              -7.515901192206127,
              41.293829762520474
            ],
            [
              -7.516009382266433,
              41.293829762520474
            ],
            [
              -7.516009382266433,
              41.29374168478225
            ]
          ]
        ]
      },
      "properties": {
        "id": "house-257",
        "name": "Adega Tradicional do Douro",
        "building_type": "Adega / Lagar de Vinho",
        "wall_height": 3.8,
        "height": 3.8,
        "levels": 1,
        "material": "Alvenaria e Xisto com Cantarias de Granito",
        "is_landmark": false,
        "address": "Sanfins do Douro"
      }
    },
    {
      "type": "Feature",
      "id": "house-258",
      "geometry": {
        "type": "Polygon",
        "coordinates": [
          [
            [
              -7.5276129562601275,
              41.29412326277372
            ],
            [
              -7.52750547816695,
              41.29412326277372
            ],
            [
              -7.52750547816695,
              41.29421036961937
            ],
            [
              -7.5276129562601275,
              41.29421036961937
            ],
            [
              -7.5276129562601275,
              41.29412326277372
            ]
          ]
        ]
      },
      "properties": {
        "id": "house-258",
        "name": "Casa Duriense Caiada com Beiral",
        "building_type": "Habitação Tradicional Duriense",
        "wall_height": 6.7,
        "height": 6.7,
        "levels": 2,
        "material": "Alvenaria e Xisto com Cantarias de Granito",
        "is_landmark": false,
        "address": "Sanfins do Douro"
      }
    },
    {
      "type": "Feature",
      "id": "house-259",
      "geometry": {
        "type": "Polygon",
        "coordinates": [
          [
            [
              -7.526607152903244,
              41.29407476371465
            ],
            [
              -7.5264331008458925,
              41.29407476371465
            ],
            [
              -7.5264331008458925,
              41.294197174930346
            ],
            [
              -7.526607152903244,
              41.294197174930346
            ],
            [
              -7.526607152903244,
              41.29407476371465
            ]
          ]
        ]
      },
      "properties": {
        "id": "house-259",
        "name": "Casa Duriense Caiada com Beiral",
        "building_type": "Habitação Tradicional Duriense",
        "wall_height": 6.4,
        "height": 6.4,
        "levels": 2,
        "material": "Alvenaria e Xisto com Cantarias de Granito",
        "is_landmark": false,
        "address": "Sanfins do Douro"
      }
    },
    {
      "type": "Feature",
      "id": "house-260",
      "geometry": {
        "type": "Polygon",
        "coordinates": [
          [
            [
              -7.525495184752544,
              41.29411140570659
            ],
            [
              -7.525377459122269,
              41.29411140570659
            ],
            [
              -7.525377459122269,
              41.294221768946116
            ],
            [
              -7.525495184752544,
              41.294221768946116
            ],
            [
              -7.525495184752544,
              41.29411140570659
            ]
          ]
        ]
      },
      "properties": {
        "id": "house-260",
        "name": "Casa Duriense Caiada com Beiral",
        "building_type": "Habitação Tradicional Duriense",
        "wall_height": 3.4,
        "height": 3.4,
        "levels": 1,
        "material": "Alvenaria e Xisto com Cantarias de Granito",
        "is_landmark": false,
        "address": "Sanfins do Douro"
      }
    },
    {
      "type": "Feature",
      "id": "house-261",
      "geometry": {
        "type": "Polygon",
        "coordinates": [
          [
            [
              -7.524555751033893,
              41.29405969346804
            ],
            [
              -7.524385193813441,
              41.29405969346804
            ],
            [
              -7.524385193813441,
              41.29416453480991
            ],
            [
              -7.524555751033893,
              41.29416453480991
            ],
            [
              -7.524555751033893,
              41.29405969346804
            ]
          ]
        ]
      },
      "properties": {
        "id": "house-261",
        "name": "Casa Duriense Caiada com Beiral",
        "building_type": "Habitação Tradicional Duriense",
        "wall_height": 6.6,
        "height": 6.6,
        "levels": 2,
        "material": "Alvenaria e Xisto com Cantarias de Granito",
        "is_landmark": false,
        "address": "Sanfins do Douro"
      }
    },
    {
      "type": "Feature",
      "id": "house-262",
      "geometry": {
        "type": "Polygon",
        "coordinates": [
          [
            [
              -7.523539398559995,
              41.294068538977484
            ],
            [
              -7.523422030378152,
              41.294068538977484
            ],
            [
              -7.523422030378152,
              41.29418676450791
            ],
            [
              -7.523539398559995,
              41.29418676450791
            ],
            [
              -7.523539398559995,
              41.294068538977484
            ]
          ]
        ]
      },
      "properties": {
        "id": "house-262",
        "name": "Casa Duriense Caiada com Beiral",
        "building_type": "Habitação Tradicional Duriense",
        "wall_height": 6.2,
        "height": 6.2,
        "levels": 2,
        "material": "Alvenaria e Xisto com Cantarias de Granito",
        "is_landmark": false,
        "address": "Sanfins do Douro"
      }
    },
    {
      "type": "Feature",
      "id": "house-263",
      "geometry": {
        "type": "Polygon",
        "coordinates": [
          [
            [
              -7.522616779433497,
              41.294072781124385
            ],
            [
              -7.522469092653967,
              41.294072781124385
            ],
            [
              -7.522469092653967,
              41.29414181220184
            ],
            [
              -7.522616779433497,
              41.29414181220184
            ],
            [
              -7.522616779433497,
              41.294072781124385
            ]
          ]
        ]
      },
      "properties": {
        "id": "house-263",
        "name": "Adega Tradicional do Douro",
        "building_type": "Adega / Lagar de Vinho",
        "wall_height": 3.8,
        "height": 3.8,
        "levels": 1,
        "material": "Alvenaria e Xisto com Cantarias de Granito",
        "is_landmark": false,
        "address": "Sanfins do Douro"
      }
    },
    {
      "type": "Feature",
      "id": "house-264",
      "geometry": {
        "type": "Polygon",
        "coordinates": [
          [
            [
              -7.521510690821482,
              41.2941556228314
            ],
            [
              -7.521353804033988,
              41.2941556228314
            ],
            [
              -7.521353804033988,
              41.29427643930708
            ],
            [
              -7.521510690821482,
              41.29427643930708
            ],
            [
              -7.521510690821482,
              41.2941556228314
            ]
          ]
        ]
      },
      "properties": {
        "id": "house-264",
        "name": "Casa Duriense Caiada com Beiral",
        "building_type": "Habitação Tradicional Duriense",
        "wall_height": 6.5,
        "height": 6.5,
        "levels": 2,
        "material": "Alvenaria e Xisto com Cantarias de Granito",
        "is_landmark": false,
        "address": "Sanfins do Douro"
      }
    },
    {
      "type": "Feature",
      "id": "house-265",
      "geometry": {
        "type": "Polygon",
        "coordinates": [
          [
            [
              -7.520552698420714,
              41.29408576337376
            ],
            [
              -7.520374427056037,
              41.29408576337376
            ],
            [
              -7.520374427056037,
              41.294154438768615
            ],
            [
              -7.520552698420714,
              41.294154438768615
            ],
            [
              -7.520552698420714,
              41.29408576337376
            ]
          ]
        ]
      },
      "properties": {
        "id": "house-265",
        "name": "Casa Duriense Caiada com Beiral",
        "building_type": "Habitação Tradicional Duriense",
        "wall_height": 3.7,
        "height": 3.7,
        "levels": 1,
        "material": "Alvenaria e Xisto com Cantarias de Granito",
        "is_landmark": false,
        "address": "Sanfins do Douro"
      }
    },
    {
      "type": "Feature",
      "id": "house-266",
      "geometry": {
        "type": "Polygon",
        "coordinates": [
          [
            [
              -7.519583249147322,
              41.294078165827884
            ],
            [
              -7.5194418688817315,
              41.294078165827884
            ],
            [
              -7.5194418688817315,
              41.294206074706636
            ],
            [
              -7.519583249147322,
              41.294206074706636
            ],
            [
              -7.519583249147322,
              41.294078165827884
            ]
          ]
        ]
      },
      "properties": {
        "id": "house-266",
        "name": "Casa Duriense Caiada com Beiral",
        "building_type": "Habitação Tradicional Duriense",
        "wall_height": 6.4,
        "height": 6.4,
        "levels": 2,
        "material": "Alvenaria e Xisto com Cantarias de Granito",
        "is_landmark": false,
        "address": "Sanfins do Douro"
      }
    },
    {
      "type": "Feature",
      "id": "house-267",
      "geometry": {
        "type": "Polygon",
        "coordinates": [
          [
            [
              -7.515104662295471,
              41.2940663959808
            ],
            [
              -7.515000951658001,
              41.2940663959808
            ],
            [
              -7.515000951658001,
              41.294135723413596
            ],
            [
              -7.515104662295471,
              41.294135723413596
            ],
            [
              -7.515104662295471,
              41.2940663959808
            ]
          ]
        ]
      },
      "properties": {
        "id": "house-267",
        "name": "Casa Duriense Caiada com Beiral",
        "building_type": "Habitação Tradicional Duriense",
        "wall_height": 6.9,
        "height": 6.9,
        "levels": 2,
        "material": "Alvenaria e Xisto com Cantarias de Granito",
        "is_landmark": false,
        "address": "Sanfins do Douro"
      }
    },
    {
      "type": "Feature",
      "id": "house-268",
      "geometry": {
        "type": "Polygon",
        "coordinates": [
          [
            [
              -7.527521006874196,
              41.294433494110194
            ],
            [
              -7.527407572035859,
              41.294433494110194
            ],
            [
              -7.527407572035859,
              41.29452890922127
            ],
            [
              -7.527521006874196,
              41.29452890922127
            ],
            [
              -7.527521006874196,
              41.294433494110194
            ]
          ]
        ]
      },
      "properties": {
        "id": "house-268",
        "name": "Casa Duriense Caiada com Beiral",
        "building_type": "Habitação Tradicional Duriense",
        "wall_height": 7,
        "height": 7,
        "levels": 2,
        "material": "Alvenaria e Xisto com Cantarias de Granito",
        "is_landmark": false,
        "address": "Sanfins do Douro"
      }
    },
    {
      "type": "Feature",
      "id": "house-269",
      "geometry": {
        "type": "Polygon",
        "coordinates": [
          [
            [
              -7.526617812746332,
              41.294473699112025
            ],
            [
              -7.526450162442108,
              41.294473699112025
            ],
            [
              -7.526450162442108,
              41.29460660107167
            ],
            [
              -7.526617812746332,
              41.29460660107167
            ],
            [
              -7.526617812746332,
              41.294473699112025
            ]
          ]
        ]
      },
      "properties": {
        "id": "house-269",
        "name": "Casa Duriense Caiada com Beiral",
        "building_type": "Habitação Tradicional Duriense",
        "wall_height": 3.8,
        "height": 3.8,
        "levels": 1,
        "material": "Alvenaria e Xisto com Cantarias de Granito",
        "is_landmark": false,
        "address": "Sanfins do Douro"
      }
    },
    {
      "type": "Feature",
      "id": "house-270",
      "geometry": {
        "type": "Polygon",
        "coordinates": [
          [
            [
              -7.5235047520419736,
              41.29452004846687
            ],
            [
              -7.523367827783116,
              41.29452004846687
            ],
            [
              -7.523367827783116,
              41.29464107339131
            ],
            [
              -7.5235047520419736,
              41.29464107339131
            ],
            [
              -7.5235047520419736,
              41.29452004846687
            ]
          ]
        ]
      },
      "properties": {
        "id": "house-270",
        "name": "Adega Tradicional do Douro",
        "building_type": "Adega / Lagar de Vinho",
        "wall_height": 6.4,
        "height": 6.4,
        "levels": 2,
        "material": "Alvenaria e Xisto com Cantarias de Granito",
        "is_landmark": false,
        "address": "Sanfins do Douro"
      }
    },
    {
      "type": "Feature",
      "id": "house-271",
      "geometry": {
        "type": "Polygon",
        "coordinates": [
          [
            [
              -7.52310570671869,
              41.29450515301092
            ],
            [
              -7.522997930048819,
              41.29450515301092
            ],
            [
              -7.522997930048819,
              41.294611064434264
            ],
            [
              -7.52310570671869,
              41.294611064434264
            ],
            [
              -7.52310570671869,
              41.29450515301092
            ]
          ]
        ]
      },
      "properties": {
        "id": "house-271",
        "name": "Casa Duriense Caiada com Beiral",
        "building_type": "Habitação Tradicional Duriense",
        "wall_height": 6.5,
        "height": 6.5,
        "levels": 2,
        "material": "Alvenaria e Xisto com Cantarias de Granito",
        "is_landmark": false,
        "address": "Sanfins do Douro"
      }
    },
    {
      "type": "Feature",
      "id": "house-272",
      "geometry": {
        "type": "Polygon",
        "coordinates": [
          [
            [
              -7.522083686370443,
              41.294515979374715
            ],
            [
              -7.521931431041081,
              41.294515979374715
            ],
            [
              -7.521931431041081,
              41.29462526448446
            ],
            [
              -7.522083686370443,
              41.29462526448446
            ],
            [
              -7.522083686370443,
              41.294515979374715
            ]
          ]
        ]
      },
      "properties": {
        "id": "house-272",
        "name": "Casa Duriense Caiada com Beiral",
        "building_type": "Habitação Tradicional Duriense",
        "wall_height": 6.4,
        "height": 6.4,
        "levels": 2,
        "material": "Alvenaria e Xisto com Cantarias de Granito",
        "is_landmark": false,
        "address": "Sanfins do Douro"
      }
    },
    {
      "type": "Feature",
      "id": "house-273",
      "geometry": {
        "type": "Polygon",
        "coordinates": [
          [
            [
              -7.52105841784761,
              41.2945579151692
            ],
            [
              -7.52090883690149,
              41.2945579151692
            ],
            [
              -7.52090883690149,
              41.29463770337747
            ],
            [
              -7.52105841784761,
              41.29463770337747
            ],
            [
              -7.52105841784761,
              41.2945579151692
            ]
          ]
        ]
      },
      "properties": {
        "id": "house-273",
        "name": "Casa Duriense Caiada com Beiral",
        "building_type": "Habitação Tradicional Duriense",
        "wall_height": 6.6,
        "height": 6.6,
        "levels": 2,
        "material": "Alvenaria e Xisto com Cantarias de Granito",
        "is_landmark": false,
        "address": "Sanfins do Douro"
      }
    },
    {
      "type": "Feature",
      "id": "house-274",
      "geometry": {
        "type": "Polygon",
        "coordinates": [
          [
            [
              -7.520528602209804,
              41.29447798728039
            ],
            [
              -7.520366100591502,
              41.29447798728039
            ],
            [
              -7.520366100591502,
              41.294568035687746
            ],
            [
              -7.520528602209804,
              41.294568035687746
            ],
            [
              -7.520528602209804,
              41.29447798728039
            ]
          ]
        ]
      },
      "properties": {
        "id": "house-274",
        "name": "Casa Duriense Caiada com Beiral",
        "building_type": "Habitação Tradicional Duriense",
        "wall_height": 7,
        "height": 7,
        "levels": 2,
        "material": "Alvenaria e Xisto com Cantarias de Granito",
        "is_landmark": false,
        "address": "Sanfins do Douro"
      }
    },
    {
      "type": "Feature",
      "id": "house-275",
      "geometry": {
        "type": "Polygon",
        "coordinates": [
          [
            [
              -7.520066183938824,
              41.29449879822745
            ],
            [
              -7.519960997947108,
              41.29449879822745
            ],
            [
              -7.519960997947108,
              41.294573473188876
            ],
            [
              -7.520066183938824,
              41.294573473188876
            ],
            [
              -7.520066183938824,
              41.29449879822745
            ]
          ]
        ]
      },
      "properties": {
        "id": "house-275",
        "name": "Casa Duriense Caiada com Beiral",
        "building_type": "Habitação Tradicional Duriense",
        "wall_height": 6.9,
        "height": 6.9,
        "levels": 2,
        "material": "Alvenaria e Xisto com Cantarias de Granito",
        "is_landmark": false,
        "address": "Sanfins do Douro"
      }
    },
    {
      "type": "Feature",
      "id": "house-276",
      "geometry": {
        "type": "Polygon",
        "coordinates": [
          [
            [
              -7.51958609424535,
              41.294522358962695
            ],
            [
              -7.519411349282528,
              41.294522358962695
            ],
            [
              -7.519411349282528,
              41.2945929028873
            ],
            [
              -7.51958609424535,
              41.2945929028873
            ],
            [
              -7.51958609424535,
              41.294522358962695
            ]
          ]
        ]
      },
      "properties": {
        "id": "house-276",
        "name": "Casa Duriense Caiada com Beiral",
        "building_type": "Habitação Tradicional Duriense",
        "wall_height": 6.3,
        "height": 6.3,
        "levels": 2,
        "material": "Alvenaria e Xisto com Cantarias de Granito",
        "is_landmark": false,
        "address": "Sanfins do Douro"
      }
    },
    {
      "type": "Feature",
      "id": "house-277",
      "geometry": {
        "type": "Polygon",
        "coordinates": [
          [
            [
              -7.518024023491894,
              41.29446499250722
            ],
            [
              -7.517866928533375,
              41.29446499250722
            ],
            [
              -7.517866928533375,
              41.29453359890348
            ],
            [
              -7.518024023491894,
              41.29453359890348
            ],
            [
              -7.518024023491894,
              41.29446499250722
            ]
          ]
        ]
      },
      "properties": {
        "id": "house-277",
        "name": "Casa Duriense Caiada com Beiral",
        "building_type": "Habitação Tradicional Duriense",
        "wall_height": 6.3,
        "height": 6.3,
        "levels": 2,
        "material": "Alvenaria e Xisto com Cantarias de Granito",
        "is_landmark": false,
        "address": "Sanfins do Douro"
      }
    },
    {
      "type": "Feature",
      "id": "house-278",
      "geometry": {
        "type": "Polygon",
        "coordinates": [
          [
            [
              -7.5170374113669265,
              41.29449661313951
            ],
            [
              -7.516926917321252,
              41.29449661313951
            ],
            [
              -7.516926917321252,
              41.294631074400364
            ],
            [
              -7.5170374113669265,
              41.294631074400364
            ],
            [
              -7.5170374113669265,
              41.29449661313951
            ]
          ]
        ]
      },
      "properties": {
        "id": "house-278",
        "name": "Adega Tradicional do Douro",
        "building_type": "Adega / Lagar de Vinho",
        "wall_height": 6.7,
        "height": 6.7,
        "levels": 2,
        "material": "Alvenaria e Xisto com Cantarias de Granito",
        "is_landmark": false,
        "address": "Sanfins do Douro"
      }
    },
    {
      "type": "Feature",
      "id": "house-279",
      "geometry": {
        "type": "Polygon",
        "coordinates": [
          [
            [
              -7.516534042585413,
              41.29447678927626
            ],
            [
              -7.5163647824843345,
              41.29447678927626
            ],
            [
              -7.5163647824843345,
              41.29458286806508
            ],
            [
              -7.516534042585413,
              41.29458286806508
            ],
            [
              -7.516534042585413,
              41.29447678927626
            ]
          ]
        ]
      },
      "properties": {
        "id": "house-279",
        "name": "Casa Duriense Caiada com Beiral",
        "building_type": "Habitação Tradicional Duriense",
        "wall_height": 6.6,
        "height": 6.6,
        "levels": 2,
        "material": "Alvenaria e Xisto com Cantarias de Granito",
        "is_landmark": false,
        "address": "Sanfins do Douro"
      }
    },
    {
      "type": "Feature",
      "id": "house-280",
      "geometry": {
        "type": "Polygon",
        "coordinates": [
          [
            [
              -7.516066140321638,
              41.29448349832987
            ],
            [
              -7.515888443399702,
              41.29448349832987
            ],
            [
              -7.515888443399702,
              41.29458785072937
            ],
            [
              -7.516066140321638,
              41.29458785072937
            ],
            [
              -7.516066140321638,
              41.29448349832987
            ]
          ]
        ]
      },
      "properties": {
        "id": "house-280",
        "name": "Casa Duriense Caiada com Beiral",
        "building_type": "Habitação Tradicional Duriense",
        "wall_height": 6.6,
        "height": 6.6,
        "levels": 2,
        "material": "Alvenaria e Xisto com Cantarias de Granito",
        "is_landmark": false,
        "address": "Sanfins do Douro"
      }
    },
    {
      "type": "Feature",
      "id": "house-281",
      "geometry": {
        "type": "Polygon",
        "coordinates": [
          [
            [
              -7.515052297219647,
              41.29452168355691
            ],
            [
              -7.514940535492283,
              41.29452168355691
            ],
            [
              -7.514940535492283,
              41.29461588741805
            ],
            [
              -7.515052297219647,
              41.29461588741805
            ],
            [
              -7.515052297219647,
              41.29452168355691
            ]
          ]
        ]
      },
      "properties": {
        "id": "house-281",
        "name": "Adega Tradicional do Douro",
        "building_type": "Adega / Lagar de Vinho",
        "wall_height": 6.5,
        "height": 6.5,
        "levels": 2,
        "material": "Alvenaria e Xisto com Cantarias de Granito",
        "is_landmark": false,
        "address": "Sanfins do Douro"
      }
    },
    {
      "type": "Feature",
      "id": "house-282",
      "geometry": {
        "type": "Polygon",
        "coordinates": [
          [
            [
              -7.528107910390357,
              41.294895582563164
            ],
            [
              -7.527979270054667,
              41.294895582563164
            ],
            [
              -7.527979270054667,
              41.29500533678149
            ],
            [
              -7.528107910390357,
              41.29500533678149
            ],
            [
              -7.528107910390357,
              41.294895582563164
            ]
          ]
        ]
      },
      "properties": {
        "id": "house-282",
        "name": "Casa Duriense Caiada com Beiral",
        "building_type": "Habitação Tradicional Duriense",
        "wall_height": 6.5,
        "height": 6.5,
        "levels": 2,
        "material": "Alvenaria e Xisto com Cantarias de Granito",
        "is_landmark": false,
        "address": "Sanfins do Douro"
      }
    },
    {
      "type": "Feature",
      "id": "house-283",
      "geometry": {
        "type": "Polygon",
        "coordinates": [
          [
            [
              -7.527133091772918,
              41.29485232652692
            ],
            [
              -7.526956981083194,
              41.29485232652692
            ],
            [
              -7.526956981083194,
              41.29497097552937
            ],
            [
              -7.527133091772918,
              41.29497097552937
            ],
            [
              -7.527133091772918,
              41.29485232652692
            ]
          ]
        ]
      },
      "properties": {
        "id": "house-283",
        "name": "Adega Tradicional do Douro",
        "building_type": "Adega / Lagar de Vinho",
        "wall_height": 6.2,
        "height": 6.2,
        "levels": 2,
        "material": "Alvenaria e Xisto com Cantarias de Granito",
        "is_landmark": false,
        "address": "Sanfins do Douro"
      }
    },
    {
      "type": "Feature",
      "id": "house-284",
      "geometry": {
        "type": "Polygon",
        "coordinates": [
          [
            [
              -7.526510881328418,
              41.29489782064764
            ],
            [
              -7.526407701018087,
              41.29489782064764
            ],
            [
              -7.526407701018087,
              41.29500827925762
            ],
            [
              -7.526510881328418,
              41.29500827925762
            ],
            [
              -7.526510881328418,
              41.29489782064764
            ]
          ]
        ]
      },
      "properties": {
        "id": "house-284",
        "name": "Casa Duriense Caiada com Beiral",
        "building_type": "Habitação Tradicional Duriense",
        "wall_height": 6.9,
        "height": 6.9,
        "levels": 2,
        "material": "Alvenaria e Xisto com Cantarias de Granito",
        "is_landmark": false,
        "address": "Sanfins do Douro"
      }
    },
    {
      "type": "Feature",
      "id": "house-285",
      "geometry": {
        "type": "Polygon",
        "coordinates": [
          [
            [
              -7.525583099967971,
              41.29491403782656
            ],
            [
              -7.525406647459933,
              41.29491403782656
            ],
            [
              -7.525406647459933,
              41.2950115584658
            ],
            [
              -7.525583099967971,
              41.2950115584658
            ],
            [
              -7.525583099967971,
              41.29491403782656
            ]
          ]
        ]
      },
      "properties": {
        "id": "house-285",
        "name": "Casa Duriense Caiada com Beiral",
        "building_type": "Habitação Tradicional Duriense",
        "wall_height": 6.2,
        "height": 6.2,
        "levels": 2,
        "material": "Alvenaria e Xisto com Cantarias de Granito",
        "is_landmark": false,
        "address": "Sanfins do Douro"
      }
    },
    {
      "type": "Feature",
      "id": "house-286",
      "geometry": {
        "type": "Polygon",
        "coordinates": [
          [
            [
              -7.525103213317167,
              41.294853446493164
            ],
            [
              -7.524983539322215,
              41.294853446493164
            ],
            [
              -7.524983539322215,
              41.29495105430381
            ],
            [
              -7.525103213317167,
              41.29495105430381
            ],
            [
              -7.525103213317167,
              41.294853446493164
            ]
          ]
        ]
      },
      "properties": {
        "id": "house-286",
        "name": "Casa Duriense Caiada com Beiral",
        "building_type": "Habitação Tradicional Duriense",
        "wall_height": 6.6,
        "height": 6.6,
        "levels": 2,
        "material": "Alvenaria e Xisto com Cantarias de Granito",
        "is_landmark": false,
        "address": "Sanfins do Douro"
      }
    },
    {
      "type": "Feature",
      "id": "house-287",
      "geometry": {
        "type": "Polygon",
        "coordinates": [
          [
            [
              -7.522629898867147,
              41.29488301406997
            ],
            [
              -7.522493802905404,
              41.29488301406997
            ],
            [
              -7.522493802905404,
              41.29498880294422
            ],
            [
              -7.522629898867147,
              41.29498880294422
            ],
            [
              -7.522629898867147,
              41.29488301406997
            ]
          ]
        ]
      },
      "properties": {
        "id": "house-287",
        "name": "Casa Duriense Caiada com Beiral",
        "building_type": "Habitação Tradicional Duriense",
        "wall_height": 3.5,
        "height": 3.5,
        "levels": 1,
        "material": "Alvenaria e Xisto com Cantarias de Granito",
        "is_landmark": false,
        "address": "Sanfins do Douro"
      }
    },
    {
      "type": "Feature",
      "id": "house-288",
      "geometry": {
        "type": "Polygon",
        "coordinates": [
          [
            [
              -7.521102862601295,
              41.294897384052476
            ],
            [
              -7.520995683215429,
              41.294897384052476
            ],
            [
              -7.520995683215429,
              41.29502054169815
            ],
            [
              -7.521102862601295,
              41.29502054169815
            ],
            [
              -7.521102862601295,
              41.294897384052476
            ]
          ]
        ]
      },
      "properties": {
        "id": "house-288",
        "name": "Casa Duriense Caiada com Beiral",
        "building_type": "Habitação Tradicional Duriense",
        "wall_height": 6.3,
        "height": 6.3,
        "levels": 2,
        "material": "Alvenaria e Xisto com Cantarias de Granito",
        "is_landmark": false,
        "address": "Sanfins do Douro"
      }
    },
    {
      "type": "Feature",
      "id": "house-289",
      "geometry": {
        "type": "Polygon",
        "coordinates": [
          [
            [
              -7.519111563167659,
              41.29482264686637
            ],
            [
              -7.518974759472016,
              41.29482264686637
            ],
            [
              -7.518974759472016,
              41.29489958134129
            ],
            [
              -7.519111563167659,
              41.29489958134129
            ],
            [
              -7.519111563167659,
              41.29482264686637
            ]
          ]
        ]
      },
      "properties": {
        "id": "house-289",
        "name": "Casa Duriense Caiada com Beiral",
        "building_type": "Habitação Tradicional Duriense",
        "wall_height": 6.7,
        "height": 6.7,
        "levels": 2,
        "material": "Alvenaria e Xisto com Cantarias de Granito",
        "is_landmark": false,
        "address": "Sanfins do Douro"
      }
    },
    {
      "type": "Feature",
      "id": "house-290",
      "geometry": {
        "type": "Polygon",
        "coordinates": [
          [
            [
              -7.517019013963836,
              41.294884615775935
            ],
            [
              -7.516914431613776,
              41.294884615775935
            ],
            [
              -7.516914431613776,
              41.29495046040352
            ],
            [
              -7.517019013963836,
              41.29495046040352
            ],
            [
              -7.517019013963836,
              41.294884615775935
            ]
          ]
        ]
      },
      "properties": {
        "id": "house-290",
        "name": "Casa Duriense Caiada com Beiral",
        "building_type": "Habitação Tradicional Duriense",
        "wall_height": 6.7,
        "height": 6.7,
        "levels": 2,
        "material": "Alvenaria e Xisto com Cantarias de Granito",
        "is_landmark": false,
        "address": "Sanfins do Douro"
      }
    },
    {
      "type": "Feature",
      "id": "house-291",
      "geometry": {
        "type": "Polygon",
        "coordinates": [
          [
            [
              -7.516048309945612,
              41.294920316878915
            ],
            [
              -7.515913891716972,
              41.294920316878915
            ],
            [
              -7.515913891716972,
              41.295023337077495
            ],
            [
              -7.516048309945612,
              41.295023337077495
            ],
            [
              -7.516048309945612,
              41.294920316878915
            ]
          ]
        ]
      },
      "properties": {
        "id": "house-291",
        "name": "Casa Duriense Caiada com Beiral",
        "building_type": "Habitação Tradicional Duriense",
        "wall_height": 6.6,
        "height": 6.6,
        "levels": 2,
        "material": "Alvenaria e Xisto com Cantarias de Granito",
        "is_landmark": false,
        "address": "Sanfins do Douro"
      }
    },
    {
      "type": "Feature",
      "id": "house-292",
      "geometry": {
        "type": "Polygon",
        "coordinates": [
          [
            [
              -7.527582730433051,
              41.29530056625583
            ],
            [
              -7.52746021485767,
              41.29530056625583
            ],
            [
              -7.52746021485767,
              41.295381247645665
            ],
            [
              -7.527582730433051,
              41.295381247645665
            ],
            [
              -7.527582730433051,
              41.29530056625583
            ]
          ]
        ]
      },
      "properties": {
        "id": "house-292",
        "name": "Casa Duriense Caiada com Beiral",
        "building_type": "Habitação Tradicional Duriense",
        "wall_height": 7,
        "height": 7,
        "levels": 2,
        "material": "Alvenaria e Xisto com Cantarias de Granito",
        "is_landmark": false,
        "address": "Sanfins do Douro"
      }
    },
    {
      "type": "Feature",
      "id": "house-293",
      "geometry": {
        "type": "Polygon",
        "coordinates": [
          [
            [
              -7.526544190447144,
              41.295258553384954
            ],
            [
              -7.5263804552466915,
              41.295258553384954
            ],
            [
              -7.5263804552466915,
              41.295358464065544
            ],
            [
              -7.526544190447144,
              41.295358464065544
            ],
            [
              -7.526544190447144,
              41.295258553384954
            ]
          ]
        ]
      },
      "properties": {
        "id": "house-293",
        "name": "Casa Duriense Caiada com Beiral",
        "building_type": "Habitação Tradicional Duriense",
        "wall_height": 6.7,
        "height": 6.7,
        "levels": 2,
        "material": "Alvenaria e Xisto com Cantarias de Granito",
        "is_landmark": false,
        "address": "Sanfins do Douro"
      }
    },
    {
      "type": "Feature",
      "id": "house-294",
      "geometry": {
        "type": "Polygon",
        "coordinates": [
          [
            [
              -7.526118334691456,
              41.29526397121909
            ],
            [
              -7.5260010080024005,
              41.29526397121909
            ],
            [
              -7.5260010080024005,
              41.295395217458285
            ],
            [
              -7.526118334691456,
              41.295395217458285
            ],
            [
              -7.526118334691456,
              41.29526397121909
            ]
          ]
        ]
      },
      "properties": {
        "id": "house-294",
        "name": "Adega Tradicional do Douro",
        "building_type": "Adega / Lagar de Vinho",
        "wall_height": 6.9,
        "height": 6.9,
        "levels": 2,
        "material": "Alvenaria e Xisto com Cantarias de Granito",
        "is_landmark": false,
        "address": "Sanfins do Douro"
      }
    },
    {
      "type": "Feature",
      "id": "house-295",
      "geometry": {
        "type": "Polygon",
        "coordinates": [
          [
            [
              -7.525618792677638,
              41.295254299642025
            ],
            [
              -7.525509696801923,
              41.295254299642025
            ],
            [
              -7.525509696801923,
              41.2953365970308
            ],
            [
              -7.525618792677638,
              41.2953365970308
            ],
            [
              -7.525618792677638,
              41.295254299642025
            ]
          ]
        ]
      },
      "properties": {
        "id": "house-295",
        "name": "Casa Duriense Caiada com Beiral",
        "building_type": "Habitação Tradicional Duriense",
        "wall_height": 6.4,
        "height": 6.4,
        "levels": 2,
        "material": "Alvenaria e Xisto com Cantarias de Granito",
        "is_landmark": false,
        "address": "Sanfins do Douro"
      }
    },
    {
      "type": "Feature",
      "id": "house-296",
      "geometry": {
        "type": "Polygon",
        "coordinates": [
          [
            [
              -7.525044592441743,
              41.29528095734413
            ],
            [
              -7.5249051085002545,
              41.29528095734413
            ],
            [
              -7.5249051085002545,
              41.295396088967976
            ],
            [
              -7.525044592441743,
              41.295396088967976
            ],
            [
              -7.525044592441743,
              41.29528095734413
            ]
          ]
        ]
      },
      "properties": {
        "id": "house-296",
        "name": "Casa Duriense Caiada com Beiral",
        "building_type": "Habitação Tradicional Duriense",
        "wall_height": 6.6,
        "height": 6.6,
        "levels": 2,
        "material": "Alvenaria e Xisto com Cantarias de Granito",
        "is_landmark": false,
        "address": "Sanfins do Douro"
      }
    },
    {
      "type": "Feature",
      "id": "house-297",
      "geometry": {
        "type": "Polygon",
        "coordinates": [
          [
            [
              -7.524064895208251,
              41.29528499272886
            ],
            [
              -7.523925441672,
              41.29528499272886
            ],
            [
              -7.523925441672,
              41.29536154548202
            ],
            [
              -7.524064895208251,
              41.29536154548202
            ],
            [
              -7.524064895208251,
              41.29528499272886
            ]
          ]
        ]
      },
      "properties": {
        "id": "house-297",
        "name": "Casa Duriense Caiada com Beiral",
        "building_type": "Habitação Tradicional Duriense",
        "wall_height": 6.6,
        "height": 6.6,
        "levels": 2,
        "material": "Alvenaria e Xisto com Cantarias de Granito",
        "is_landmark": false,
        "address": "Sanfins do Douro"
      }
    },
    {
      "type": "Feature",
      "id": "house-298",
      "geometry": {
        "type": "Polygon",
        "coordinates": [
          [
            [
              -7.523579850145823,
              41.295305371209565
            ],
            [
              -7.523416732108022,
              41.295305371209565
            ],
            [
              -7.523416732108022,
              41.295377971818326
            ],
            [
              -7.523579850145823,
              41.295377971818326
            ],
            [
              -7.523579850145823,
              41.295305371209565
            ]
          ]
        ]
      },
      "properties": {
        "id": "house-298",
        "name": "Adega Tradicional do Douro",
        "building_type": "Adega / Lagar de Vinho",
        "wall_height": 6.9,
        "height": 6.9,
        "levels": 2,
        "material": "Alvenaria e Xisto com Cantarias de Granito",
        "is_landmark": false,
        "address": "Sanfins do Douro"
      }
    },
    {
      "type": "Feature",
      "id": "house-299",
      "geometry": {
        "type": "Polygon",
        "coordinates": [
          [
            [
              -7.520521843226611,
              41.29527817298336
            ],
            [
              -7.52034803922945,
              41.29527817298336
            ],
            [
              -7.52034803922945,
              41.2953655730614
            ],
            [
              -7.520521843226611,
              41.2953655730614
            ],
            [
              -7.520521843226611,
              41.29527817298336
            ]
          ]
        ]
      },
      "properties": {
        "id": "house-299",
        "name": "Casa Duriense Caiada com Beiral",
        "building_type": "Habitação Tradicional Duriense",
        "wall_height": 6.2,
        "height": 6.2,
        "levels": 2,
        "material": "Alvenaria e Xisto com Cantarias de Granito",
        "is_landmark": false,
        "address": "Sanfins do Douro"
      }
    },
    {
      "type": "Feature",
      "id": "house-300",
      "geometry": {
        "type": "Polygon",
        "coordinates": [
          [
            [
              -7.518025403531333,
              41.295207147452714
            ],
            [
              -7.517917630712849,
              41.295207147452714
            ],
            [
              -7.517917630712849,
              41.29527998723866
            ],
            [
              -7.518025403531333,
              41.29527998723866
            ],
            [
              -7.518025403531333,
              41.295207147452714
            ]
          ]
        ]
      },
      "properties": {
        "id": "house-300",
        "name": "Casa Duriense Caiada com Beiral",
        "building_type": "Habitação Tradicional Duriense",
        "wall_height": 6.5,
        "height": 6.5,
        "levels": 2,
        "material": "Alvenaria e Xisto com Cantarias de Granito",
        "is_landmark": false,
        "address": "Sanfins do Douro"
      }
    },
    {
      "type": "Feature",
      "id": "house-301",
      "geometry": {
        "type": "Polygon",
        "coordinates": [
          [
            [
              -7.517042413751915,
              41.29526703786035
            ],
            [
              -7.516899298524167,
              41.29526703786035
            ],
            [
              -7.516899298524167,
              41.29536440833673
            ],
            [
              -7.517042413751915,
              41.29536440833673
            ],
            [
              -7.517042413751915,
              41.29526703786035
            ]
          ]
        ]
      },
      "properties": {
        "id": "house-301",
        "name": "Adega Tradicional do Douro",
        "building_type": "Adega / Lagar de Vinho",
        "wall_height": 6.5,
        "height": 6.5,
        "levels": 2,
        "material": "Alvenaria e Xisto com Cantarias de Granito",
        "is_landmark": false,
        "address": "Sanfins do Douro"
      }
    },
    {
      "type": "Feature",
      "id": "house-302",
      "geometry": {
        "type": "Polygon",
        "coordinates": [
          [
            [
              -7.516143433021415,
              41.295298365163106
            ],
            [
              -7.515984355648514,
              41.295298365163106
            ],
            [
              -7.515984355648514,
              41.295363416514235
            ],
            [
              -7.516143433021415,
              41.295363416514235
            ],
            [
              -7.516143433021415,
              41.295298365163106
            ]
          ]
        ]
      },
      "properties": {
        "id": "house-302",
        "name": "Casa Duriense Caiada com Beiral",
        "building_type": "Habitação Tradicional Duriense",
        "wall_height": 6.7,
        "height": 6.7,
        "levels": 2,
        "material": "Alvenaria e Xisto com Cantarias de Granito",
        "is_landmark": false,
        "address": "Sanfins do Douro"
      }
    },
    {
      "type": "Feature",
      "id": "house-303",
      "geometry": {
        "type": "Polygon",
        "coordinates": [
          [
            [
              -7.5265221091281935,
              41.2955584210236
            ],
            [
              -7.526373657318659,
              41.2955584210236
            ],
            [
              -7.526373657318659,
              41.29569162794715
            ],
            [
              -7.5265221091281935,
              41.29569162794715
            ],
            [
              -7.5265221091281935,
              41.2955584210236
            ]
          ]
        ]
      },
      "properties": {
        "id": "house-303",
        "name": "Casa Duriense Caiada com Beiral",
        "building_type": "Habitação Tradicional Duriense",
        "wall_height": 6.2,
        "height": 6.2,
        "levels": 2,
        "material": "Alvenaria e Xisto com Cantarias de Granito",
        "is_landmark": false,
        "address": "Sanfins do Douro"
      }
    },
    {
      "type": "Feature",
      "id": "house-304",
      "geometry": {
        "type": "Polygon",
        "coordinates": [
          [
            [
              -7.523988299858755,
              41.29570234599764
            ],
            [
              -7.523877460817428,
              41.29570234599764
            ],
            [
              -7.523877460817428,
              41.29577646191372
            ],
            [
              -7.523988299858755,
              41.29577646191372
            ],
            [
              -7.523988299858755,
              41.29570234599764
            ]
          ]
        ]
      },
      "properties": {
        "id": "house-304",
        "name": "Casa Duriense Caiada com Beiral",
        "building_type": "Habitação Tradicional Duriense",
        "wall_height": 6.4,
        "height": 6.4,
        "levels": 2,
        "material": "Alvenaria e Xisto com Cantarias de Granito",
        "is_landmark": false,
        "address": "Sanfins do Douro"
      }
    },
    {
      "type": "Feature",
      "id": "house-305",
      "geometry": {
        "type": "Polygon",
        "coordinates": [
          [
            [
              -7.523564314624488,
              41.29564800912368
            ],
            [
              -7.523423806556962,
              41.29564800912368
            ],
            [
              -7.523423806556962,
              41.29573084935829
            ],
            [
              -7.523564314624488,
              41.29573084935829
            ],
            [
              -7.523564314624488,
              41.29564800912368
            ]
          ]
        ]
      },
      "properties": {
        "id": "house-305",
        "name": "Adega Tradicional do Douro",
        "building_type": "Adega / Lagar de Vinho",
        "wall_height": 3.7,
        "height": 3.7,
        "levels": 1,
        "material": "Alvenaria e Xisto com Cantarias de Granito",
        "is_landmark": false,
        "address": "Sanfins do Douro"
      }
    },
    {
      "type": "Feature",
      "id": "house-306",
      "geometry": {
        "type": "Polygon",
        "coordinates": [
          [
            [
              -7.523013425201894,
              41.295618985972936
            ],
            [
              -7.522859186681055,
              41.295618985972936
            ],
            [
              -7.522859186681055,
              41.2956923460423
            ],
            [
              -7.523013425201894,
              41.2956923460423
            ],
            [
              -7.523013425201894,
              41.295618985972936
            ]
          ]
        ]
      },
      "properties": {
        "id": "house-306",
        "name": "Adega Tradicional do Douro",
        "building_type": "Adega / Lagar de Vinho",
        "wall_height": 6.6,
        "height": 6.6,
        "levels": 2,
        "material": "Alvenaria e Xisto com Cantarias de Granito",
        "is_landmark": false,
        "address": "Sanfins do Douro"
      }
    },
    {
      "type": "Feature",
      "id": "house-307",
      "geometry": {
        "type": "Polygon",
        "coordinates": [
          [
            [
              -7.52111983920833,
              41.29558823664466
            ],
            [
              -7.520999346429168,
              41.29558823664466
            ],
            [
              -7.520999346429168,
              41.29568315250866
            ],
            [
              -7.52111983920833,
              41.29568315250866
            ],
            [
              -7.52111983920833,
              41.29558823664466
            ]
          ]
        ]
      },
      "properties": {
        "id": "house-307",
        "name": "Adega Tradicional do Douro",
        "building_type": "Adega / Lagar de Vinho",
        "wall_height": 6.8,
        "height": 6.8,
        "levels": 2,
        "material": "Alvenaria e Xisto com Cantarias de Granito",
        "is_landmark": false,
        "address": "Sanfins do Douro"
      }
    },
    {
      "type": "Feature",
      "id": "house-308",
      "geometry": {
        "type": "Polygon",
        "coordinates": [
          [
            [
              -7.519096905103425,
              41.295645971027675
            ],
            [
              -7.518983536201268,
              41.295645971027675
            ],
            [
              -7.518983536201268,
              41.295740482699124
            ],
            [
              -7.519096905103425,
              41.295740482699124
            ],
            [
              -7.519096905103425,
              41.295645971027675
            ]
          ]
        ]
      },
      "properties": {
        "id": "house-308",
        "name": "Casa Duriense Caiada com Beiral",
        "building_type": "Habitação Tradicional Duriense",
        "wall_height": 3.4,
        "height": 3.4,
        "levels": 1,
        "material": "Alvenaria e Xisto com Cantarias de Granito",
        "is_landmark": false,
        "address": "Sanfins do Douro"
      }
    },
    {
      "type": "Feature",
      "id": "house-309",
      "geometry": {
        "type": "Polygon",
        "coordinates": [
          [
            [
              -7.518609358217312,
              41.29560398092679
            ],
            [
              -7.5184975728234145,
              41.29560398092679
            ],
            [
              -7.5184975728234145,
              41.295668091693024
            ],
            [
              -7.518609358217312,
              41.295668091693024
            ],
            [
              -7.518609358217312,
              41.29560398092679
            ]
          ]
        ]
      },
      "properties": {
        "id": "house-309",
        "name": "Casa Duriense Caiada com Beiral",
        "building_type": "Habitação Tradicional Duriense",
        "wall_height": 3.7,
        "height": 3.7,
        "levels": 1,
        "material": "Alvenaria e Xisto com Cantarias de Granito",
        "is_landmark": false,
        "address": "Sanfins do Douro"
      }
    },
    {
      "type": "Feature",
      "id": "house-310",
      "geometry": {
        "type": "Polygon",
        "coordinates": [
          [
            [
              -7.51703966855756,
              41.29566927612754
            ],
            [
              -7.516868088327559,
              41.29566927612754
            ],
            [
              -7.516868088327559,
              41.29579429360233
            ],
            [
              -7.51703966855756,
              41.29579429360233
            ],
            [
              -7.51703966855756,
              41.29566927612754
            ]
          ]
        ]
      },
      "properties": {
        "id": "house-310",
        "name": "Casa Duriense Caiada com Beiral",
        "building_type": "Habitação Tradicional Duriense",
        "wall_height": 6.7,
        "height": 6.7,
        "levels": 2,
        "material": "Alvenaria e Xisto com Cantarias de Granito",
        "is_landmark": false,
        "address": "Sanfins do Douro"
      }
    },
    {
      "type": "Feature",
      "id": "house-311",
      "geometry": {
        "type": "Polygon",
        "coordinates": [
          [
            [
              -7.516538524656645,
              41.29565893273452
            ],
            [
              -7.516371597406024,
              41.29565893273452
            ],
            [
              -7.516371597406024,
              41.295735774872504
            ],
            [
              -7.516538524656645,
              41.295735774872504
            ],
            [
              -7.516538524656645,
              41.29565893273452
            ]
          ]
        ]
      },
      "properties": {
        "id": "house-311",
        "name": "Casa Duriense Caiada com Beiral",
        "building_type": "Habitação Tradicional Duriense",
        "wall_height": 6.5,
        "height": 6.5,
        "levels": 2,
        "material": "Alvenaria e Xisto com Cantarias de Granito",
        "is_landmark": false,
        "address": "Sanfins do Douro"
      }
    },
    {
      "type": "Feature",
      "id": "house-312",
      "geometry": {
        "type": "Polygon",
        "coordinates": [
          [
            [
              -7.516090052695792,
              41.29564849440915
            ],
            [
              -7.515967105863415,
              41.29564849440915
            ],
            [
              -7.515967105863415,
              41.29575038325112
            ],
            [
              -7.516090052695792,
              41.29575038325112
            ],
            [
              -7.516090052695792,
              41.29564849440915
            ]
          ]
        ]
      },
      "properties": {
        "id": "house-312",
        "name": "Adega Tradicional do Douro",
        "building_type": "Adega / Lagar de Vinho",
        "wall_height": 3.7,
        "height": 3.7,
        "levels": 1,
        "material": "Alvenaria e Xisto com Cantarias de Granito",
        "is_landmark": false,
        "address": "Sanfins do Douro"
      }
    },
    {
      "type": "Feature",
      "id": "house-313",
      "geometry": {
        "type": "Polygon",
        "coordinates": [
          [
            [
              -7.526551826611596,
              41.29601344353883
            ],
            [
              -7.52641539219474,
              41.29601344353883
            ],
            [
              -7.52641539219474,
              41.29614168543022
            ],
            [
              -7.526551826611596,
              41.29614168543022
            ],
            [
              -7.526551826611596,
              41.29601344353883
            ]
          ]
        ]
      },
      "properties": {
        "id": "house-313",
        "name": "Adega Tradicional do Douro",
        "building_type": "Adega / Lagar de Vinho",
        "wall_height": 6.6,
        "height": 6.6,
        "levels": 2,
        "material": "Alvenaria e Xisto com Cantarias de Granito",
        "is_landmark": false,
        "address": "Sanfins do Douro"
      }
    },
    {
      "type": "Feature",
      "id": "house-314",
      "geometry": {
        "type": "Polygon",
        "coordinates": [
          [
            [
              -7.526119958441714,
              41.29600865460966
            ],
            [
              -7.525968441423113,
              41.29600865460966
            ],
            [
              -7.525968441423113,
              41.29613816050938
            ],
            [
              -7.526119958441714,
              41.29613816050938
            ],
            [
              -7.526119958441714,
              41.29600865460966
            ]
          ]
        ]
      },
      "properties": {
        "id": "house-314",
        "name": "Casa Duriense Caiada com Beiral",
        "building_type": "Habitação Tradicional Duriense",
        "wall_height": 6.2,
        "height": 6.2,
        "levels": 2,
        "material": "Alvenaria e Xisto com Cantarias de Granito",
        "is_landmark": false,
        "address": "Sanfins do Douro"
      }
    },
    {
      "type": "Feature",
      "id": "house-315",
      "geometry": {
        "type": "Polygon",
        "coordinates": [
          [
            [
              -7.5236411228405276,
              41.296060816323
            ],
            [
              -7.523485657069817,
              41.296060816323
            ],
            [
              -7.523485657069817,
              41.29614094304686
            ],
            [
              -7.5236411228405276,
              41.29614094304686
            ],
            [
              -7.5236411228405276,
              41.296060816323
            ]
          ]
        ]
      },
      "properties": {
        "id": "house-315",
        "name": "Casa Duriense Caiada com Beiral",
        "building_type": "Habitação Tradicional Duriense",
        "wall_height": 6.4,
        "height": 6.4,
        "levels": 2,
        "material": "Alvenaria e Xisto com Cantarias de Granito",
        "is_landmark": false,
        "address": "Sanfins do Douro"
      }
    },
    {
      "type": "Feature",
      "id": "house-316",
      "geometry": {
        "type": "Polygon",
        "coordinates": [
          [
            [
              -7.523032598181539,
              41.296018497998034
            ],
            [
              -7.522905182932478,
              41.296018497998034
            ],
            [
              -7.522905182932478,
              41.2961139886563
            ],
            [
              -7.523032598181539,
              41.2961139886563
            ],
            [
              -7.523032598181539,
              41.296018497998034
            ]
          ]
        ]
      },
      "properties": {
        "id": "house-316",
        "name": "Casa Duriense Caiada com Beiral",
        "building_type": "Habitação Tradicional Duriense",
        "wall_height": 6.7,
        "height": 6.7,
        "levels": 2,
        "material": "Alvenaria e Xisto com Cantarias de Granito",
        "is_landmark": false,
        "address": "Sanfins do Douro"
      }
    },
    {
      "type": "Feature",
      "id": "house-317",
      "geometry": {
        "type": "Polygon",
        "coordinates": [
          [
            [
              -7.52162129963107,
              41.296060780128826
            ],
            [
              -7.521494421816415,
              41.296060780128826
            ],
            [
              -7.521494421816415,
              41.29612576367114
            ],
            [
              -7.52162129963107,
              41.29612576367114
            ],
            [
              -7.52162129963107,
              41.296060780128826
            ]
          ]
        ]
      },
      "properties": {
        "id": "house-317",
        "name": "Casa Duriense Caiada com Beiral",
        "building_type": "Habitação Tradicional Duriense",
        "wall_height": 6.2,
        "height": 6.2,
        "levels": 2,
        "material": "Alvenaria e Xisto com Cantarias de Granito",
        "is_landmark": false,
        "address": "Sanfins do Douro"
      }
    },
    {
      "type": "Feature",
      "id": "house-318",
      "geometry": {
        "type": "Polygon",
        "coordinates": [
          [
            [
              -7.52005937400738,
              41.29603268281924
            ],
            [
              -7.519892526159564,
              41.29603268281924
            ],
            [
              -7.519892526159564,
              41.29612852569654
            ],
            [
              -7.52005937400738,
              41.29612852569654
            ],
            [
              -7.52005937400738,
              41.29603268281924
            ]
          ]
        ]
      },
      "properties": {
        "id": "house-318",
        "name": "Casa Duriense Caiada com Beiral",
        "building_type": "Habitação Tradicional Duriense",
        "wall_height": 3.5,
        "height": 3.5,
        "levels": 1,
        "material": "Alvenaria e Xisto com Cantarias de Granito",
        "is_landmark": false,
        "address": "Sanfins do Douro"
      }
    },
    {
      "type": "Feature",
      "id": "house-319",
      "geometry": {
        "type": "Polygon",
        "coordinates": [
          [
            [
              -7.519110380354024,
              41.29597836907508
            ],
            [
              -7.519001753376208,
              41.29597836907508
            ],
            [
              -7.519001753376208,
              41.29609080307201
            ],
            [
              -7.519110380354024,
              41.29609080307201
            ],
            [
              -7.519110380354024,
              41.29597836907508
            ]
          ]
        ]
      },
      "properties": {
        "id": "house-319",
        "name": "Casa Duriense Caiada com Beiral",
        "building_type": "Habitação Tradicional Duriense",
        "wall_height": 6.9,
        "height": 6.9,
        "levels": 2,
        "material": "Alvenaria e Xisto com Cantarias de Granito",
        "is_landmark": false,
        "address": "Sanfins do Douro"
      }
    },
    {
      "type": "Feature",
      "id": "house-320",
      "geometry": {
        "type": "Polygon",
        "coordinates": [
          [
            [
              -7.518628635215879,
              41.296057965675004
            ],
            [
              -7.518481193510131,
              41.296057965675004
            ],
            [
              -7.518481193510131,
              41.29615948035416
            ],
            [
              -7.518628635215879,
              41.29615948035416
            ],
            [
              -7.518628635215879,
              41.296057965675004
            ]
          ]
        ]
      },
      "properties": {
        "id": "house-320",
        "name": "Casa Duriense Caiada com Beiral",
        "building_type": "Habitação Tradicional Duriense",
        "wall_height": 6.9,
        "height": 6.9,
        "levels": 2,
        "material": "Alvenaria e Xisto com Cantarias de Granito",
        "is_landmark": false,
        "address": "Sanfins do Douro"
      }
    },
    {
      "type": "Feature",
      "id": "house-321",
      "geometry": {
        "type": "Polygon",
        "coordinates": [
          [
            [
              -7.518069694731623,
              41.29601087915782
            ],
            [
              -7.517972795161044,
              41.29601087915782
            ],
            [
              -7.517972795161044,
              41.296127209002805
            ],
            [
              -7.518069694731623,
              41.296127209002805
            ],
            [
              -7.518069694731623,
              41.29601087915782
            ]
          ]
        ]
      },
      "properties": {
        "id": "house-321",
        "name": "Casa Duriense Caiada com Beiral",
        "building_type": "Habitação Tradicional Duriense",
        "wall_height": 6.2,
        "height": 6.2,
        "levels": 2,
        "material": "Alvenaria e Xisto com Cantarias de Granito",
        "is_landmark": false,
        "address": "Sanfins do Douro"
      }
    },
    {
      "type": "Feature",
      "id": "house-322",
      "geometry": {
        "type": "Polygon",
        "coordinates": [
          [
            [
              -7.5175051526113075,
              41.29598704912492
            ],
            [
              -7.517368950794094,
              41.29598704912492
            ],
            [
              -7.517368950794094,
              41.29606202871484
            ],
            [
              -7.5175051526113075,
              41.29606202871484
            ],
            [
              -7.5175051526113075,
              41.29598704912492
            ]
          ]
        ]
      },
      "properties": {
        "id": "house-322",
        "name": "Adega Tradicional do Douro",
        "building_type": "Adega / Lagar de Vinho",
        "wall_height": 6.9,
        "height": 6.9,
        "levels": 2,
        "material": "Alvenaria e Xisto com Cantarias de Granito",
        "is_landmark": false,
        "address": "Sanfins do Douro"
      }
    },
    {
      "type": "Feature",
      "id": "house-323",
      "geometry": {
        "type": "Polygon",
        "coordinates": [
          [
            [
              -7.517050857787147,
              41.29599943090227
            ],
            [
              -7.51692995494545,
              41.29599943090227
            ],
            [
              -7.51692995494545,
              41.296129839844056
            ],
            [
              -7.517050857787147,
              41.296129839844056
            ],
            [
              -7.517050857787147,
              41.29599943090227
            ]
          ]
        ]
      },
      "properties": {
        "id": "house-323",
        "name": "Casa Duriense Caiada com Beiral",
        "building_type": "Habitação Tradicional Duriense",
        "wall_height": 6.2,
        "height": 6.2,
        "levels": 2,
        "material": "Alvenaria e Xisto com Cantarias de Granito",
        "is_landmark": false,
        "address": "Sanfins do Douro"
      }
    },
    {
      "type": "Feature",
      "id": "house-324",
      "geometry": {
        "type": "Polygon",
        "coordinates": [
          [
            [
              -7.516625121444889,
              41.296016419897974
            ],
            [
              -7.516474827139048,
              41.296016419897974
            ],
            [
              -7.516474827139048,
              41.296113187322995
            ],
            [
              -7.516625121444889,
              41.296113187322995
            ],
            [
              -7.516625121444889,
              41.296016419897974
            ]
          ]
        ]
      },
      "properties": {
        "id": "house-324",
        "name": "Casa Duriense Caiada com Beiral",
        "building_type": "Habitação Tradicional Duriense",
        "wall_height": 6.9,
        "height": 6.9,
        "levels": 2,
        "material": "Alvenaria e Xisto com Cantarias de Granito",
        "is_landmark": false,
        "address": "Sanfins do Douro"
      }
    },
    {
      "type": "Feature",
      "id": "house-325",
      "geometry": {
        "type": "Polygon",
        "coordinates": [
          [
            [
              -7.5260911249261095,
              41.2963522489516
            ],
            [
              -7.525922991441465,
              41.2963522489516
            ],
            [
              -7.525922991441465,
              41.296453110734454
            ],
            [
              -7.5260911249261095,
              41.296453110734454
            ],
            [
              -7.5260911249261095,
              41.2963522489516
            ]
          ]
        ]
      },
      "properties": {
        "id": "house-325",
        "name": "Casa Duriense Caiada com Beiral",
        "building_type": "Habitação Tradicional Duriense",
        "wall_height": 6.7,
        "height": 6.7,
        "levels": 2,
        "material": "Alvenaria e Xisto com Cantarias de Granito",
        "is_landmark": false,
        "address": "Sanfins do Douro"
      }
    },
    {
      "type": "Feature",
      "id": "house-326",
      "geometry": {
        "type": "Polygon",
        "coordinates": [
          [
            [
              -7.52562522724408,
              41.29635370847114
            ],
            [
              -7.525454144617494,
              41.29635370847114
            ],
            [
              -7.525454144617494,
              41.29643439628544
            ],
            [
              -7.52562522724408,
              41.29643439628544
            ],
            [
              -7.52562522724408,
              41.29635370847114
            ]
          ]
        ]
      },
      "properties": {
        "id": "house-326",
        "name": "Casa Duriense Caiada com Beiral",
        "building_type": "Habitação Tradicional Duriense",
        "wall_height": 6.4,
        "height": 6.4,
        "levels": 2,
        "material": "Alvenaria e Xisto com Cantarias de Granito",
        "is_landmark": false,
        "address": "Sanfins do Douro"
      }
    },
    {
      "type": "Feature",
      "id": "house-327",
      "geometry": {
        "type": "Polygon",
        "coordinates": [
          [
            [
              -7.525114682623656,
              41.29642299282871
            ],
            [
              -7.5250030242505925,
              41.29642299282871
            ],
            [
              -7.5250030242505925,
              41.29653075480154
            ],
            [
              -7.525114682623656,
              41.29653075480154
            ],
            [
              -7.525114682623656,
              41.29642299282871
            ]
          ]
        ]
      },
      "properties": {
        "id": "house-327",
        "name": "Casa Duriense Caiada com Beiral",
        "building_type": "Habitação Tradicional Duriense",
        "wall_height": 7,
        "height": 7,
        "levels": 2,
        "material": "Alvenaria e Xisto com Cantarias de Granito",
        "is_landmark": false,
        "address": "Sanfins do Douro"
      }
    },
    {
      "type": "Feature",
      "id": "house-328",
      "geometry": {
        "type": "Polygon",
        "coordinates": [
          [
            [
              -7.524549704542926,
              41.29641451795932
            ],
            [
              -7.524424171184025,
              41.29641451795932
            ],
            [
              -7.524424171184025,
              41.29648460665379
            ],
            [
              -7.524549704542926,
              41.29648460665379
            ],
            [
              -7.524549704542926,
              41.29641451795932
            ]
          ]
        ]
      },
      "properties": {
        "id": "house-328",
        "name": "Casa Duriense Caiada com Beiral",
        "building_type": "Habitação Tradicional Duriense",
        "wall_height": 6.6,
        "height": 6.6,
        "levels": 2,
        "material": "Alvenaria e Xisto com Cantarias de Granito",
        "is_landmark": false,
        "address": "Sanfins do Douro"
      }
    },
    {
      "type": "Feature",
      "id": "house-329",
      "geometry": {
        "type": "Polygon",
        "coordinates": [
          [
            [
              -7.524038660381892,
              41.2963637805558
            ],
            [
              -7.5239317198263915,
              41.2963637805558
            ],
            [
              -7.5239317198263915,
              41.296481959964616
            ],
            [
              -7.524038660381892,
              41.296481959964616
            ],
            [
              -7.524038660381892,
              41.2963637805558
            ]
          ]
        ]
      },
      "properties": {
        "id": "house-329",
        "name": "Casa Duriense Caiada com Beiral",
        "building_type": "Habitação Tradicional Duriense",
        "wall_height": 3.6,
        "height": 3.6,
        "levels": 1,
        "material": "Alvenaria e Xisto com Cantarias de Granito",
        "is_landmark": false,
        "address": "Sanfins do Douro"
      }
    },
    {
      "type": "Feature",
      "id": "house-330",
      "geometry": {
        "type": "Polygon",
        "coordinates": [
          [
            [
              -7.523018537658396,
              41.29638993473398
            ],
            [
              -7.52285278031771,
              41.29638993473398
            ],
            [
              -7.52285278031771,
              41.296497169738075
            ],
            [
              -7.523018537658396,
              41.296497169738075
            ],
            [
              -7.523018537658396,
              41.29638993473398
            ]
          ]
        ]
      },
      "properties": {
        "id": "house-330",
        "name": "Casa Duriense Caiada com Beiral",
        "building_type": "Habitação Tradicional Duriense",
        "wall_height": 6.7,
        "height": 6.7,
        "levels": 2,
        "material": "Alvenaria e Xisto com Cantarias de Granito",
        "is_landmark": false,
        "address": "Sanfins do Douro"
      }
    },
    {
      "type": "Feature",
      "id": "house-331",
      "geometry": {
        "type": "Polygon",
        "coordinates": [
          [
            [
              -7.521548041854461,
              41.29634933574993
            ],
            [
              -7.521415004004814,
              41.29634933574993
            ],
            [
              -7.521415004004814,
              41.29646549148125
            ],
            [
              -7.521548041854461,
              41.29646549148125
            ],
            [
              -7.521548041854461,
              41.29634933574993
            ]
          ]
        ]
      },
      "properties": {
        "id": "house-331",
        "name": "Adega Tradicional do Douro",
        "building_type": "Adega / Lagar de Vinho",
        "wall_height": 6.2,
        "height": 6.2,
        "levels": 2,
        "material": "Alvenaria e Xisto com Cantarias de Granito",
        "is_landmark": false,
        "address": "Sanfins do Douro"
      }
    },
    {
      "type": "Feature",
      "id": "house-332",
      "geometry": {
        "type": "Polygon",
        "coordinates": [
          [
            [
              -7.521112905127706,
              41.29642214994911
            ],
            [
              -7.520983976740381,
              41.29642214994911
            ],
            [
              -7.520983976740381,
              41.29654443193945
            ],
            [
              -7.521112905127706,
              41.29654443193945
            ],
            [
              -7.521112905127706,
              41.29642214994911
            ]
          ]
        ]
      },
      "properties": {
        "id": "house-332",
        "name": "Casa Duriense Caiada com Beiral",
        "building_type": "Habitação Tradicional Duriense",
        "wall_height": 3.5,
        "height": 3.5,
        "levels": 1,
        "material": "Alvenaria e Xisto com Cantarias de Granito",
        "is_landmark": false,
        "address": "Sanfins do Douro"
      }
    },
    {
      "type": "Feature",
      "id": "house-333",
      "geometry": {
        "type": "Polygon",
        "coordinates": [
          [
            [
              -7.520611273192195,
              41.296420931090815
            ],
            [
              -7.520471051629325,
              41.296420931090815
            ],
            [
              -7.520471051629325,
              41.29651995733095
            ],
            [
              -7.520611273192195,
              41.29651995733095
            ],
            [
              -7.520611273192195,
              41.296420931090815
            ]
          ]
        ]
      },
      "properties": {
        "id": "house-333",
        "name": "Adega Tradicional do Douro",
        "building_type": "Adega / Lagar de Vinho",
        "wall_height": 6.3,
        "height": 6.3,
        "levels": 2,
        "material": "Alvenaria e Xisto com Cantarias de Granito",
        "is_landmark": false,
        "address": "Sanfins do Douro"
      }
    },
    {
      "type": "Feature",
      "id": "house-334",
      "geometry": {
        "type": "Polygon",
        "coordinates": [
          [
            [
              -7.520131827059816,
              41.29636055562448
            ],
            [
              -7.519963162914748,
              41.29636055562448
            ],
            [
              -7.519963162914748,
              41.29646103929942
            ],
            [
              -7.520131827059816,
              41.29646103929942
            ],
            [
              -7.520131827059816,
              41.29636055562448
            ]
          ]
        ]
      },
      "properties": {
        "id": "house-334",
        "name": "Casa Duriense Caiada com Beiral",
        "building_type": "Habitação Tradicional Duriense",
        "wall_height": 6.7,
        "height": 6.7,
        "levels": 2,
        "material": "Alvenaria e Xisto com Cantarias de Granito",
        "is_landmark": false,
        "address": "Sanfins do Douro"
      }
    },
    {
      "type": "Feature",
      "id": "house-335",
      "geometry": {
        "type": "Polygon",
        "coordinates": [
          [
            [
              -7.5175757667907295,
              41.29645214948908
            ],
            [
              -7.517460888964957,
              41.29645214948908
            ],
            [
              -7.517460888964957,
              41.296537327968785
            ],
            [
              -7.5175757667907295,
              41.296537327968785
            ],
            [
              -7.5175757667907295,
              41.29645214948908
            ]
          ]
        ]
      },
      "properties": {
        "id": "house-335",
        "name": "Casa Duriense Caiada com Beiral",
        "building_type": "Habitação Tradicional Duriense",
        "wall_height": 7,
        "height": 7,
        "levels": 2,
        "material": "Alvenaria e Xisto com Cantarias de Granito",
        "is_landmark": false,
        "address": "Sanfins do Douro"
      }
    },
    {
      "type": "Feature",
      "id": "house-336",
      "geometry": {
        "type": "Polygon",
        "coordinates": [
          [
            [
              -7.5170335510147925,
              41.29643666553396
            ],
            [
              -7.516928520802248,
              41.29643666553396
            ],
            [
              -7.516928520802248,
              41.2965058614418
            ],
            [
              -7.5170335510147925,
              41.2965058614418
            ],
            [
              -7.5170335510147925,
              41.29643666553396
            ]
          ]
        ]
      },
      "properties": {
        "id": "house-336",
        "name": "Casa Duriense Caiada com Beiral",
        "building_type": "Habitação Tradicional Duriense",
        "wall_height": 6.9,
        "height": 6.9,
        "levels": 2,
        "material": "Alvenaria e Xisto com Cantarias de Granito",
        "is_landmark": false,
        "address": "Sanfins do Douro"
      }
    },
    {
      "type": "Feature",
      "id": "house-337",
      "geometry": {
        "type": "Polygon",
        "coordinates": [
          [
            [
              -7.522047455390439,
              41.29673399148528
            ],
            [
              -7.521946219737771,
              41.29673399148528
            ],
            [
              -7.521946219737771,
              41.29686651648677
            ],
            [
              -7.522047455390439,
              41.29686651648677
            ],
            [
              -7.522047455390439,
              41.29673399148528
            ]
          ]
        ]
      },
      "properties": {
        "id": "house-337",
        "name": "Casa Duriense Caiada com Beiral",
        "building_type": "Habitação Tradicional Duriense",
        "wall_height": 6.6,
        "height": 6.6,
        "levels": 2,
        "material": "Alvenaria e Xisto com Cantarias de Granito",
        "is_landmark": false,
        "address": "Sanfins do Douro"
      }
    },
    {
      "type": "Feature",
      "id": "house-338",
      "geometry": {
        "type": "Polygon",
        "coordinates": [
          [
            [
              -7.5215675024829025,
              41.29672493275012
            ],
            [
              -7.521420633895861,
              41.29672493275012
            ],
            [
              -7.521420633895861,
              41.29682761050454
            ],
            [
              -7.5215675024829025,
              41.29682761050454
            ],
            [
              -7.5215675024829025,
              41.29672493275012
            ]
          ]
        ]
      },
      "properties": {
        "id": "house-338",
        "name": "Adega Tradicional do Douro",
        "building_type": "Adega / Lagar de Vinho",
        "wall_height": 6.2,
        "height": 6.2,
        "levels": 2,
        "material": "Alvenaria e Xisto com Cantarias de Granito",
        "is_landmark": false,
        "address": "Sanfins do Douro"
      }
    },
    {
      "type": "Feature",
      "id": "house-339",
      "geometry": {
        "type": "Polygon",
        "coordinates": [
          [
            [
              -7.521097138267506,
              41.2967458870857
            ],
            [
              -7.520969679840003,
              41.2967458870857
            ],
            [
              -7.520969679840003,
              41.29682443489997
            ],
            [
              -7.521097138267506,
              41.29682443489997
            ],
            [
              -7.521097138267506,
              41.2967458870857
            ]
          ]
        ]
      },
      "properties": {
        "id": "house-339",
        "name": "Casa Duriense Caiada com Beiral",
        "building_type": "Habitação Tradicional Duriense",
        "wall_height": 6.9,
        "height": 6.9,
        "levels": 2,
        "material": "Alvenaria e Xisto com Cantarias de Granito",
        "is_landmark": false,
        "address": "Sanfins do Douro"
      }
    },
    {
      "type": "Feature",
      "id": "house-340",
      "geometry": {
        "type": "Polygon",
        "coordinates": [
          [
            [
              -7.519594873945746,
              41.29678580508573
            ],
            [
              -7.519475914104362,
              41.29678580508573
            ],
            [
              -7.519475914104362,
              41.29686418335331
            ],
            [
              -7.519594873945746,
              41.29686418335331
            ],
            [
              -7.519594873945746,
              41.29678580508573
            ]
          ]
        ]
      },
      "properties": {
        "id": "house-340",
        "name": "Casa Duriense Caiada com Beiral",
        "building_type": "Habitação Tradicional Duriense",
        "wall_height": 6.2,
        "height": 6.2,
        "levels": 2,
        "material": "Alvenaria e Xisto com Cantarias de Granito",
        "is_landmark": false,
        "address": "Sanfins do Douro"
      }
    },
    {
      "type": "Feature",
      "id": "house-341",
      "geometry": {
        "type": "Polygon",
        "coordinates": [
          [
            [
              -7.523534899350632,
              41.29716024823313
            ],
            [
              -7.52338173065911,
              41.29716024823313
            ],
            [
              -7.52338173065911,
              41.297235974523254
            ],
            [
              -7.523534899350632,
              41.297235974523254
            ],
            [
              -7.523534899350632,
              41.29716024823313
            ]
          ]
        ]
      },
      "properties": {
        "id": "house-341",
        "name": "Casa Duriense Caiada com Beiral",
        "building_type": "Habitação Tradicional Duriense",
        "wall_height": 6.8,
        "height": 6.8,
        "levels": 2,
        "material": "Alvenaria e Xisto com Cantarias de Granito",
        "is_landmark": false,
        "address": "Sanfins do Douro"
      }
    },
    {
      "type": "Feature",
      "id": "house-342",
      "geometry": {
        "type": "Polygon",
        "coordinates": [
          [
            [
              -7.521550501572867,
              41.29712755119541
            ],
            [
              -7.521438583731201,
              41.29712755119541
            ],
            [
              -7.521438583731201,
              41.29723890058522
            ],
            [
              -7.521550501572867,
              41.29723890058522
            ],
            [
              -7.521550501572867,
              41.29712755119541
            ]
          ]
        ]
      },
      "properties": {
        "id": "house-342",
        "name": "Casa Duriense Caiada com Beiral",
        "building_type": "Habitação Tradicional Duriense",
        "wall_height": 6.2,
        "height": 6.2,
        "levels": 2,
        "material": "Alvenaria e Xisto com Cantarias de Granito",
        "is_landmark": false,
        "address": "Sanfins do Douro"
      }
    },
    {
      "type": "Feature",
      "id": "house-343",
      "geometry": {
        "type": "Polygon",
        "coordinates": [
          [
            [
              -7.521029760516459,
              41.29716040731571
            ],
            [
              -7.520855528770873,
              41.29716040731571
            ],
            [
              -7.520855528770873,
              41.2972825513776
            ],
            [
              -7.521029760516459,
              41.2972825513776
            ],
            [
              -7.521029760516459,
              41.29716040731571
            ]
          ]
        ]
      },
      "properties": {
        "id": "house-343",
        "name": "Casa Duriense Caiada com Beiral",
        "building_type": "Habitação Tradicional Duriense",
        "wall_height": 6.5,
        "height": 6.5,
        "levels": 2,
        "material": "Alvenaria e Xisto com Cantarias de Granito",
        "is_landmark": false,
        "address": "Sanfins do Douro"
      }
    }
  ]
}