{
  "type": "FeatureCollection",
  "name": "Telhados_Ceramicos_Sanfins",
  "features": [
    {
      "type": "Feature",
      "id": "igreja-matriz-roof",
      "geometry": {
        "type": "Polygon",
        "coordinates": [
          [
            [
              -7.521913253012048,
              41.29105225225226
            ],
            [
              -7.521686746987951,
              41.29105225225226
            ],
            [
              -7.521686746987951,
              41.29134774774775
            ],
            [
              -7.521913253012048,
              41.29134774774775
            ],
            [
              -7.521913253012048,
              41.29105225225226
            ]
          ]
        ]
      },
      "properties": {
        "id": "igreja-matriz-roof",
        "name": "Telhado de Telha Lusa: Igreja Matriz de São Miguel de Sanfins do Douro",
        "building_type": "Monumento Religioso",
        "base_height": 12,
        "roof_thickness": 1.2,
        "roof_type": "Telha Cerâmica Regional",
        "is_landmark": true
      }
    },
    {
      "type": "Feature",
      "id": "santuario-piedade-roof",
      "geometry": {
        "type": "Polygon",
        "coordinates": [
          [
            [
              -7.518637349397591,
              41.296325225225225
            ],
            [
              -7.51836265060241,
              41.296325225225225
            ],
            [
              -7.51836265060241,
              41.29667477477478
            ],
            [
              -7.518637349397591,
              41.29667477477478
            ],
            [
              -7.518637349397591,
              41.296325225225225
            ]
          ]
        ]
      },
      "properties": {
        "id": "santuario-piedade-roof",
        "name": "Telhado de Telha Lusa: Santuário de Nossa Senhora da Piedade (Monte de Sanfins)",
        "building_type": "Santuário Histórico",
        "base_height": 13.5,
        "roof_thickness": 1.2,
        "roof_type": "Telha Cerâmica Regional",
        "is_landmark": true
      }
    },
    {
      "type": "Feature",
      "id": "adega-cooperativa-roof",
      "geometry": {
        "type": "Polygon",
        "coordinates": [
          [
            [
              -7.523173493975904,
              41.289989189189185
            ],
            [
              -7.522826506024096,
              41.289989189189185
            ],
            [
              -7.522826506024096,
              41.29041081081081
            ],
            [
              -7.523173493975904,
              41.29041081081081
            ],
            [
              -7.523173493975904,
              41.289989189189185
            ]
          ]
        ]
      },
      "properties": {
        "id": "adega-cooperativa-roof",
        "name": "Telhado de Telha Lusa: Adega Cooperativa e Caves de Sanfins do Douro",
        "building_type": "Quinta / Adega Vinícola",
        "base_height": 8.5,
        "roof_thickness": 1.2,
        "roof_type": "Telha Cerâmica Regional",
        "is_landmark": true
      }
    },
    {
      "type": "Feature",
      "id": "junta-freguesia-roof",
      "geometry": {
        "type": "Polygon",
        "coordinates": [
          [
            [
              -7.520901204819277,
              41.29179729729729
            ],
            [
              -7.520698795180723,
              41.29179729729729
            ],
            [
              -7.520698795180723,
              41.2920027027027
            ],
            [
              -7.520901204819277,
              41.2920027027027
            ],
            [
              -7.520901204819277,
              41.29179729729729
            ]
          ]
        ]
      },
      "properties": {
        "id": "junta-freguesia-roof",
        "name": "Telhado de Telha Lusa: Edifício da Junta de Freguesia e Centro Comunitário",
        "building_type": "Serviços Públicos",
        "base_height": 7.2,
        "roof_thickness": 1.2,
        "roof_type": "Telha Cerâmica Regional",
        "is_landmark": true
      }
    },
    {
      "type": "Feature",
      "id": "solar-quinta-douro-roof",
      "geometry": {
        "type": "Polygon",
        "coordinates": [
          [
            [
              -7.522313253012048,
              41.29267927927928
            ],
            [
              -7.522086746987951,
              41.29267927927928
            ],
            [
              -7.522086746987951,
              41.29292072072072
            ],
            [
              -7.522313253012048,
              41.29292072072072
            ],
            [
              -7.522313253012048,
              41.29267927927928
            ]
          ]
        ]
      },
      "properties": {
        "id": "solar-quinta-douro-roof",
        "name": "Telhado de Telha Lusa: Solar e Casa Senhorial Duriense (Séc. XVIII)",
        "building_type": "Solar Histórico",
        "base_height": 9,
        "roof_thickness": 1.2,
        "roof_type": "Telha Cerâmica Regional",
        "is_landmark": true
      }
    },
    {
      "type": "Feature",
      "id": "roof-1",
      "geometry": {
        "type": "Polygon",
        "coordinates": [
          [
            [
              -7.524031436549719,
              41.285726546749544
            ],
            [
              -7.523875588802983,
              41.285726546749544
            ],
            [
              -7.523875588802983,
              41.285842867106
            ],
            [
              -7.524031436549719,
              41.285842867106
            ],
            [
              -7.524031436549719,
              41.285726546749544
            ]
          ]
        ]
      },
      "properties": {
        "id": "roof-1",
        "name": "Telhado de Telha Lusa Tradicional",
        "building_type": "Habitação Tradicional Duriense",
        "base_height": 6.2,
        "roof_thickness": 0.9,
        "roof_type": "Telha de Barro Vermelho Cozido",
        "is_landmark": false
      }
    },
    {
      "type": "Feature",
      "id": "roof-2",
      "geometry": {
        "type": "Polygon",
        "coordinates": [
          [
            [
              -7.522062920791813,
              41.28576182386609
            ],
            [
              -7.521942895062812,
              41.28576182386609
            ],
            [
              -7.521942895062812,
              41.285868146381425
            ],
            [
              -7.522062920791813,
              41.285868146381425
            ],
            [
              -7.522062920791813,
              41.28576182386609
            ]
          ]
        ]
      },
      "properties": {
        "id": "roof-2",
        "name": "Telhado de Telha Lusa Tradicional",
        "building_type": "Habitação Tradicional Duriense",
        "base_height": 6.3,
        "roof_thickness": 0.9,
        "roof_type": "Telha de Barro Vermelho Cozido",
        "is_landmark": false
      }
    },
    {
      "type": "Feature",
      "id": "roof-3",
      "geometry": {
        "type": "Polygon",
        "coordinates": [
          [
            [
              -7.521571504174696,
              41.285777510576196
            ],
            [
              -7.5214255086267965,
              41.285777510576196
            ],
            [
              -7.5214255086267965,
              41.28591528760015
            ],
            [
              -7.521571504174696,
              41.28591528760015
            ],
            [
              -7.521571504174696,
              41.285777510576196
            ]
          ]
        ]
      },
      "properties": {
        "id": "roof-3",
        "name": "Telhado de Telha Lusa Tradicional",
        "building_type": "Habitação Tradicional Duriense",
        "base_height": 6.6,
        "roof_thickness": 0.9,
        "roof_type": "Telha de Barro Vermelho Cozido",
        "is_landmark": false
      }
    },
    {
      "type": "Feature",
      "id": "roof-4",
      "geometry": {
        "type": "Polygon",
        "coordinates": [
          [
            [
              -7.520140416034254,
              41.28571916574909
            ],
            [
              -7.519961625809261,
              41.28571916574909
            ],
            [
              -7.519961625809261,
              41.285800335156914
            ],
            [
              -7.520140416034254,
              41.285800335156914
            ],
            [
              -7.520140416034254,
              41.28571916574909
            ]
          ]
        ]
      },
      "properties": {
        "id": "roof-4",
        "name": "Telhado de Telha Lusa Tradicional",
        "building_type": "Habitação Tradicional Duriense",
        "base_height": 6.4,
        "roof_thickness": 0.9,
        "roof_type": "Telha de Barro Vermelho Cozido",
        "is_landmark": false
      }
    },
    {
      "type": "Feature",
      "id": "roof-5",
      "geometry": {
        "type": "Polygon",
        "coordinates": [
          [
            [
              -7.519129547388779,
              41.28579317261253
            ],
            [
              -7.519003720923381,
              41.28579317261253
            ],
            [
              -7.519003720923381,
              41.285901484638416
            ],
            [
              -7.519129547388779,
              41.285901484638416
            ],
            [
              -7.519129547388779,
              41.28579317261253
            ]
          ]
        ]
      },
      "properties": {
        "id": "roof-5",
        "name": "Telhado de Telha Lusa Tradicional",
        "building_type": "Habitação Tradicional Duriense",
        "base_height": 7,
        "roof_thickness": 0.9,
        "roof_type": "Telha de Barro Vermelho Cozido",
        "is_landmark": false
      }
    },
    {
      "type": "Feature",
      "id": "roof-6",
      "geometry": {
        "type": "Polygon",
        "coordinates": [
          [
            [
              -7.525110899486554,
              41.28609428945076
            ],
            [
              -7.524924795752035,
              41.28609428945076
            ],
            [
              -7.524924795752035,
              41.28619433130788
            ],
            [
              -7.525110899486554,
              41.28619433130788
            ],
            [
              -7.525110899486554,
              41.28609428945076
            ]
          ]
        ]
      },
      "properties": {
        "id": "roof-6",
        "name": "Telhado de Telha Lusa Tradicional",
        "building_type": "Adega / Lagar de Vinho",
        "base_height": 6.9,
        "roof_thickness": 0.9,
        "roof_type": "Telha de Barro Vermelho Cozido",
        "is_landmark": false
      }
    },
    {
      "type": "Feature",
      "id": "roof-7",
      "geometry": {
        "type": "Polygon",
        "coordinates": [
          [
            [
              -7.523084516258732,
              41.28607352241332
            ],
            [
              -7.522917137585879,
              41.28607352241332
            ],
            [
              -7.522917137585879,
              41.28618880239887
            ],
            [
              -7.523084516258732,
              41.28618880239887
            ],
            [
              -7.523084516258732,
              41.28607352241332
            ]
          ]
        ]
      },
      "properties": {
        "id": "roof-7",
        "name": "Telhado de Telha Lusa Tradicional",
        "building_type": "Adega / Lagar de Vinho",
        "base_height": 6.5,
        "roof_thickness": 0.9,
        "roof_type": "Telha de Barro Vermelho Cozido",
        "is_landmark": false
      }
    },
    {
      "type": "Feature",
      "id": "roof-8",
      "geometry": {
        "type": "Polygon",
        "coordinates": [
          [
            [
              -7.526000889755999,
              41.28654679483664
            ],
            [
              -7.525891595766033,
              41.28654679483664
            ],
            [
              -7.525891595766033,
              41.28664241792323
            ],
            [
              -7.526000889755999,
              41.28664241792323
            ],
            [
              -7.526000889755999,
              41.28654679483664
            ]
          ]
        ]
      },
      "properties": {
        "id": "roof-8",
        "name": "Telhado de Telha Lusa Tradicional",
        "building_type": "Habitação Tradicional Duriense",
        "base_height": 6.6,
        "roof_thickness": 0.9,
        "roof_type": "Telha de Barro Vermelho Cozido",
        "is_landmark": false
      }
    },
    {
      "type": "Feature",
      "id": "roof-9",
      "geometry": {
        "type": "Polygon",
        "coordinates": [
          [
            [
              -7.523534456447123,
              41.28647266733757
            ],
            [
              -7.5234290222931985,
              41.28647266733757
            ],
            [
              -7.5234290222931985,
              41.28659684948864
            ],
            [
              -7.523534456447123,
              41.28659684948864
            ],
            [
              -7.523534456447123,
              41.28647266733757
            ]
          ]
        ]
      },
      "properties": {
        "id": "roof-9",
        "name": "Telhado de Telha Lusa Tradicional",
        "building_type": "Habitação Tradicional Duriense",
        "base_height": 6.7,
        "roof_thickness": 0.9,
        "roof_type": "Telha de Barro Vermelho Cozido",
        "is_landmark": false
      }
    },
    {
      "type": "Feature",
      "id": "roof-10",
      "geometry": {
        "type": "Polygon",
        "coordinates": [
          [
            [
              -7.522599953621011,
              41.28647131146058
            ],
            [
              -7.522487706356591,
              41.28647131146058
            ],
            [
              -7.522487706356591,
              41.28659587810193
            ],
            [
              -7.522599953621011,
              41.28659587810193
            ],
            [
              -7.522599953621011,
              41.28647131146058
            ]
          ]
        ]
      },
      "properties": {
        "id": "roof-10",
        "name": "Telhado de Telha Lusa Tradicional",
        "building_type": "Habitação Tradicional Duriense",
        "base_height": 7,
        "roof_thickness": 0.9,
        "roof_type": "Telha de Barro Vermelho Cozido",
        "is_landmark": false
      }
    },
    {
      "type": "Feature",
      "id": "roof-11",
      "geometry": {
        "type": "Polygon",
        "coordinates": [
          [
            [
              -7.521594631546169,
              41.28655461811705
            ],
            [
              -7.521441891034236,
              41.28655461811705
            ],
            [
              -7.521441891034236,
              41.28668364036058
            ],
            [
              -7.521594631546169,
              41.28668364036058
            ],
            [
              -7.521594631546169,
              41.28655461811705
            ]
          ]
        ]
      },
      "properties": {
        "id": "roof-11",
        "name": "Telhado de Telha Lusa Tradicional",
        "building_type": "Habitação Tradicional Duriense",
        "base_height": 3.5,
        "roof_thickness": 0.9,
        "roof_type": "Telha de Barro Vermelho Cozido",
        "is_landmark": false
      }
    },
    {
      "type": "Feature",
      "id": "roof-12",
      "geometry": {
        "type": "Polygon",
        "coordinates": [
          [
            [
              -7.5210523234099815,
              41.286576948515545
            ],
            [
              -7.520874612299736,
              41.286576948515545
            ],
            [
              -7.520874612299736,
              41.28665739349272
            ],
            [
              -7.5210523234099815,
              41.28665739349272
            ],
            [
              -7.5210523234099815,
              41.286576948515545
            ]
          ]
        ]
      },
      "properties": {
        "id": "roof-12",
        "name": "Telhado de Telha Lusa Tradicional",
        "building_type": "Habitação Tradicional Duriense",
        "base_height": 6.5,
        "roof_thickness": 0.9,
        "roof_type": "Telha de Barro Vermelho Cozido",
        "is_landmark": false
      }
    },
    {
      "type": "Feature",
      "id": "roof-13",
      "geometry": {
        "type": "Polygon",
        "coordinates": [
          [
            [
              -7.520114427429425,
              41.286493259698766
            ],
            [
              -7.519932292054715,
              41.286493259698766
            ],
            [
              -7.519932292054715,
              41.286573484613776
            ],
            [
              -7.520114427429425,
              41.286573484613776
            ],
            [
              -7.520114427429425,
              41.286493259698766
            ]
          ]
        ]
      },
      "properties": {
        "id": "roof-13",
        "name": "Telhado de Telha Lusa Tradicional",
        "building_type": "Adega / Lagar de Vinho",
        "base_height": 6.5,
        "roof_thickness": 0.9,
        "roof_type": "Telha de Barro Vermelho Cozido",
        "is_landmark": false
      }
    },
    {
      "type": "Feature",
      "id": "roof-14",
      "geometry": {
        "type": "Polygon",
        "coordinates": [
          [
            [
              -7.519048615056665,
              41.286530993806814
            ],
            [
              -7.518861880286451,
              41.286530993806814
            ],
            [
              -7.518861880286451,
              41.2866304507474
            ],
            [
              -7.519048615056665,
              41.2866304507474
            ],
            [
              -7.519048615056665,
              41.286530993806814
            ]
          ]
        ]
      },
      "properties": {
        "id": "roof-14",
        "name": "Telhado de Telha Lusa Tradicional",
        "building_type": "Habitação Tradicional Duriense",
        "base_height": 6.6,
        "roof_thickness": 0.9,
        "roof_type": "Telha de Barro Vermelho Cozido",
        "is_landmark": false
      }
    },
    {
      "type": "Feature",
      "id": "roof-15",
      "geometry": {
        "type": "Polygon",
        "coordinates": [
          [
            [
              -7.518628285439283,
              41.28648384287183
            ],
            [
              -7.518476707683457,
              41.28648384287183
            ],
            [
              -7.518476707683457,
              41.28662371384104
            ],
            [
              -7.518628285439283,
              41.28662371384104
            ],
            [
              -7.518628285439283,
              41.28648384287183
            ]
          ]
        ]
      },
      "properties": {
        "id": "roof-15",
        "name": "Telhado de Telha Lusa Tradicional",
        "building_type": "Habitação Tradicional Duriense",
        "base_height": 6.6,
        "roof_thickness": 0.9,
        "roof_type": "Telha de Barro Vermelho Cozido",
        "is_landmark": false
      }
    },
    {
      "type": "Feature",
      "id": "roof-16",
      "geometry": {
        "type": "Polygon",
        "coordinates": [
          [
            [
              -7.518062290541207,
              41.2865480939356
            ],
            [
              -7.51789808617345,
              41.2865480939356
            ],
            [
              -7.51789808617345,
              41.28665020793422
            ],
            [
              -7.518062290541207,
              41.28665020793422
            ],
            [
              -7.518062290541207,
              41.2865480939356
            ]
          ]
        ]
      },
      "properties": {
        "id": "roof-16",
        "name": "Telhado de Telha Lusa Tradicional",
        "building_type": "Habitação Tradicional Duriense",
        "base_height": 6.5,
        "roof_thickness": 0.9,
        "roof_type": "Telha de Barro Vermelho Cozido",
        "is_landmark": false
      }
    },
    {
      "type": "Feature",
      "id": "roof-17",
      "geometry": {
        "type": "Polygon",
        "coordinates": [
          [
            [
              -7.5266087686490195,
              41.28689070235611
            ],
            [
              -7.526436410138949,
              41.28689070235611
            ],
            [
              -7.526436410138949,
              41.286961422780486
            ],
            [
              -7.5266087686490195,
              41.286961422780486
            ],
            [
              -7.5266087686490195,
              41.28689070235611
            ]
          ]
        ]
      },
      "properties": {
        "id": "roof-17",
        "name": "Telhado de Telha Lusa Tradicional",
        "building_type": "Habitação Tradicional Duriense",
        "base_height": 6.5,
        "roof_thickness": 0.9,
        "roof_type": "Telha de Barro Vermelho Cozido",
        "is_landmark": false
      }
    },
    {
      "type": "Feature",
      "id": "roof-18",
      "geometry": {
        "type": "Polygon",
        "coordinates": [
          [
            [
              -7.526014212291939,
              41.28682272290429
            ],
            [
              -7.525885165083482,
              41.28682272290429
            ],
            [
              -7.525885165083482,
              41.286938425892444
            ],
            [
              -7.526014212291939,
              41.286938425892444
            ],
            [
              -7.526014212291939,
              41.28682272290429
            ]
          ]
        ]
      },
      "properties": {
        "id": "roof-18",
        "name": "Telhado de Telha Lusa Tradicional",
        "building_type": "Habitação Tradicional Duriense",
        "base_height": 6.5,
        "roof_thickness": 0.9,
        "roof_type": "Telha de Barro Vermelho Cozido",
        "is_landmark": false
      }
    },
    {
      "type": "Feature",
      "id": "roof-19",
      "geometry": {
        "type": "Polygon",
        "coordinates": [
          [
            [
              -7.5220684101846755,
              41.286833825569595
            ],
            [
              -7.521895898992525,
              41.286833825569595
            ],
            [
              -7.521895898992525,
              41.28694756057455
            ],
            [
              -7.5220684101846755,
              41.28694756057455
            ],
            [
              -7.5220684101846755,
              41.286833825569595
            ]
          ]
        ]
      },
      "properties": {
        "id": "roof-19",
        "name": "Telhado de Telha Lusa Tradicional",
        "building_type": "Habitação Tradicional Duriense",
        "base_height": 3.8,
        "roof_thickness": 0.9,
        "roof_type": "Telha de Barro Vermelho Cozido",
        "is_landmark": false
      }
    },
    {
      "type": "Feature",
      "id": "roof-20",
      "geometry": {
        "type": "Polygon",
        "coordinates": [
          [
            [
              -7.521056984640189,
              41.28683382543339
            ],
            [
              -7.520928385256371,
              41.28683382543339
            ],
            [
              -7.520928385256371,
              41.28693246181382
            ],
            [
              -7.521056984640189,
              41.28693246181382
            ],
            [
              -7.521056984640189,
              41.28683382543339
            ]
          ]
        ]
      },
      "properties": {
        "id": "roof-20",
        "name": "Telhado de Telha Lusa Tradicional",
        "building_type": "Adega / Lagar de Vinho",
        "base_height": 6.3,
        "roof_thickness": 0.9,
        "roof_type": "Telha de Barro Vermelho Cozido",
        "is_landmark": false
      }
    },
    {
      "type": "Feature",
      "id": "roof-21",
      "geometry": {
        "type": "Polygon",
        "coordinates": [
          [
            [
              -7.5206281735043525,
              41.28689565437809
            ],
            [
              -7.520476649533288,
              41.28689565437809
            ],
            [
              -7.520476649533288,
              41.28701618664278
            ],
            [
              -7.5206281735043525,
              41.28701618664278
            ],
            [
              -7.5206281735043525,
              41.28689565437809
            ]
          ]
        ]
      },
      "properties": {
        "id": "roof-21",
        "name": "Telhado de Telha Lusa Tradicional",
        "building_type": "Habitação Tradicional Duriense",
        "base_height": 6.4,
        "roof_thickness": 0.9,
        "roof_type": "Telha de Barro Vermelho Cozido",
        "is_landmark": false
      }
    },
    {
      "type": "Feature",
      "id": "roof-22",
      "geometry": {
        "type": "Polygon",
        "coordinates": [
          [
            [
              -7.520076694051505,
              41.28693094413039
            ],
            [
              -7.51994080846115,
              41.28693094413039
            ],
            [
              -7.51994080846115,
              41.28700131993061
            ],
            [
              -7.520076694051505,
              41.28700131993061
            ],
            [
              -7.520076694051505,
              41.28693094413039
            ]
          ]
        ]
      },
      "properties": {
        "id": "roof-22",
        "name": "Telhado de Telha Lusa Tradicional",
        "building_type": "Habitação Tradicional Duriense",
        "base_height": 6.6,
        "roof_thickness": 0.9,
        "roof_type": "Telha de Barro Vermelho Cozido",
        "is_landmark": false
      }
    },
    {
      "type": "Feature",
      "id": "roof-23",
      "geometry": {
        "type": "Polygon",
        "coordinates": [
          [
            [
              -7.518614288045653,
              41.286840060206764
            ],
            [
              -7.51843071841914,
              41.286840060206764
            ],
            [
              -7.51843071841914,
              41.28694941084776
            ],
            [
              -7.518614288045653,
              41.28694941084776
            ],
            [
              -7.518614288045653,
              41.286840060206764
            ]
          ]
        ]
      },
      "properties": {
        "id": "roof-23",
        "name": "Telhado de Telha Lusa Tradicional",
        "building_type": "Habitação Tradicional Duriense",
        "base_height": 3.2,
        "roof_thickness": 0.9,
        "roof_type": "Telha de Barro Vermelho Cozido",
        "is_landmark": false
      }
    },
    {
      "type": "Feature",
      "id": "roof-24",
      "geometry": {
        "type": "Polygon",
        "coordinates": [
          [
            [
              -7.518013222780303,
              41.28683241646993
            ],
            [
              -7.517897760066357,
              41.28683241646993
            ],
            [
              -7.517897760066357,
              41.28694403270786
            ],
            [
              -7.518013222780303,
              41.28694403270786
            ],
            [
              -7.518013222780303,
              41.28683241646993
            ]
          ]
        ]
      },
      "properties": {
        "id": "roof-24",
        "name": "Telhado de Telha Lusa Tradicional",
        "building_type": "Habitação Tradicional Duriense",
        "base_height": 3.7,
        "roof_thickness": 0.9,
        "roof_type": "Telha de Barro Vermelho Cozido",
        "is_landmark": false
      }
    },
    {
      "type": "Feature",
      "id": "roof-25",
      "geometry": {
        "type": "Polygon",
        "coordinates": [
          [
            [
              -7.517609060194781,
              41.28690677622587
            ],
            [
              -7.517477223859206,
              41.28690677622587
            ],
            [
              -7.517477223859206,
              41.28698455856357
            ],
            [
              -7.517609060194781,
              41.28698455856357
            ],
            [
              -7.517609060194781,
              41.28690677622587
            ]
          ]
        ]
      },
      "properties": {
        "id": "roof-25",
        "name": "Telhado de Telha Lusa Tradicional",
        "building_type": "Habitação Tradicional Duriense",
        "base_height": 7,
        "roof_thickness": 0.9,
        "roof_type": "Telha de Barro Vermelho Cozido",
        "is_landmark": false
      }
    },
    {
      "type": "Feature",
      "id": "roof-26",
      "geometry": {
        "type": "Polygon",
        "coordinates": [
          [
            [
              -7.517016224644099,
              41.28686529110502
            ],
            [
              -7.516911088960022,
              41.28686529110502
            ],
            [
              -7.516911088960022,
              41.28698471939645
            ],
            [
              -7.517016224644099,
              41.28698471939645
            ],
            [
              -7.517016224644099,
              41.28686529110502
            ]
          ]
        ]
      },
      "properties": {
        "id": "roof-26",
        "name": "Telhado de Telha Lusa Tradicional",
        "building_type": "Habitação Tradicional Duriense",
        "base_height": 3.2,
        "roof_thickness": 0.9,
        "roof_type": "Telha de Barro Vermelho Cozido",
        "is_landmark": false
      }
    },
    {
      "type": "Feature",
      "id": "roof-27",
      "geometry": {
        "type": "Polygon",
        "coordinates": [
          [
            [
              -7.526084334948816,
              41.28725417922321
            ],
            [
              -7.525958963268556,
              41.28725417922321
            ],
            [
              -7.525958963268556,
              41.28736790379713
            ],
            [
              -7.526084334948816,
              41.28736790379713
            ],
            [
              -7.526084334948816,
              41.28725417922321
            ]
          ]
        ]
      },
      "properties": {
        "id": "roof-27",
        "name": "Telhado de Telha Lusa Tradicional",
        "building_type": "Habitação Tradicional Duriense",
        "base_height": 3.5,
        "roof_thickness": 0.9,
        "roof_type": "Telha de Barro Vermelho Cozido",
        "is_landmark": false
      }
    },
    {
      "type": "Feature",
      "id": "roof-28",
      "geometry": {
        "type": "Polygon",
        "coordinates": [
          [
            [
              -7.524046452080601,
              41.287231581383324
            ],
            [
              -7.523912700597739,
              41.287231581383324
            ],
            [
              -7.523912700597739,
              41.28731577384309
            ],
            [
              -7.524046452080601,
              41.28731577384309
            ],
            [
              -7.524046452080601,
              41.287231581383324
            ]
          ]
        ]
      },
      "properties": {
        "id": "roof-28",
        "name": "Telhado de Telha Lusa Tradicional",
        "building_type": "Habitação Tradicional Duriense",
        "base_height": 7,
        "roof_thickness": 0.9,
        "roof_type": "Telha de Barro Vermelho Cozido",
        "is_landmark": false
      }
    },
    {
      "type": "Feature",
      "id": "roof-29",
      "geometry": {
        "type": "Polygon",
        "coordinates": [
          [
            [
              -7.52311126306396,
              41.28730124955077
            ],
            [
              -7.52298278057793,
              41.28730124955077
            ],
            [
              -7.52298278057793,
              41.287432682791525
            ],
            [
              -7.52311126306396,
              41.287432682791525
            ],
            [
              -7.52311126306396,
              41.28730124955077
            ]
          ]
        ]
      },
      "properties": {
        "id": "roof-29",
        "name": "Telhado de Telha Lusa Tradicional",
        "building_type": "Habitação Tradicional Duriense",
        "base_height": 6.4,
        "roof_thickness": 0.9,
        "roof_type": "Telha de Barro Vermelho Cozido",
        "is_landmark": false
      }
    },
    {
      "type": "Feature",
      "id": "roof-30",
      "geometry": {
        "type": "Polygon",
        "coordinates": [
          [
            [
              -7.5220069427991065,
              41.28726957065805
            ],
            [
              -7.52188448357441,
              41.28726957065805
            ],
            [
              -7.52188448357441,
              41.28738674261627
            ],
            [
              -7.5220069427991065,
              41.28738674261627
            ],
            [
              -7.5220069427991065,
              41.28726957065805
            ]
          ]
        ]
      },
      "properties": {
        "id": "roof-30",
        "name": "Telhado de Telha Lusa Tradicional",
        "building_type": "Habitação Tradicional Duriense",
        "base_height": 6.3,
        "roof_thickness": 0.9,
        "roof_type": "Telha de Barro Vermelho Cozido",
        "is_landmark": false
      }
    },
    {
      "type": "Feature",
      "id": "roof-31",
      "geometry": {
        "type": "Polygon",
        "coordinates": [
          [
            [
              -7.521061008258851,
              41.287219889437864
            ],
            [
              -7.520937993157226,
              41.287219889437864
            ],
            [
              -7.520937993157226,
              41.28735135662987
            ],
            [
              -7.521061008258851,
              41.28735135662987
            ],
            [
              -7.521061008258851,
              41.287219889437864
            ]
          ]
        ]
      },
      "properties": {
        "id": "roof-31",
        "name": "Telhado de Telha Lusa Tradicional",
        "building_type": "Adega / Lagar de Vinho",
        "base_height": 6.5,
        "roof_thickness": 0.9,
        "roof_type": "Telha de Barro Vermelho Cozido",
        "is_landmark": false
      }
    },
    {
      "type": "Feature",
      "id": "roof-32",
      "geometry": {
        "type": "Polygon",
        "coordinates": [
          [
            [
              -7.520146159810853,
              41.28730071150303
            ],
            [
              -7.519965349004913,
              41.28730071150303
            ],
            [
              -7.519965349004913,
              41.287423548009436
            ],
            [
              -7.520146159810853,
              41.287423548009436
            ],
            [
              -7.520146159810853,
              41.28730071150303
            ]
          ]
        ]
      },
      "properties": {
        "id": "roof-32",
        "name": "Telhado de Telha Lusa Tradicional",
        "building_type": "Habitação Tradicional Duriense",
        "base_height": 3.2,
        "roof_thickness": 0.9,
        "roof_type": "Telha de Barro Vermelho Cozido",
        "is_landmark": false
      }
    },
    {
      "type": "Feature",
      "id": "roof-33",
      "geometry": {
        "type": "Polygon",
        "coordinates": [
          [
            [
              -7.51954809832677,
              41.28725313347737
            ],
            [
              -7.5194223787661345,
              41.28725313347737
            ],
            [
              -7.5194223787661345,
              41.287389161284416
            ],
            [
              -7.51954809832677,
              41.287389161284416
            ],
            [
              -7.51954809832677,
              41.28725313347737
            ]
          ]
        ]
      },
      "properties": {
        "id": "roof-33",
        "name": "Telhado de Telha Lusa Tradicional",
        "building_type": "Habitação Tradicional Duriense",
        "base_height": 6.7,
        "roof_thickness": 0.9,
        "roof_type": "Telha de Barro Vermelho Cozido",
        "is_landmark": false
      }
    },
    {
      "type": "Feature",
      "id": "roof-34",
      "geometry": {
        "type": "Polygon",
        "coordinates": [
          [
            [
              -7.518619779814453,
              41.28727297193926
            ],
            [
              -7.518467562614398,
              41.28727297193926
            ],
            [
              -7.518467562614398,
              41.287407569656466
            ],
            [
              -7.518619779814453,
              41.287407569656466
            ],
            [
              -7.518619779814453,
              41.28727297193926
            ]
          ]
        ]
      },
      "properties": {
        "id": "roof-34",
        "name": "Telhado de Telha Lusa Tradicional",
        "building_type": "Habitação Tradicional Duriense",
        "base_height": 6.3,
        "roof_thickness": 0.9,
        "roof_type": "Telha de Barro Vermelho Cozido",
        "is_landmark": false
      }
    },
    {
      "type": "Feature",
      "id": "roof-35",
      "geometry": {
        "type": "Polygon",
        "coordinates": [
          [
            [
              -7.518080951107549,
              41.28725573476065
            ],
            [
              -7.517967510672107,
              41.28725573476065
            ],
            [
              -7.517967510672107,
              41.28734132355133
            ],
            [
              -7.518080951107549,
              41.28734132355133
            ],
            [
              -7.518080951107549,
              41.28725573476065
            ]
          ]
        ]
      },
      "properties": {
        "id": "roof-35",
        "name": "Telhado de Telha Lusa Tradicional",
        "building_type": "Habitação Tradicional Duriense",
        "base_height": 3.5,
        "roof_thickness": 0.9,
        "roof_type": "Telha de Barro Vermelho Cozido",
        "is_landmark": false
      }
    },
    {
      "type": "Feature",
      "id": "roof-36",
      "geometry": {
        "type": "Polygon",
        "coordinates": [
          [
            [
              -7.516628231334155,
              41.28731272702303
            ],
            [
              -7.516469770613628,
              41.28731272702303
            ],
            [
              -7.516469770613628,
              41.28740399443193
            ],
            [
              -7.516628231334155,
              41.28740399443193
            ],
            [
              -7.516628231334155,
              41.28731272702303
            ]
          ]
        ]
      },
      "properties": {
        "id": "roof-36",
        "name": "Telhado de Telha Lusa Tradicional",
        "building_type": "Adega / Lagar de Vinho",
        "base_height": 6.2,
        "roof_thickness": 0.9,
        "roof_type": "Telha de Barro Vermelho Cozido",
        "is_landmark": false
      }
    },
    {
      "type": "Feature",
      "id": "roof-37",
      "geometry": {
        "type": "Polygon",
        "coordinates": [
          [
            [
              -7.52700934717309,
              41.28764518304762
            ],
            [
              -7.52685553259651,
              41.28764518304762
            ],
            [
              -7.52685553259651,
              41.28777385555558
            ],
            [
              -7.52700934717309,
              41.28777385555558
            ],
            [
              -7.52700934717309,
              41.28764518304762
            ]
          ]
        ]
      },
      "properties": {
        "id": "roof-37",
        "name": "Telhado de Telha Lusa Tradicional",
        "building_type": "Habitação Tradicional Duriense",
        "base_height": 6.7,
        "roof_thickness": 0.9,
        "roof_type": "Telha de Barro Vermelho Cozido",
        "is_landmark": false
      }
    },
    {
      "type": "Feature",
      "id": "roof-38",
      "geometry": {
        "type": "Polygon",
        "coordinates": [
          [
            [
              -7.526578199305408,
              41.28765884404033
            ],
            [
              -7.526465792966221,
              41.28765884404033
            ],
            [
              -7.526465792966221,
              41.28774409454312
            ],
            [
              -7.526578199305408,
              41.28774409454312
            ],
            [
              -7.526578199305408,
              41.28765884404033
            ]
          ]
        ]
      },
      "properties": {
        "id": "roof-38",
        "name": "Telhado de Telha Lusa Tradicional",
        "building_type": "Habitação Tradicional Duriense",
        "base_height": 6.5,
        "roof_thickness": 0.9,
        "roof_type": "Telha de Barro Vermelho Cozido",
        "is_landmark": false
      }
    },
    {
      "type": "Feature",
      "id": "roof-39",
      "geometry": {
        "type": "Polygon",
        "coordinates": [
          [
            [
              -7.5250468020700945,
              41.287658286420566
            ],
            [
              -7.524859597716509,
              41.287658286420566
            ],
            [
              -7.524859597716509,
              41.28779847190934
            ],
            [
              -7.5250468020700945,
              41.28779847190934
            ],
            [
              -7.5250468020700945,
              41.287658286420566
            ]
          ]
        ]
      },
      "properties": {
        "id": "roof-39",
        "name": "Telhado de Telha Lusa Tradicional",
        "building_type": "Habitação Tradicional Duriense",
        "base_height": 6.4,
        "roof_thickness": 0.9,
        "roof_type": "Telha de Barro Vermelho Cozido",
        "is_landmark": false
      }
    },
    {
      "type": "Feature",
      "id": "roof-40",
      "geometry": {
        "type": "Polygon",
        "coordinates": [
          [
            [
              -7.523518771565078,
              41.287645063468744
            ],
            [
              -7.523413811425408,
              41.287645063468744
            ],
            [
              -7.523413811425408,
              41.28778274942405
            ],
            [
              -7.523518771565078,
              41.28778274942405
            ],
            [
              -7.523518771565078,
              41.287645063468744
            ]
          ]
        ]
      },
      "properties": {
        "id": "roof-40",
        "name": "Telhado de Telha Lusa Tradicional",
        "building_type": "Habitação Tradicional Duriense",
        "base_height": 6.8,
        "roof_thickness": 0.9,
        "roof_type": "Telha de Barro Vermelho Cozido",
        "is_landmark": false
      }
    },
    {
      "type": "Feature",
      "id": "roof-41",
      "geometry": {
        "type": "Polygon",
        "coordinates": [
          [
            [
              -7.522097068970906,
              41.28762660150477
            ],
            [
              -7.521963457876714,
              41.28762660150477
            ],
            [
              -7.521963457876714,
              41.28769853138249
            ],
            [
              -7.522097068970906,
              41.28769853138249
            ],
            [
              -7.522097068970906,
              41.28762660150477
            ]
          ]
        ]
      },
      "properties": {
        "id": "roof-41",
        "name": "Telhado de Telha Lusa Tradicional",
        "building_type": "Habitação Tradicional Duriense",
        "base_height": 6.7,
        "roof_thickness": 0.9,
        "roof_type": "Telha de Barro Vermelho Cozido",
        "is_landmark": false
      }
    },
    {
      "type": "Feature",
      "id": "roof-42",
      "geometry": {
        "type": "Polygon",
        "coordinates": [
          [
            [
              -7.521514436036993,
              41.2876833561678
            ],
            [
              -7.521370329369839,
              41.2876833561678
            ],
            [
              -7.521370329369839,
              41.287818243245106
            ],
            [
              -7.521514436036993,
              41.287818243245106
            ],
            [
              -7.521514436036993,
              41.2876833561678
            ]
          ]
        ]
      },
      "properties": {
        "id": "roof-42",
        "name": "Telhado de Telha Lusa Tradicional",
        "building_type": "Habitação Tradicional Duriense",
        "base_height": 6.2,
        "roof_thickness": 0.9,
        "roof_type": "Telha de Barro Vermelho Cozido",
        "is_landmark": false
      }
    },
    {
      "type": "Feature",
      "id": "roof-43",
      "geometry": {
        "type": "Polygon",
        "coordinates": [
          [
            [
              -7.520105869202318,
              41.287663184842565
            ],
            [
              -7.519975469423999,
              41.287663184842565
            ],
            [
              -7.519975469423999,
              41.287794016512244
            ],
            [
              -7.520105869202318,
              41.287794016512244
            ],
            [
              -7.520105869202318,
              41.287663184842565
            ]
          ]
        ]
      },
      "properties": {
        "id": "roof-43",
        "name": "Telhado de Telha Lusa Tradicional",
        "building_type": "Habitação Tradicional Duriense",
        "base_height": 3.7,
        "roof_thickness": 0.9,
        "roof_type": "Telha de Barro Vermelho Cozido",
        "is_landmark": false
      }
    },
    {
      "type": "Feature",
      "id": "roof-44",
      "geometry": {
        "type": "Polygon",
        "coordinates": [
          [
            [
              -7.519077359458393,
              41.28764190728509
            ],
            [
              -7.5189620817214085,
              41.28764190728509
            ],
            [
              -7.5189620817214085,
              41.28771535559521
            ],
            [
              -7.519077359458393,
              41.28771535559521
            ],
            [
              -7.519077359458393,
              41.28764190728509
            ]
          ]
        ]
      },
      "properties": {
        "id": "roof-44",
        "name": "Telhado de Telha Lusa Tradicional",
        "building_type": "Habitação Tradicional Duriense",
        "base_height": 6.5,
        "roof_thickness": 0.9,
        "roof_type": "Telha de Barro Vermelho Cozido",
        "is_landmark": false
      }
    },
    {
      "type": "Feature",
      "id": "roof-45",
      "geometry": {
        "type": "Polygon",
        "coordinates": [
          [
            [
              -7.5185612590751845,
              41.28769322241766
            ],
            [
              -7.518418365271577,
              41.28769322241766
            ],
            [
              -7.518418365271577,
              41.28782226082285
            ],
            [
              -7.5185612590751845,
              41.28782226082285
            ],
            [
              -7.5185612590751845,
              41.28769322241766
            ]
          ]
        ]
      },
      "properties": {
        "id": "roof-45",
        "name": "Telhado de Telha Lusa Tradicional",
        "building_type": "Habitação Tradicional Duriense",
        "base_height": 6.8,
        "roof_thickness": 0.9,
        "roof_type": "Telha de Barro Vermelho Cozido",
        "is_landmark": false
      }
    },
    {
      "type": "Feature",
      "id": "roof-46",
      "geometry": {
        "type": "Polygon",
        "coordinates": [
          [
            [
              -7.517561686042192,
              41.28767759384402
            ],
            [
              -7.517450730445559,
              41.28767759384402
            ],
            [
              -7.517450730445559,
              41.287765440176855
            ],
            [
              -7.517561686042192,
              41.287765440176855
            ],
            [
              -7.517561686042192,
              41.28767759384402
            ]
          ]
        ]
      },
      "properties": {
        "id": "roof-46",
        "name": "Telhado de Telha Lusa Tradicional",
        "building_type": "Adega / Lagar de Vinho",
        "base_height": 3.7,
        "roof_thickness": 0.9,
        "roof_type": "Telha de Barro Vermelho Cozido",
        "is_landmark": false
      }
    },
    {
      "type": "Feature",
      "id": "roof-47",
      "geometry": {
        "type": "Polygon",
        "coordinates": [
          [
            [
              -7.5166024220999335,
              41.28769310049532
            ],
            [
              -7.516462423680729,
              41.28769310049532
            ],
            [
              -7.516462423680729,
              41.28777095518144
            ],
            [
              -7.5166024220999335,
              41.28777095518144
            ],
            [
              -7.5166024220999335,
              41.28769310049532
            ]
          ]
        ]
      },
      "properties": {
        "id": "roof-47",
        "name": "Telhado de Telha Lusa Tradicional",
        "building_type": "Habitação Tradicional Duriense",
        "base_height": 7,
        "roof_thickness": 0.9,
        "roof_type": "Telha de Barro Vermelho Cozido",
        "is_landmark": false
      }
    },
    {
      "type": "Feature",
      "id": "roof-48",
      "geometry": {
        "type": "Polygon",
        "coordinates": [
          [
            [
              -7.5279967944122665,
              41.28805823350233
            ],
            [
              -7.527870891670276,
              41.28805823350233
            ],
            [
              -7.527870891670276,
              41.288163150271025
            ],
            [
              -7.5279967944122665,
              41.288163150271025
            ],
            [
              -7.5279967944122665,
              41.28805823350233
            ]
          ]
        ]
      },
      "properties": {
        "id": "roof-48",
        "name": "Telhado de Telha Lusa Tradicional",
        "building_type": "Habitação Tradicional Duriense",
        "base_height": 6.9,
        "roof_thickness": 0.9,
        "roof_type": "Telha de Barro Vermelho Cozido",
        "is_landmark": false
      }
    },
    {
      "type": "Feature",
      "id": "roof-49",
      "geometry": {
        "type": "Polygon",
        "coordinates": [
          [
            [
              -7.527522830252679,
              41.28806473486478
            ],
            [
              -7.527375933143326,
              41.28806473486478
            ],
            [
              -7.527375933143326,
              41.28815655911841
            ],
            [
              -7.527522830252679,
              41.28815655911841
            ],
            [
              -7.527522830252679,
              41.28806473486478
            ]
          ]
        ]
      },
      "properties": {
        "id": "roof-49",
        "name": "Telhado de Telha Lusa Tradicional",
        "building_type": "Habitação Tradicional Duriense",
        "base_height": 6.7,
        "roof_thickness": 0.9,
        "roof_type": "Telha de Barro Vermelho Cozido",
        "is_landmark": false
      }
    },
    {
      "type": "Feature",
      "id": "roof-50",
      "geometry": {
        "type": "Polygon",
        "coordinates": [
          [
            [
              -7.527002997547108,
              41.28808908283599
            ],
            [
              -7.5268590284273555,
              41.28808908283599
            ],
            [
              -7.5268590284273555,
              41.288160904505496
            ],
            [
              -7.527002997547108,
              41.288160904505496
            ],
            [
              -7.527002997547108,
              41.28808908283599
            ]
          ]
        ]
      },
      "properties": {
        "id": "roof-50",
        "name": "Telhado de Telha Lusa Tradicional",
        "building_type": "Habitação Tradicional Duriense",
        "base_height": 6.2,
        "roof_thickness": 0.9,
        "roof_type": "Telha de Barro Vermelho Cozido",
        "is_landmark": false
      }
    },
    {
      "type": "Feature",
      "id": "roof-51",
      "geometry": {
        "type": "Polygon",
        "coordinates": [
          [
            [
              -7.525561419290964,
              41.28799471783912
            ],
            [
              -7.525415668344323,
              41.28799471783912
            ],
            [
              -7.525415668344323,
              41.28811373626447
            ],
            [
              -7.525561419290964,
              41.28811373626447
            ],
            [
              -7.525561419290964,
              41.28799471783912
            ]
          ]
        ]
      },
      "properties": {
        "id": "roof-51",
        "name": "Telhado de Telha Lusa Tradicional",
        "building_type": "Habitação Tradicional Duriense",
        "base_height": 6.4,
        "roof_thickness": 0.9,
        "roof_type": "Telha de Barro Vermelho Cozido",
        "is_landmark": false
      }
    },
    {
      "type": "Feature",
      "id": "roof-52",
      "geometry": {
        "type": "Polygon",
        "coordinates": [
          [
            [
              -7.525105624955524,
              41.28797173564753
            ],
            [
              -7.524979499442395,
              41.28797173564753
            ],
            [
              -7.524979499442395,
              41.28808541976427
            ],
            [
              -7.525105624955524,
              41.28808541976427
            ],
            [
              -7.525105624955524,
              41.28797173564753
            ]
          ]
        ]
      },
      "properties": {
        "id": "roof-52",
        "name": "Telhado de Telha Lusa Tradicional",
        "building_type": "Habitação Tradicional Duriense",
        "base_height": 6.7,
        "roof_thickness": 0.9,
        "roof_type": "Telha de Barro Vermelho Cozido",
        "is_landmark": false
      }
    },
    {
      "type": "Feature",
      "id": "roof-53",
      "geometry": {
        "type": "Polygon",
        "coordinates": [
          [
            [
              -7.524522564412843,
              41.2879874405833
            ],
            [
              -7.5243526415794495,
              41.2879874405833
            ],
            [
              -7.5243526415794495,
              41.28811646590962
            ],
            [
              -7.524522564412843,
              41.28811646590962
            ],
            [
              -7.524522564412843,
              41.2879874405833
            ]
          ]
        ]
      },
      "properties": {
        "id": "roof-53",
        "name": "Telhado de Telha Lusa Tradicional",
        "building_type": "Habitação Tradicional Duriense",
        "base_height": 6.8,
        "roof_thickness": 0.9,
        "roof_type": "Telha de Barro Vermelho Cozido",
        "is_landmark": false
      }
    },
    {
      "type": "Feature",
      "id": "roof-54",
      "geometry": {
        "type": "Polygon",
        "coordinates": [
          [
            [
              -7.523621494974979,
              41.28798665913333
            ],
            [
              -7.523477752518994,
              41.28798665913333
            ],
            [
              -7.523477752518994,
              41.28808245187657
            ],
            [
              -7.523621494974979,
              41.28808245187657
            ],
            [
              -7.523621494974979,
              41.28798665913333
            ]
          ]
        ]
      },
      "properties": {
        "id": "roof-54",
        "name": "Telhado de Telha Lusa Tradicional",
        "building_type": "Habitação Tradicional Duriense",
        "base_height": 6.3,
        "roof_thickness": 0.9,
        "roof_type": "Telha de Barro Vermelho Cozido",
        "is_landmark": false
      }
    },
    {
      "type": "Feature",
      "id": "roof-55",
      "geometry": {
        "type": "Polygon",
        "coordinates": [
          [
            [
              -7.5210195143944745,
              41.28800866970447
            ],
            [
              -7.52091475006895,
              41.28800866970447
            ],
            [
              -7.52091475006895,
              41.28809121764965
            ],
            [
              -7.5210195143944745,
              41.28809121764965
            ],
            [
              -7.5210195143944745,
              41.28800866970447
            ]
          ]
        ]
      },
      "properties": {
        "id": "roof-55",
        "name": "Telhado de Telha Lusa Tradicional",
        "building_type": "Adega / Lagar de Vinho",
        "base_height": 6.6,
        "roof_thickness": 0.9,
        "roof_type": "Telha de Barro Vermelho Cozido",
        "is_landmark": false
      }
    },
    {
      "type": "Feature",
      "id": "roof-56",
      "geometry": {
        "type": "Polygon",
        "coordinates": [
          [
            [
              -7.519129990928241,
              41.2881005665724
            ],
            [
              -7.51894629573525,
              41.2881005665724
            ],
            [
              -7.51894629573525,
              41.288173439545126
            ],
            [
              -7.519129990928241,
              41.288173439545126
            ],
            [
              -7.519129990928241,
              41.2881005665724
            ]
          ]
        ]
      },
      "properties": {
        "id": "roof-56",
        "name": "Telhado de Telha Lusa Tradicional",
        "building_type": "Adega / Lagar de Vinho",
        "base_height": 3.2,
        "roof_thickness": 0.9,
        "roof_type": "Telha de Barro Vermelho Cozido",
        "is_landmark": false
      }
    },
    {
      "type": "Feature",
      "id": "roof-57",
      "geometry": {
        "type": "Polygon",
        "coordinates": [
          [
            [
              -7.518565539656599,
              41.28796377132338
            ],
            [
              -7.518438134779862,
              41.28796377132338
            ],
            [
              -7.518438134779862,
              41.28808135430787
            ],
            [
              -7.518565539656599,
              41.28808135430787
            ],
            [
              -7.518565539656599,
              41.28796377132338
            ]
          ]
        ]
      },
      "properties": {
        "id": "roof-57",
        "name": "Telhado de Telha Lusa Tradicional",
        "building_type": "Habitação Tradicional Duriense",
        "base_height": 6.9,
        "roof_thickness": 0.9,
        "roof_type": "Telha de Barro Vermelho Cozido",
        "is_landmark": false
      }
    },
    {
      "type": "Feature",
      "id": "roof-58",
      "geometry": {
        "type": "Polygon",
        "coordinates": [
          [
            [
              -7.518041216189526,
              41.287997036255966
            ],
            [
              -7.517858226915316,
              41.287997036255966
            ],
            [
              -7.517858226915316,
              41.288076331761424
            ],
            [
              -7.518041216189526,
              41.288076331761424
            ],
            [
              -7.518041216189526,
              41.287997036255966
            ]
          ]
        ]
      },
      "properties": {
        "id": "roof-58",
        "name": "Telhado de Telha Lusa Tradicional",
        "building_type": "Habitação Tradicional Duriense",
        "base_height": 6.8,
        "roof_thickness": 0.9,
        "roof_type": "Telha de Barro Vermelho Cozido",
        "is_landmark": false
      }
    },
    {
      "type": "Feature",
      "id": "roof-59",
      "geometry": {
        "type": "Polygon",
        "coordinates": [
          [
            [
              -7.517603922120672,
              41.28805994525043
            ],
            [
              -7.517468450032836,
              41.28805994525043
            ],
            [
              -7.517468450032836,
              41.28819753486196
            ],
            [
              -7.517603922120672,
              41.28819753486196
            ],
            [
              -7.517603922120672,
              41.28805994525043
            ]
          ]
        ]
      },
      "properties": {
        "id": "roof-59",
        "name": "Telhado de Telha Lusa Tradicional",
        "building_type": "Habitação Tradicional Duriense",
        "base_height": 6.8,
        "roof_thickness": 0.9,
        "roof_type": "Telha de Barro Vermelho Cozido",
        "is_landmark": false
      }
    },
    {
      "type": "Feature",
      "id": "roof-60",
      "geometry": {
        "type": "Polygon",
        "coordinates": [
          [
            [
              -7.515092297558295,
              41.288075049174275
            ],
            [
              -7.514951533532827,
              41.288075049174275
            ],
            [
              -7.514951533532827,
              41.2881465191065
            ],
            [
              -7.515092297558295,
              41.2881465191065
            ],
            [
              -7.515092297558295,
              41.288075049174275
            ]
          ]
        ]
      },
      "properties": {
        "id": "roof-60",
        "name": "Telhado de Telha Lusa Tradicional",
        "building_type": "Habitação Tradicional Duriense",
        "base_height": 6.5,
        "roof_thickness": 0.9,
        "roof_type": "Telha de Barro Vermelho Cozido",
        "is_landmark": false
      }
    },
    {
      "type": "Feature",
      "id": "roof-61",
      "geometry": {
        "type": "Polygon",
        "coordinates": [
          [
            [
              -7.527580228319163,
              41.28843517345834
            ],
            [
              -7.527430919679485,
              41.28843517345834
            ],
            [
              -7.527430919679485,
              41.2885327224775
            ],
            [
              -7.527580228319163,
              41.2885327224775
            ],
            [
              -7.527580228319163,
              41.28843517345834
            ]
          ]
        ]
      },
      "properties": {
        "id": "roof-61",
        "name": "Telhado de Telha Lusa Tradicional",
        "building_type": "Habitação Tradicional Duriense",
        "base_height": 6.9,
        "roof_thickness": 0.9,
        "roof_type": "Telha de Barro Vermelho Cozido",
        "is_landmark": false
      }
    },
    {
      "type": "Feature",
      "id": "roof-62",
      "geometry": {
        "type": "Polygon",
        "coordinates": [
          [
            [
              -7.526023083447231,
              41.288431663671666
            ],
            [
              -7.5258964755457685,
              41.288431663671666
            ],
            [
              -7.5258964755457685,
              41.28850377028309
            ],
            [
              -7.526023083447231,
              41.28850377028309
            ],
            [
              -7.526023083447231,
              41.288431663671666
            ]
          ]
        ]
      },
      "properties": {
        "id": "roof-62",
        "name": "Telhado de Telha Lusa Tradicional",
        "building_type": "Habitação Tradicional Duriense",
        "base_height": 6.3,
        "roof_thickness": 0.9,
        "roof_type": "Telha de Barro Vermelho Cozido",
        "is_landmark": false
      }
    },
    {
      "type": "Feature",
      "id": "roof-63",
      "geometry": {
        "type": "Polygon",
        "coordinates": [
          [
            [
              -7.525608042613967,
              41.28838897724693
            ],
            [
              -7.525480117847228,
              41.28838897724693
            ],
            [
              -7.525480117847228,
              41.28850590940615
            ],
            [
              -7.525608042613967,
              41.28850590940615
            ],
            [
              -7.525608042613967,
              41.28838897724693
            ]
          ]
        ]
      },
      "properties": {
        "id": "roof-63",
        "name": "Telhado de Telha Lusa Tradicional",
        "building_type": "Adega / Lagar de Vinho",
        "base_height": 6.8,
        "roof_thickness": 0.9,
        "roof_type": "Telha de Barro Vermelho Cozido",
        "is_landmark": false
      }
    },
    {
      "type": "Feature",
      "id": "roof-64",
      "geometry": {
        "type": "Polygon",
        "coordinates": [
          [
            [
              -7.525140229224454,
              41.2884562978423
            ],
            [
              -7.524983066790569,
              41.2884562978423
            ],
            [
              -7.524983066790569,
              41.28857967652752
            ],
            [
              -7.525140229224454,
              41.28857967652752
            ],
            [
              -7.525140229224454,
              41.2884562978423
            ]
          ]
        ]
      },
      "properties": {
        "id": "roof-64",
        "name": "Telhado de Telha Lusa Tradicional",
        "building_type": "Habitação Tradicional Duriense",
        "base_height": 6.5,
        "roof_thickness": 0.9,
        "roof_type": "Telha de Barro Vermelho Cozido",
        "is_landmark": false
      }
    },
    {
      "type": "Feature",
      "id": "roof-65",
      "geometry": {
        "type": "Polygon",
        "coordinates": [
          [
            [
              -7.524612687577029,
              41.28845202500592
            ],
            [
              -7.524498812579303,
              41.28845202500592
            ],
            [
              -7.524498812579303,
              41.2885481848808
            ],
            [
              -7.524612687577029,
              41.2885481848808
            ],
            [
              -7.524612687577029,
              41.28845202500592
            ]
          ]
        ]
      },
      "properties": {
        "id": "roof-65",
        "name": "Telhado de Telha Lusa Tradicional",
        "building_type": "Habitação Tradicional Duriense",
        "base_height": 6.4,
        "roof_thickness": 0.9,
        "roof_type": "Telha de Barro Vermelho Cozido",
        "is_landmark": false
      }
    },
    {
      "type": "Feature",
      "id": "roof-66",
      "geometry": {
        "type": "Polygon",
        "coordinates": [
          [
            [
              -7.5240075246206155,
              41.2884418521378
            ],
            [
              -7.523864137757044,
              41.2884418521378
            ],
            [
              -7.523864137757044,
              41.288544983960996
            ],
            [
              -7.5240075246206155,
              41.288544983960996
            ],
            [
              -7.5240075246206155,
              41.2884418521378
            ]
          ]
        ]
      },
      "properties": {
        "id": "roof-66",
        "name": "Telhado de Telha Lusa Tradicional",
        "building_type": "Habitação Tradicional Duriense",
        "base_height": 6.2,
        "roof_thickness": 0.9,
        "roof_type": "Telha de Barro Vermelho Cozido",
        "is_landmark": false
      }
    },
    {
      "type": "Feature",
      "id": "roof-67",
      "geometry": {
        "type": "Polygon",
        "coordinates": [
          [
            [
              -7.523096912723326,
              41.288336568570344
            ],
            [
              -7.522990268773445,
              41.288336568570344
            ],
            [
              -7.522990268773445,
              41.28847153449645
            ],
            [
              -7.523096912723326,
              41.28847153449645
            ],
            [
              -7.523096912723326,
              41.288336568570344
            ]
          ]
        ]
      },
      "properties": {
        "id": "roof-67",
        "name": "Telhado de Telha Lusa Tradicional",
        "building_type": "Habitação Tradicional Duriense",
        "base_height": 6.4,
        "roof_thickness": 0.9,
        "roof_type": "Telha de Barro Vermelho Cozido",
        "is_landmark": false
      }
    },
    {
      "type": "Feature",
      "id": "roof-68",
      "geometry": {
        "type": "Polygon",
        "coordinates": [
          [
            [
              -7.5220424737390985,
              41.288432847957324
            ],
            [
              -7.521910716936146,
              41.288432847957324
            ],
            [
              -7.521910716936146,
              41.288558852862025
            ],
            [
              -7.5220424737390985,
              41.288558852862025
            ],
            [
              -7.5220424737390985,
              41.288432847957324
            ]
          ]
        ]
      },
      "properties": {
        "id": "roof-68",
        "name": "Telhado de Telha Lusa Tradicional",
        "building_type": "Habitação Tradicional Duriense",
        "base_height": 3.5,
        "roof_thickness": 0.9,
        "roof_type": "Telha de Barro Vermelho Cozido",
        "is_landmark": false
      }
    },
    {
      "type": "Feature",
      "id": "roof-69",
      "geometry": {
        "type": "Polygon",
        "coordinates": [
          [
            [
              -7.521559427686461,
              41.28834211214619
            ],
            [
              -7.521389670459937,
              41.28834211214619
            ],
            [
              -7.521389670459937,
              41.28846743226533
            ],
            [
              -7.521559427686461,
              41.28846743226533
            ],
            [
              -7.521559427686461,
              41.28834211214619
            ]
          ]
        ]
      },
      "properties": {
        "id": "roof-69",
        "name": "Telhado de Telha Lusa Tradicional",
        "building_type": "Habitação Tradicional Duriense",
        "base_height": 6.2,
        "roof_thickness": 0.9,
        "roof_type": "Telha de Barro Vermelho Cozido",
        "is_landmark": false
      }
    },
    {
      "type": "Feature",
      "id": "roof-70",
      "geometry": {
        "type": "Polygon",
        "coordinates": [
          [
            [
              -7.520035634387178,
              41.2883830283938
            ],
            [
              -7.519897778855982,
              41.2883830283938
            ],
            [
              -7.519897778855982,
              41.28851307564731
            ],
            [
              -7.520035634387178,
              41.28851307564731
            ],
            [
              -7.520035634387178,
              41.2883830283938
            ]
          ]
        ]
      },
      "properties": {
        "id": "roof-70",
        "name": "Telhado de Telha Lusa Tradicional",
        "building_type": "Habitação Tradicional Duriense",
        "base_height": 6.8,
        "roof_thickness": 0.9,
        "roof_type": "Telha de Barro Vermelho Cozido",
        "is_landmark": false
      }
    },
    {
      "type": "Feature",
      "id": "roof-71",
      "geometry": {
        "type": "Polygon",
        "coordinates": [
          [
            [
              -7.518501423609142,
              41.288442071652796
            ],
            [
              -7.51836724463764,
              41.288442071652796
            ],
            [
              -7.51836724463764,
              41.288515299039474
            ],
            [
              -7.518501423609142,
              41.288515299039474
            ],
            [
              -7.518501423609142,
              41.288442071652796
            ]
          ]
        ]
      },
      "properties": {
        "id": "roof-71",
        "name": "Telhado de Telha Lusa Tradicional",
        "building_type": "Adega / Lagar de Vinho",
        "base_height": 6.3,
        "roof_thickness": 0.9,
        "roof_type": "Telha de Barro Vermelho Cozido",
        "is_landmark": false
      }
    },
    {
      "type": "Feature",
      "id": "roof-72",
      "geometry": {
        "type": "Polygon",
        "coordinates": [
          [
            [
              -7.517564676709404,
              41.288468873905074
            ],
            [
              -7.517427645305031,
              41.288468873905074
            ],
            [
              -7.517427645305031,
              41.28854585963873
            ],
            [
              -7.517564676709404,
              41.28854585963873
            ],
            [
              -7.517564676709404,
              41.288468873905074
            ]
          ]
        ]
      },
      "properties": {
        "id": "roof-72",
        "name": "Telhado de Telha Lusa Tradicional",
        "building_type": "Habitação Tradicional Duriense",
        "base_height": 6.8,
        "roof_thickness": 0.9,
        "roof_type": "Telha de Barro Vermelho Cozido",
        "is_landmark": false
      }
    },
    {
      "type": "Feature",
      "id": "roof-73",
      "geometry": {
        "type": "Polygon",
        "coordinates": [
          [
            [
              -7.516581805329359,
              41.28842018474147
            ],
            [
              -7.51641778687871,
              41.28842018474147
            ],
            [
              -7.51641778687871,
              41.28854688891087
            ],
            [
              -7.516581805329359,
              41.28854688891087
            ],
            [
              -7.516581805329359,
              41.28842018474147
            ]
          ]
        ]
      },
      "properties": {
        "id": "roof-73",
        "name": "Telhado de Telha Lusa Tradicional",
        "building_type": "Habitação Tradicional Duriense",
        "base_height": 6.3,
        "roof_thickness": 0.9,
        "roof_type": "Telha de Barro Vermelho Cozido",
        "is_landmark": false
      }
    },
    {
      "type": "Feature",
      "id": "roof-74",
      "geometry": {
        "type": "Polygon",
        "coordinates": [
          [
            [
              -7.516093264783754,
              41.288412271677984
            ],
            [
              -7.5159544215281375,
              41.288412271677984
            ],
            [
              -7.5159544215281375,
              41.28852471171193
            ],
            [
              -7.516093264783754,
              41.28852471171193
            ],
            [
              -7.516093264783754,
              41.288412271677984
            ]
          ]
        ]
      },
      "properties": {
        "id": "roof-74",
        "name": "Telhado de Telha Lusa Tradicional",
        "building_type": "Adega / Lagar de Vinho",
        "base_height": 6.4,
        "roof_thickness": 0.9,
        "roof_type": "Telha de Barro Vermelho Cozido",
        "is_landmark": false
      }
    },
    {
      "type": "Feature",
      "id": "roof-75",
      "geometry": {
        "type": "Polygon",
        "coordinates": [
          [
            [
              -7.515607501904203,
              41.28839446957774
            ],
            [
              -7.515463843076667,
              41.28839446957774
            ],
            [
              -7.515463843076667,
              41.28850849705212
            ],
            [
              -7.515607501904203,
              41.28850849705212
            ],
            [
              -7.515607501904203,
              41.28839446957774
            ]
          ]
        ]
      },
      "properties": {
        "id": "roof-75",
        "name": "Telhado de Telha Lusa Tradicional",
        "building_type": "Habitação Tradicional Duriense",
        "base_height": 6.3,
        "roof_thickness": 0.9,
        "roof_type": "Telha de Barro Vermelho Cozido",
        "is_landmark": false
      }
    },
    {
      "type": "Feature",
      "id": "roof-76",
      "geometry": {
        "type": "Polygon",
        "coordinates": [
          [
            [
              -7.528650119809498,
              41.288838755010666
            ],
            [
              -7.5284699041764345,
              41.288838755010666
            ],
            [
              -7.5284699041764345,
              41.28895910157711
            ],
            [
              -7.528650119809498,
              41.28895910157711
            ],
            [
              -7.528650119809498,
              41.288838755010666
            ]
          ]
        ]
      },
      "properties": {
        "id": "roof-76",
        "name": "Telhado de Telha Lusa Tradicional",
        "building_type": "Adega / Lagar de Vinho",
        "base_height": 6.2,
        "roof_thickness": 0.9,
        "roof_type": "Telha de Barro Vermelho Cozido",
        "is_landmark": false
      }
    },
    {
      "type": "Feature",
      "id": "roof-77",
      "geometry": {
        "type": "Polygon",
        "coordinates": [
          [
            [
              -7.528062692611293,
              41.288777382996855
            ],
            [
              -7.527891465100639,
              41.288777382996855
            ],
            [
              -7.527891465100639,
              41.28889877101528
            ],
            [
              -7.528062692611293,
              41.28889877101528
            ],
            [
              -7.528062692611293,
              41.288777382996855
            ]
          ]
        ]
      },
      "properties": {
        "id": "roof-77",
        "name": "Telhado de Telha Lusa Tradicional",
        "building_type": "Habitação Tradicional Duriense",
        "base_height": 6.8,
        "roof_thickness": 0.9,
        "roof_type": "Telha de Barro Vermelho Cozido",
        "is_landmark": false
      }
    },
    {
      "type": "Feature",
      "id": "roof-78",
      "geometry": {
        "type": "Polygon",
        "coordinates": [
          [
            [
              -7.526525703599226,
              41.288818865830834
            ],
            [
              -7.526370927206438,
              41.288818865830834
            ],
            [
              -7.526370927206438,
              41.2889104967209
            ],
            [
              -7.526525703599226,
              41.2889104967209
            ],
            [
              -7.526525703599226,
              41.288818865830834
            ]
          ]
        ]
      },
      "properties": {
        "id": "roof-78",
        "name": "Telhado de Telha Lusa Tradicional",
        "building_type": "Habitação Tradicional Duriense",
        "base_height": 6.5,
        "roof_thickness": 0.9,
        "roof_type": "Telha de Barro Vermelho Cozido",
        "is_landmark": false
      }
    },
    {
      "type": "Feature",
      "id": "roof-79",
      "geometry": {
        "type": "Polygon",
        "coordinates": [
          [
            [
              -7.525064328933673,
              41.28883814437849
            ],
            [
              -7.524937446355783,
              41.28883814437849
            ],
            [
              -7.524937446355783,
              41.28896130893844
            ],
            [
              -7.525064328933673,
              41.28896130893844
            ],
            [
              -7.525064328933673,
              41.28883814437849
            ]
          ]
        ]
      },
      "properties": {
        "id": "roof-79",
        "name": "Telhado de Telha Lusa Tradicional",
        "building_type": "Habitação Tradicional Duriense",
        "base_height": 6.6,
        "roof_thickness": 0.9,
        "roof_type": "Telha de Barro Vermelho Cozido",
        "is_landmark": false
      }
    },
    {
      "type": "Feature",
      "id": "roof-80",
      "geometry": {
        "type": "Polygon",
        "coordinates": [
          [
            [
              -7.522619365628872,
              41.288795007438374
            ],
            [
              -7.522485987755523,
              41.288795007438374
            ],
            [
              -7.522485987755523,
              41.288912760738036
            ],
            [
              -7.522619365628872,
              41.288912760738036
            ],
            [
              -7.522619365628872,
              41.288795007438374
            ]
          ]
        ]
      },
      "properties": {
        "id": "roof-80",
        "name": "Telhado de Telha Lusa Tradicional",
        "building_type": "Habitação Tradicional Duriense",
        "base_height": 6.9,
        "roof_thickness": 0.9,
        "roof_type": "Telha de Barro Vermelho Cozido",
        "is_landmark": false
      }
    },
    {
      "type": "Feature",
      "id": "roof-81",
      "geometry": {
        "type": "Polygon",
        "coordinates": [
          [
            [
              -7.521079960795678,
              41.28884502780829
            ],
            [
              -7.520897152985764,
              41.28884502780829
            ],
            [
              -7.520897152985764,
              41.28891736196047
            ],
            [
              -7.521079960795678,
              41.28891736196047
            ],
            [
              -7.521079960795678,
              41.28884502780829
            ]
          ]
        ]
      },
      "properties": {
        "id": "roof-81",
        "name": "Telhado de Telha Lusa Tradicional",
        "building_type": "Habitação Tradicional Duriense",
        "base_height": 6.3,
        "roof_thickness": 0.9,
        "roof_type": "Telha de Barro Vermelho Cozido",
        "is_landmark": false
      }
    },
    {
      "type": "Feature",
      "id": "roof-82",
      "geometry": {
        "type": "Polygon",
        "coordinates": [
          [
            [
              -7.520078273192391,
              41.28874619324735
            ],
            [
              -7.519935097900934,
              41.28874619324735
            ],
            [
              -7.519935097900934,
              41.28887591683423
            ],
            [
              -7.520078273192391,
              41.28887591683423
            ],
            [
              -7.520078273192391,
              41.28874619324735
            ]
          ]
        ]
      },
      "properties": {
        "id": "roof-82",
        "name": "Telhado de Telha Lusa Tradicional",
        "building_type": "Adega / Lagar de Vinho",
        "base_height": 6.3,
        "roof_thickness": 0.9,
        "roof_type": "Telha de Barro Vermelho Cozido",
        "is_landmark": false
      }
    },
    {
      "type": "Feature",
      "id": "roof-83",
      "geometry": {
        "type": "Polygon",
        "coordinates": [
          [
            [
              -7.518147724539935,
              41.288830081988515
            ],
            [
              -7.5179852240641125,
              41.288830081988515
            ],
            [
              -7.5179852240641125,
              41.28895675189869
            ],
            [
              -7.518147724539935,
              41.28895675189869
            ],
            [
              -7.518147724539935,
              41.288830081988515
            ]
          ]
        ]
      },
      "properties": {
        "id": "roof-83",
        "name": "Telhado de Telha Lusa Tradicional",
        "building_type": "Habitação Tradicional Duriense",
        "base_height": 6.6,
        "roof_thickness": 0.9,
        "roof_type": "Telha de Barro Vermelho Cozido",
        "is_landmark": false
      }
    },
    {
      "type": "Feature",
      "id": "roof-84",
      "geometry": {
        "type": "Polygon",
        "coordinates": [
          [
            [
              -7.51709517360556,
              41.28874857318821
            ],
            [
              -7.516941189241434,
              41.28874857318821
            ],
            [
              -7.516941189241434,
              41.28883531182726
            ],
            [
              -7.51709517360556,
              41.28883531182726
            ],
            [
              -7.51709517360556,
              41.28874857318821
            ]
          ]
        ]
      },
      "properties": {
        "id": "roof-84",
        "name": "Telhado de Telha Lusa Tradicional",
        "building_type": "Habitação Tradicional Duriense",
        "base_height": 6.4,
        "roof_thickness": 0.9,
        "roof_type": "Telha de Barro Vermelho Cozido",
        "is_landmark": false
      }
    },
    {
      "type": "Feature",
      "id": "roof-85",
      "geometry": {
        "type": "Polygon",
        "coordinates": [
          [
            [
              -7.516558179297244,
              41.28877494113542
            ],
            [
              -7.516384053738708,
              41.28877494113542
            ],
            [
              -7.516384053738708,
              41.288868820575836
            ],
            [
              -7.516558179297244,
              41.288868820575836
            ],
            [
              -7.516558179297244,
              41.28877494113542
            ]
          ]
        ]
      },
      "properties": {
        "id": "roof-85",
        "name": "Telhado de Telha Lusa Tradicional",
        "building_type": "Adega / Lagar de Vinho",
        "base_height": 6.3,
        "roof_thickness": 0.9,
        "roof_type": "Telha de Barro Vermelho Cozido",
        "is_landmark": false
      }
    },
    {
      "type": "Feature",
      "id": "roof-86",
      "geometry": {
        "type": "Polygon",
        "coordinates": [
          [
            [
              -7.515048000459701,
              41.288745558339805
            ],
            [
              -7.514893366829319,
              41.288745558339805
            ],
            [
              -7.514893366829319,
              41.28886702483192
            ],
            [
              -7.515048000459701,
              41.28886702483192
            ],
            [
              -7.515048000459701,
              41.288745558339805
            ]
          ]
        ]
      },
      "properties": {
        "id": "roof-86",
        "name": "Telhado de Telha Lusa Tradicional",
        "building_type": "Habitação Tradicional Duriense",
        "base_height": 6.8,
        "roof_thickness": 0.9,
        "roof_type": "Telha de Barro Vermelho Cozido",
        "is_landmark": false
      }
    },
    {
      "type": "Feature",
      "id": "roof-87",
      "geometry": {
        "type": "Polygon",
        "coordinates": [
          [
            [
              -7.528054180462465,
              41.289214407760625
            ],
            [
              -7.527870939985945,
              41.289214407760625
            ],
            [
              -7.527870939985945,
              41.289330434606455
            ],
            [
              -7.528054180462465,
              41.289330434606455
            ],
            [
              -7.528054180462465,
              41.289214407760625
            ]
          ]
        ]
      },
      "properties": {
        "id": "roof-87",
        "name": "Telhado de Telha Lusa Tradicional",
        "building_type": "Adega / Lagar de Vinho",
        "base_height": 6.3,
        "roof_thickness": 0.9,
        "roof_type": "Telha de Barro Vermelho Cozido",
        "is_landmark": false
      }
    },
    {
      "type": "Feature",
      "id": "roof-88",
      "geometry": {
        "type": "Polygon",
        "coordinates": [
          [
            [
              -7.527110658164149,
              41.289095588600894
            ],
            [
              -7.5269570827684475,
              41.289095588600894
            ],
            [
              -7.5269570827684475,
              41.2892334576431
            ],
            [
              -7.527110658164149,
              41.2892334576431
            ],
            [
              -7.527110658164149,
              41.289095588600894
            ]
          ]
        ]
      },
      "properties": {
        "id": "roof-88",
        "name": "Telhado de Telha Lusa Tradicional",
        "building_type": "Habitação Tradicional Duriense",
        "base_height": 6.3,
        "roof_thickness": 0.9,
        "roof_type": "Telha de Barro Vermelho Cozido",
        "is_landmark": false
      }
    },
    {
      "type": "Feature",
      "id": "roof-89",
      "geometry": {
        "type": "Polygon",
        "coordinates": [
          [
            [
              -7.5260065460922245,
              41.289182468795644
            ],
            [
              -7.525877061548954,
              41.289182468795644
            ],
            [
              -7.525877061548954,
              41.28930802392027
            ],
            [
              -7.5260065460922245,
              41.28930802392027
            ],
            [
              -7.5260065460922245,
              41.289182468795644
            ]
          ]
        ]
      },
      "properties": {
        "id": "roof-89",
        "name": "Telhado de Telha Lusa Tradicional",
        "building_type": "Habitação Tradicional Duriense",
        "base_height": 6.4,
        "roof_thickness": 0.9,
        "roof_type": "Telha de Barro Vermelho Cozido",
        "is_landmark": false
      }
    },
    {
      "type": "Feature",
      "id": "roof-90",
      "geometry": {
        "type": "Polygon",
        "coordinates": [
          [
            [
              -7.524566557289725,
              41.28912419411944
            ],
            [
              -7.5244462008452695,
              41.28912419411944
            ],
            [
              -7.5244462008452695,
              41.2892374148708
            ],
            [
              -7.524566557289725,
              41.2892374148708
            ],
            [
              -7.524566557289725,
              41.28912419411944
            ]
          ]
        ]
      },
      "properties": {
        "id": "roof-90",
        "name": "Telhado de Telha Lusa Tradicional",
        "building_type": "Habitação Tradicional Duriense",
        "base_height": 6.7,
        "roof_thickness": 0.9,
        "roof_type": "Telha de Barro Vermelho Cozido",
        "is_landmark": false
      }
    },
    {
      "type": "Feature",
      "id": "roof-91",
      "geometry": {
        "type": "Polygon",
        "coordinates": [
          [
            [
              -7.522611699955913,
              41.28917215141059
            ],
            [
              -7.5224741133734945,
              41.28917215141059
            ],
            [
              -7.5224741133734945,
              41.28928645661946
            ],
            [
              -7.522611699955913,
              41.28928645661946
            ],
            [
              -7.522611699955913,
              41.28917215141059
            ]
          ]
        ]
      },
      "properties": {
        "id": "roof-91",
        "name": "Telhado de Telha Lusa Tradicional",
        "building_type": "Habitação Tradicional Duriense",
        "base_height": 6.3,
        "roof_thickness": 0.9,
        "roof_type": "Telha de Barro Vermelho Cozido",
        "is_landmark": false
      }
    },
    {
      "type": "Feature",
      "id": "roof-92",
      "geometry": {
        "type": "Polygon",
        "coordinates": [
          [
            [
              -7.5220460800153965,
              41.28921817969995
            ],
            [
              -7.521929513641728,
              41.28921817969995
            ],
            [
              -7.521929513641728,
              41.28931196663988
            ],
            [
              -7.5220460800153965,
              41.28931196663988
            ],
            [
              -7.5220460800153965,
              41.28921817969995
            ]
          ]
        ]
      },
      "properties": {
        "id": "roof-92",
        "name": "Telhado de Telha Lusa Tradicional",
        "building_type": "Habitação Tradicional Duriense",
        "base_height": 6.8,
        "roof_thickness": 0.9,
        "roof_type": "Telha de Barro Vermelho Cozido",
        "is_landmark": false
      }
    },
    {
      "type": "Feature",
      "id": "roof-93",
      "geometry": {
        "type": "Polygon",
        "coordinates": [
          [
            [
              -7.5195297811198545,
              41.28920734313954
            ],
            [
              -7.519375895485967,
              41.28920734313954
            ],
            [
              -7.519375895485967,
              41.289326372275625
            ],
            [
              -7.5195297811198545,
              41.289326372275625
            ],
            [
              -7.5195297811198545,
              41.28920734313954
            ]
          ]
        ]
      },
      "properties": {
        "id": "roof-93",
        "name": "Telhado de Telha Lusa Tradicional",
        "building_type": "Habitação Tradicional Duriense",
        "base_height": 6.4,
        "roof_thickness": 0.9,
        "roof_type": "Telha de Barro Vermelho Cozido",
        "is_landmark": false
      }
    },
    {
      "type": "Feature",
      "id": "roof-94",
      "geometry": {
        "type": "Polygon",
        "coordinates": [
          [
            [
              -7.5184928750300895,
              41.2891849083059
            ],
            [
              -7.518370370322401,
              41.2891849083059
            ],
            [
              -7.518370370322401,
              41.28925997706689
            ],
            [
              -7.5184928750300895,
              41.28925997706689
            ],
            [
              -7.5184928750300895,
              41.2891849083059
            ]
          ]
        ]
      },
      "properties": {
        "id": "roof-94",
        "name": "Telhado de Telha Lusa Tradicional",
        "building_type": "Habitação Tradicional Duriense",
        "base_height": 6.5,
        "roof_thickness": 0.9,
        "roof_type": "Telha de Barro Vermelho Cozido",
        "is_landmark": false
      }
    },
    {
      "type": "Feature",
      "id": "roof-95",
      "geometry": {
        "type": "Polygon",
        "coordinates": [
          [
            [
              -7.517051403291973,
              41.28914000377092
            ],
            [
              -7.516908933660426,
              41.28914000377092
            ],
            [
              -7.516908933660426,
              41.289226327084016
            ],
            [
              -7.517051403291973,
              41.289226327084016
            ],
            [
              -7.517051403291973,
              41.28914000377092
            ]
          ]
        ]
      },
      "properties": {
        "id": "roof-95",
        "name": "Telhado de Telha Lusa Tradicional",
        "building_type": "Habitação Tradicional Duriense",
        "base_height": 6.9,
        "roof_thickness": 0.9,
        "roof_type": "Telha de Barro Vermelho Cozido",
        "is_landmark": false
      }
    },
    {
      "type": "Feature",
      "id": "roof-96",
      "geometry": {
        "type": "Polygon",
        "coordinates": [
          [
            [
              -7.516631815689885,
              41.2891827970277
            ],
            [
              -7.516484975579625,
              41.2891827970277
            ],
            [
              -7.516484975579625,
              41.28929042882027
            ],
            [
              -7.516631815689885,
              41.28929042882027
            ],
            [
              -7.516631815689885,
              41.2891827970277
            ]
          ]
        ]
      },
      "properties": {
        "id": "roof-96",
        "name": "Telhado de Telha Lusa Tradicional",
        "building_type": "Habitação Tradicional Duriense",
        "base_height": 7,
        "roof_thickness": 0.9,
        "roof_type": "Telha de Barro Vermelho Cozido",
        "is_landmark": false
      }
    },
    {
      "type": "Feature",
      "id": "roof-97",
      "geometry": {
        "type": "Polygon",
        "coordinates": [
          [
            [
              -7.515125842217188,
              41.28922371944951
            ],
            [
              -7.514990999648921,
              41.28922371944951
            ],
            [
              -7.514990999648921,
              41.28929794460866
            ],
            [
              -7.515125842217188,
              41.28929794460866
            ],
            [
              -7.515125842217188,
              41.28922371944951
            ]
          ]
        ]
      },
      "properties": {
        "id": "roof-97",
        "name": "Telhado de Telha Lusa Tradicional",
        "building_type": "Habitação Tradicional Duriense",
        "base_height": 3.2,
        "roof_thickness": 0.9,
        "roof_type": "Telha de Barro Vermelho Cozido",
        "is_landmark": false
      }
    },
    {
      "type": "Feature",
      "id": "roof-98",
      "geometry": {
        "type": "Polygon",
        "coordinates": [
          [
            [
              -7.529107232953089,
              41.28955906490692
            ],
            [
              -7.528932060574749,
              41.28955906490692
            ],
            [
              -7.528932060574749,
              41.289656567335975
            ],
            [
              -7.529107232953089,
              41.289656567335975
            ],
            [
              -7.529107232953089,
              41.28955906490692
            ]
          ]
        ]
      },
      "properties": {
        "id": "roof-98",
        "name": "Telhado de Telha Lusa Tradicional",
        "building_type": "Habitação Tradicional Duriense",
        "base_height": 6.6,
        "roof_thickness": 0.9,
        "roof_type": "Telha de Barro Vermelho Cozido",
        "is_landmark": false
      }
    },
    {
      "type": "Feature",
      "id": "roof-99",
      "geometry": {
        "type": "Polygon",
        "coordinates": [
          [
            [
              -7.528557393309611,
              41.28948308236247
            ],
            [
              -7.528437678053344,
              41.28948308236247
            ],
            [
              -7.528437678053344,
              41.28962192906834
            ],
            [
              -7.528557393309611,
              41.28962192906834
            ],
            [
              -7.528557393309611,
              41.28948308236247
            ]
          ]
        ]
      },
      "properties": {
        "id": "roof-99",
        "name": "Telhado de Telha Lusa Tradicional",
        "building_type": "Habitação Tradicional Duriense",
        "base_height": 6.5,
        "roof_thickness": 0.9,
        "roof_type": "Telha de Barro Vermelho Cozido",
        "is_landmark": false
      }
    },
    {
      "type": "Feature",
      "id": "roof-100",
      "geometry": {
        "type": "Polygon",
        "coordinates": [
          [
            [
              -7.52801106073456,
              41.28955527841212
            ],
            [
              -7.527863732504535,
              41.28955527841212
            ],
            [
              -7.527863732504535,
              41.28963704054511
            ],
            [
              -7.52801106073456,
              41.28963704054511
            ],
            [
              -7.52801106073456,
              41.28955527841212
            ]
          ]
        ]
      },
      "properties": {
        "id": "roof-100",
        "name": "Telhado de Telha Lusa Tradicional",
        "building_type": "Habitação Tradicional Duriense",
        "base_height": 6.6,
        "roof_thickness": 0.9,
        "roof_type": "Telha de Barro Vermelho Cozido",
        "is_landmark": false
      }
    },
    {
      "type": "Feature",
      "id": "roof-101",
      "geometry": {
        "type": "Polygon",
        "coordinates": [
          [
            [
              -7.527030161213593,
              41.28958352390573
            ],
            [
              -7.526897583790157,
              41.28958352390573
            ],
            [
              -7.526897583790157,
              41.28966343532966
            ],
            [
              -7.527030161213593,
              41.28966343532966
            ],
            [
              -7.527030161213593,
              41.28958352390573
            ]
          ]
        ]
      },
      "properties": {
        "id": "roof-101",
        "name": "Telhado de Telha Lusa Tradicional",
        "building_type": "Habitação Tradicional Duriense",
        "base_height": 6.4,
        "roof_thickness": 0.9,
        "roof_type": "Telha de Barro Vermelho Cozido",
        "is_landmark": false
      }
    },
    {
      "type": "Feature",
      "id": "roof-102",
      "geometry": {
        "type": "Polygon",
        "coordinates": [
          [
            [
              -7.526601600941948,
              41.289519406397275
            ],
            [
              -7.526468805863306,
              41.289519406397275
            ],
            [
              -7.526468805863306,
              41.28963732615921
            ],
            [
              -7.526601600941948,
              41.28963732615921
            ],
            [
              -7.526601600941948,
              41.289519406397275
            ]
          ]
        ]
      },
      "properties": {
        "id": "roof-102",
        "name": "Telhado de Telha Lusa Tradicional",
        "building_type": "Habitação Tradicional Duriense",
        "base_height": 7,
        "roof_thickness": 0.9,
        "roof_type": "Telha de Barro Vermelho Cozido",
        "is_landmark": false
      }
    },
    {
      "type": "Feature",
      "id": "roof-103",
      "geometry": {
        "type": "Polygon",
        "coordinates": [
          [
            [
              -7.5235248756513995,
              41.28954036173829
            ],
            [
              -7.523379209244493,
              41.28954036173829
            ],
            [
              -7.523379209244493,
              41.28961192366536
            ],
            [
              -7.5235248756513995,
              41.28961192366536
            ],
            [
              -7.5235248756513995,
              41.28954036173829
            ]
          ]
        ]
      },
      "properties": {
        "id": "roof-103",
        "name": "Telhado de Telha Lusa Tradicional",
        "building_type": "Habitação Tradicional Duriense",
        "base_height": 6.9,
        "roof_thickness": 0.9,
        "roof_type": "Telha de Barro Vermelho Cozido",
        "is_landmark": false
      }
    },
    {
      "type": "Feature",
      "id": "roof-104",
      "geometry": {
        "type": "Polygon",
        "coordinates": [
          [
            [
              -7.522542355495034,
              41.28952772435339
            ],
            [
              -7.52241820882637,
              41.28952772435339
            ],
            [
              -7.52241820882637,
              41.289639575234546
            ],
            [
              -7.522542355495034,
              41.289639575234546
            ],
            [
              -7.522542355495034,
              41.28952772435339
            ]
          ]
        ]
      },
      "properties": {
        "id": "roof-104",
        "name": "Telhado de Telha Lusa Tradicional",
        "building_type": "Habitação Tradicional Duriense",
        "base_height": 6.6,
        "roof_thickness": 0.9,
        "roof_type": "Telha de Barro Vermelho Cozido",
        "is_landmark": false
      }
    },
    {
      "type": "Feature",
      "id": "roof-105",
      "geometry": {
        "type": "Polygon",
        "coordinates": [
          [
            [
              -7.521621172555291,
              41.28953136421989
            ],
            [
              -7.521504619200387,
              41.28953136421989
            ],
            [
              -7.521504619200387,
              41.28961208914743
            ],
            [
              -7.521621172555291,
              41.28961208914743
            ],
            [
              -7.521621172555291,
              41.28953136421989
            ]
          ]
        ]
      },
      "properties": {
        "id": "roof-105",
        "name": "Telhado de Telha Lusa Tradicional",
        "building_type": "Habitação Tradicional Duriense",
        "base_height": 6.8,
        "roof_thickness": 0.9,
        "roof_type": "Telha de Barro Vermelho Cozido",
        "is_landmark": false
      }
    },
    {
      "type": "Feature",
      "id": "roof-106",
      "geometry": {
        "type": "Polygon",
        "coordinates": [
          [
            [
              -7.5205367639793685,
              41.28949572760299
            ],
            [
              -7.520427180397029,
              41.28949572760299
            ],
            [
              -7.520427180397029,
              41.28963096122411
            ],
            [
              -7.5205367639793685,
              41.28963096122411
            ],
            [
              -7.5205367639793685,
              41.28949572760299
            ]
          ]
        ]
      },
      "properties": {
        "id": "roof-106",
        "name": "Telhado de Telha Lusa Tradicional",
        "building_type": "Habitação Tradicional Duriense",
        "base_height": 6.2,
        "roof_thickness": 0.9,
        "roof_type": "Telha de Barro Vermelho Cozido",
        "is_landmark": false
      }
    },
    {
      "type": "Feature",
      "id": "roof-107",
      "geometry": {
        "type": "Polygon",
        "coordinates": [
          [
            [
              -7.519627127986745,
              41.28953937066368
            ],
            [
              -7.519511100435169,
              41.28953937066368
            ],
            [
              -7.519511100435169,
              41.289614714223866
            ],
            [
              -7.519627127986745,
              41.289614714223866
            ],
            [
              -7.519627127986745,
              41.28953937066368
            ]
          ]
        ]
      },
      "properties": {
        "id": "roof-107",
        "name": "Telhado de Telha Lusa Tradicional",
        "building_type": "Habitação Tradicional Duriense",
        "base_height": 7,
        "roof_thickness": 0.9,
        "roof_type": "Telha de Barro Vermelho Cozido",
        "is_landmark": false
      }
    },
    {
      "type": "Feature",
      "id": "roof-108",
      "geometry": {
        "type": "Polygon",
        "coordinates": [
          [
            [
              -7.517560611224178,
              41.28954360417612
            ],
            [
              -7.517415560426251,
              41.28954360417612
            ],
            [
              -7.517415560426251,
              41.28966868240086
            ],
            [
              -7.517560611224178,
              41.28966868240086
            ],
            [
              -7.517560611224178,
              41.28954360417612
            ]
          ]
        ]
      },
      "properties": {
        "id": "roof-108",
        "name": "Telhado de Telha Lusa Tradicional",
        "building_type": "Habitação Tradicional Duriense",
        "base_height": 6.3,
        "roof_thickness": 0.9,
        "roof_type": "Telha de Barro Vermelho Cozido",
        "is_landmark": false
      }
    },
    {
      "type": "Feature",
      "id": "roof-109",
      "geometry": {
        "type": "Polygon",
        "coordinates": [
          [
            [
              -7.517072603679396,
              41.28951428631698
            ],
            [
              -7.516933593053106,
              41.28951428631698
            ],
            [
              -7.516933593053106,
              41.28962418699006
            ],
            [
              -7.517072603679396,
              41.28962418699006
            ],
            [
              -7.517072603679396,
              41.28951428631698
            ]
          ]
        ]
      },
      "properties": {
        "id": "roof-109",
        "name": "Telhado de Telha Lusa Tradicional",
        "building_type": "Adega / Lagar de Vinho",
        "base_height": 3.8,
        "roof_thickness": 0.9,
        "roof_type": "Telha de Barro Vermelho Cozido",
        "is_landmark": false
      }
    },
    {
      "type": "Feature",
      "id": "roof-110",
      "geometry": {
        "type": "Polygon",
        "coordinates": [
          [
            [
              -7.516021576040307,
              41.28956058215071
            ],
            [
              -7.515909091650174,
              41.28956058215071
            ],
            [
              -7.515909091650174,
              41.28964566587352
            ],
            [
              -7.516021576040307,
              41.28964566587352
            ],
            [
              -7.516021576040307,
              41.28956058215071
            ]
          ]
        ]
      },
      "properties": {
        "id": "roof-110",
        "name": "Telhado de Telha Lusa Tradicional",
        "building_type": "Habitação Tradicional Duriense",
        "base_height": 6.3,
        "roof_thickness": 0.9,
        "roof_type": "Telha de Barro Vermelho Cozido",
        "is_landmark": false
      }
    },
    {
      "type": "Feature",
      "id": "roof-111",
      "geometry": {
        "type": "Polygon",
        "coordinates": [
          [
            [
              -7.515049997789668,
              41.28952240008757
            ],
            [
              -7.5149180914687745,
              41.28952240008757
            ],
            [
              -7.5149180914687745,
              41.28960912458481
            ],
            [
              -7.515049997789668,
              41.28960912458481
            ],
            [
              -7.515049997789668,
              41.28952240008757
            ]
          ]
        ]
      },
      "properties": {
        "id": "roof-111",
        "name": "Telhado de Telha Lusa Tradicional",
        "building_type": "Habitação Tradicional Duriense",
        "base_height": 6.9,
        "roof_thickness": 0.9,
        "roof_type": "Telha de Barro Vermelho Cozido",
        "is_landmark": false
      }
    },
    {
      "type": "Feature",
      "id": "roof-112",
      "geometry": {
        "type": "Polygon",
        "coordinates": [
          [
            [
              -7.514626130041498,
              41.28958100595205
            ],
            [
              -7.5144569174305,
              41.28958100595205
            ],
            [
              -7.5144569174305,
              41.28967446333102
            ],
            [
              -7.514626130041498,
              41.28967446333102
            ],
            [
              -7.514626130041498,
              41.28958100595205
            ]
          ]
        ]
      },
      "properties": {
        "id": "roof-112",
        "name": "Telhado de Telha Lusa Tradicional",
        "building_type": "Habitação Tradicional Duriense",
        "base_height": 3.3,
        "roof_thickness": 0.9,
        "roof_type": "Telha de Barro Vermelho Cozido",
        "is_landmark": false
      }
    },
    {
      "type": "Feature",
      "id": "roof-113",
      "geometry": {
        "type": "Polygon",
        "coordinates": [
          [
            [
              -7.5140616651006615,
              41.28952909323667
            ],
            [
              -7.51387760250265,
              41.28952909323667
            ],
            [
              -7.51387760250265,
              41.28963513396253
            ],
            [
              -7.5140616651006615,
              41.28963513396253
            ],
            [
              -7.5140616651006615,
              41.28952909323667
            ]
          ]
        ]
      },
      "properties": {
        "id": "roof-113",
        "name": "Telhado de Telha Lusa Tradicional",
        "building_type": "Adega / Lagar de Vinho",
        "base_height": 6.2,
        "roof_thickness": 0.9,
        "roof_type": "Telha de Barro Vermelho Cozido",
        "is_landmark": false
      }
    },
    {
      "type": "Feature",
      "id": "roof-114",
      "geometry": {
        "type": "Polygon",
        "coordinates": [
          [
            [
              -7.529084044417282,
              41.28996159104502
            ],
            [
              -7.5289043938606754,
              41.28996159104502
            ],
            [
              -7.5289043938606754,
              41.290075568085534
            ],
            [
              -7.529084044417282,
              41.290075568085534
            ],
            [
              -7.529084044417282,
              41.28996159104502
            ]
          ]
        ]
      },
      "properties": {
        "id": "roof-114",
        "name": "Telhado de Telha Lusa Tradicional",
        "building_type": "Habitação Tradicional Duriense",
        "base_height": 6.3,
        "roof_thickness": 0.9,
        "roof_type": "Telha de Barro Vermelho Cozido",
        "is_landmark": false
      }
    },
    {
      "type": "Feature",
      "id": "roof-115",
      "geometry": {
        "type": "Polygon",
        "coordinates": [
          [
            [
              -7.528555683509355,
              41.28989974173721
            ],
            [
              -7.528412004739943,
              41.28989974173721
            ],
            [
              -7.528412004739943,
              41.29001048591322
            ],
            [
              -7.528555683509355,
              41.29001048591322
            ],
            [
              -7.528555683509355,
              41.28989974173721
            ]
          ]
        ]
      },
      "properties": {
        "id": "roof-115",
        "name": "Telhado de Telha Lusa Tradicional",
        "building_type": "Habitação Tradicional Duriense",
        "base_height": 6.3,
        "roof_thickness": 0.9,
        "roof_type": "Telha de Barro Vermelho Cozido",
        "is_landmark": false
      }
    },
    {
      "type": "Feature",
      "id": "roof-116",
      "geometry": {
        "type": "Polygon",
        "coordinates": [
          [
            [
              -7.528084436715297,
              41.28991521765375
            ],
            [
              -7.527920968237325,
              41.28991521765375
            ],
            [
              -7.527920968237325,
              41.289993326437205
            ],
            [
              -7.528084436715297,
              41.289993326437205
            ],
            [
              -7.528084436715297,
              41.28991521765375
            ]
          ]
        ]
      },
      "properties": {
        "id": "roof-116",
        "name": "Telhado de Telha Lusa Tradicional",
        "building_type": "Habitação Tradicional Duriense",
        "base_height": 6.5,
        "roof_thickness": 0.9,
        "roof_type": "Telha de Barro Vermelho Cozido",
        "is_landmark": false
      }
    },
    {
      "type": "Feature",
      "id": "roof-117",
      "geometry": {
        "type": "Polygon",
        "coordinates": [
          [
            [
              -7.527568551580171,
              41.28996210778487
            ],
            [
              -7.527387530612359,
              41.28996210778487
            ],
            [
              -7.527387530612359,
              41.29007697553223
            ],
            [
              -7.527568551580171,
              41.29007697553223
            ],
            [
              -7.527568551580171,
              41.28996210778487
            ]
          ]
        ]
      },
      "properties": {
        "id": "roof-117",
        "name": "Telhado de Telha Lusa Tradicional",
        "building_type": "Habitação Tradicional Duriense",
        "base_height": 3.5,
        "roof_thickness": 0.9,
        "roof_type": "Telha de Barro Vermelho Cozido",
        "is_landmark": false
      }
    },
    {
      "type": "Feature",
      "id": "roof-118",
      "geometry": {
        "type": "Polygon",
        "coordinates": [
          [
            [
              -7.52708669475079,
              41.28992326458232
            ],
            [
              -7.5269365015867224,
              41.28992326458232
            ],
            [
              -7.5269365015867224,
              41.290056723051514
            ],
            [
              -7.52708669475079,
              41.290056723051514
            ],
            [
              -7.52708669475079,
              41.28992326458232
            ]
          ]
        ]
      },
      "properties": {
        "id": "roof-118",
        "name": "Telhado de Telha Lusa Tradicional",
        "building_type": "Habitação Tradicional Duriense",
        "base_height": 6.7,
        "roof_thickness": 0.9,
        "roof_type": "Telha de Barro Vermelho Cozido",
        "is_landmark": false
      }
    },
    {
      "type": "Feature",
      "id": "roof-119",
      "geometry": {
        "type": "Polygon",
        "coordinates": [
          [
            [
              -7.526623462492482,
              41.2899853646358
            ],
            [
              -7.526472155620823,
              41.2899853646358
            ],
            [
              -7.526472155620823,
              41.2900817938889
            ],
            [
              -7.526623462492482,
              41.2900817938889
            ],
            [
              -7.526623462492482,
              41.2899853646358
            ]
          ]
        ]
      },
      "properties": {
        "id": "roof-119",
        "name": "Telhado de Telha Lusa Tradicional",
        "building_type": "Habitação Tradicional Duriense",
        "base_height": 6.6,
        "roof_thickness": 0.9,
        "roof_type": "Telha de Barro Vermelho Cozido",
        "is_landmark": false
      }
    },
    {
      "type": "Feature",
      "id": "roof-120",
      "geometry": {
        "type": "Polygon",
        "coordinates": [
          [
            [
              -7.525637846104187,
              41.28991351150493
            ],
            [
              -7.525473939086799,
              41.28991351150493
            ],
            [
              -7.525473939086799,
              41.29004564986803
            ],
            [
              -7.525637846104187,
              41.29004564986803
            ],
            [
              -7.525637846104187,
              41.28991351150493
            ]
          ]
        ]
      },
      "properties": {
        "id": "roof-120",
        "name": "Telhado de Telha Lusa Tradicional",
        "building_type": "Habitação Tradicional Duriense",
        "base_height": 6.8,
        "roof_thickness": 0.9,
        "roof_type": "Telha de Barro Vermelho Cozido",
        "is_landmark": false
      }
    },
    {
      "type": "Feature",
      "id": "roof-121",
      "geometry": {
        "type": "Polygon",
        "coordinates": [
          [
            [
              -7.5250738059552456,
              41.2899615260986
            ],
            [
              -7.524899461943574,
              41.2899615260986
            ],
            [
              -7.524899461943574,
              41.29009497623088
            ],
            [
              -7.5250738059552456,
              41.29009497623088
            ],
            [
              -7.5250738059552456,
              41.2899615260986
            ]
          ]
        ]
      },
      "properties": {
        "id": "roof-121",
        "name": "Telhado de Telha Lusa Tradicional",
        "building_type": "Habitação Tradicional Duriense",
        "base_height": 6.5,
        "roof_thickness": 0.9,
        "roof_type": "Telha de Barro Vermelho Cozido",
        "is_landmark": false
      }
    },
    {
      "type": "Feature",
      "id": "roof-122",
      "geometry": {
        "type": "Polygon",
        "coordinates": [
          [
            [
              -7.524605252400732,
              41.28998994067647
            ],
            [
              -7.524475306030477,
              41.28998994067647
            ],
            [
              -7.524475306030477,
              41.29005871970315
            ],
            [
              -7.524605252400732,
              41.29005871970315
            ],
            [
              -7.524605252400732,
              41.28998994067647
            ]
          ]
        ]
      },
      "properties": {
        "id": "roof-122",
        "name": "Telhado de Telha Lusa Tradicional",
        "building_type": "Habitação Tradicional Duriense",
        "base_height": 6.9,
        "roof_thickness": 0.9,
        "roof_type": "Telha de Barro Vermelho Cozido",
        "is_landmark": false
      }
    },
    {
      "type": "Feature",
      "id": "roof-123",
      "geometry": {
        "type": "Polygon",
        "coordinates": [
          [
            [
              -7.524070481695002,
              41.28992607384801
            ],
            [
              -7.523899143492802,
              41.28992607384801
            ],
            [
              -7.523899143492802,
              41.289998414116994
            ],
            [
              -7.524070481695002,
              41.289998414116994
            ],
            [
              -7.524070481695002,
              41.28992607384801
            ]
          ]
        ]
      },
      "properties": {
        "id": "roof-123",
        "name": "Telhado de Telha Lusa Tradicional",
        "building_type": "Habitação Tradicional Duriense",
        "base_height": 6.7,
        "roof_thickness": 0.9,
        "roof_type": "Telha de Barro Vermelho Cozido",
        "is_landmark": false
      }
    },
    {
      "type": "Feature",
      "id": "roof-124",
      "geometry": {
        "type": "Polygon",
        "coordinates": [
          [
            [
              -7.5226324146906,
              41.289919121955926
            ],
            [
              -7.522503420921703,
              41.289919121955926
            ],
            [
              -7.522503420921703,
              41.29003114228893
            ],
            [
              -7.5226324146906,
              41.29003114228893
            ],
            [
              -7.5226324146906,
              41.289919121955926
            ]
          ]
        ]
      },
      "properties": {
        "id": "roof-124",
        "name": "Telhado de Telha Lusa Tradicional",
        "building_type": "Adega / Lagar de Vinho",
        "base_height": 6.9,
        "roof_thickness": 0.9,
        "roof_type": "Telha de Barro Vermelho Cozido",
        "is_landmark": false
      }
    },
    {
      "type": "Feature",
      "id": "roof-125",
      "geometry": {
        "type": "Polygon",
        "coordinates": [
          [
            [
              -7.521534561781938,
              41.28993509460688
            ],
            [
              -7.521369674397897,
              41.28993509460688
            ],
            [
              -7.521369674397897,
              41.29003204740304
            ],
            [
              -7.521534561781938,
              41.29003204740304
            ],
            [
              -7.521534561781938,
              41.28993509460688
            ]
          ]
        ]
      },
      "properties": {
        "id": "roof-125",
        "name": "Telhado de Telha Lusa Tradicional",
        "building_type": "Habitação Tradicional Duriense",
        "base_height": 6.8,
        "roof_thickness": 0.9,
        "roof_type": "Telha de Barro Vermelho Cozido",
        "is_landmark": false
      }
    },
    {
      "type": "Feature",
      "id": "roof-126",
      "geometry": {
        "type": "Polygon",
        "coordinates": [
          [
            [
              -7.520533659188277,
              41.28992671745815
            ],
            [
              -7.520407681053885,
              41.28992671745815
            ],
            [
              -7.520407681053885,
              41.290054080179864
            ],
            [
              -7.520533659188277,
              41.290054080179864
            ],
            [
              -7.520533659188277,
              41.28992671745815
            ]
          ]
        ]
      },
      "properties": {
        "id": "roof-126",
        "name": "Telhado de Telha Lusa Tradicional",
        "building_type": "Habitação Tradicional Duriense",
        "base_height": 6.9,
        "roof_thickness": 0.9,
        "roof_type": "Telha de Barro Vermelho Cozido",
        "is_landmark": false
      }
    },
    {
      "type": "Feature",
      "id": "roof-127",
      "geometry": {
        "type": "Polygon",
        "coordinates": [
          [
            [
              -7.519136318822841,
              41.28988983755627
            ],
            [
              -7.518993685019116,
              41.28988983755627
            ],
            [
              -7.518993685019116,
              41.29000941218377
            ],
            [
              -7.519136318822841,
              41.29000941218377
            ],
            [
              -7.519136318822841,
              41.28988983755627
            ]
          ]
        ]
      },
      "properties": {
        "id": "roof-127",
        "name": "Telhado de Telha Lusa Tradicional",
        "building_type": "Habitação Tradicional Duriense",
        "base_height": 6.6,
        "roof_thickness": 0.9,
        "roof_type": "Telha de Barro Vermelho Cozido",
        "is_landmark": false
      }
    },
    {
      "type": "Feature",
      "id": "roof-128",
      "geometry": {
        "type": "Polygon",
        "coordinates": [
          [
            [
              -7.518635746656232,
              41.289908931644554
            ],
            [
              -7.518469647700568,
              41.289908931644554
            ],
            [
              -7.518469647700568,
              41.29002937690206
            ],
            [
              -7.518635746656232,
              41.29002937690206
            ],
            [
              -7.518635746656232,
              41.289908931644554
            ]
          ]
        ]
      },
      "properties": {
        "id": "roof-128",
        "name": "Telhado de Telha Lusa Tradicional",
        "building_type": "Habitação Tradicional Duriense",
        "base_height": 3.6,
        "roof_thickness": 0.9,
        "roof_type": "Telha de Barro Vermelho Cozido",
        "is_landmark": false
      }
    },
    {
      "type": "Feature",
      "id": "roof-129",
      "geometry": {
        "type": "Polygon",
        "coordinates": [
          [
            [
              -7.518053497260103,
              41.28997104792473
            ],
            [
              -7.517894781016565,
              41.28997104792473
            ],
            [
              -7.517894781016565,
              41.29009149216487
            ],
            [
              -7.518053497260103,
              41.29009149216487
            ],
            [
              -7.518053497260103,
              41.28997104792473
            ]
          ]
        ]
      },
      "properties": {
        "id": "roof-129",
        "name": "Telhado de Telha Lusa Tradicional",
        "building_type": "Habitação Tradicional Duriense",
        "base_height": 3.9,
        "roof_thickness": 0.9,
        "roof_type": "Telha de Barro Vermelho Cozido",
        "is_landmark": false
      }
    },
    {
      "type": "Feature",
      "id": "roof-130",
      "geometry": {
        "type": "Polygon",
        "coordinates": [
          [
            [
              -7.514600504031821,
              41.289904808713885
            ],
            [
              -7.514492423083797,
              41.289904808713885
            ],
            [
              -7.514492423083797,
              41.28999180440579
            ],
            [
              -7.514600504031821,
              41.28999180440579
            ],
            [
              -7.514600504031821,
              41.289904808713885
            ]
          ]
        ]
      },
      "properties": {
        "id": "roof-130",
        "name": "Telhado de Telha Lusa Tradicional",
        "building_type": "Habitação Tradicional Duriense",
        "base_height": 6.4,
        "roof_thickness": 0.9,
        "roof_type": "Telha de Barro Vermelho Cozido",
        "is_landmark": false
      }
    },
    {
      "type": "Feature",
      "id": "roof-131",
      "geometry": {
        "type": "Polygon",
        "coordinates": [
          [
            [
              -7.514033725881542,
              41.28988800579594
            ],
            [
              -7.51387907550354,
              41.28988800579594
            ],
            [
              -7.51387907550354,
              41.28999752410835
            ],
            [
              -7.514033725881542,
              41.28999752410835
            ],
            [
              -7.514033725881542,
              41.28988800579594
            ]
          ]
        ]
      },
      "properties": {
        "id": "roof-131",
        "name": "Telhado de Telha Lusa Tradicional",
        "building_type": "Adega / Lagar de Vinho",
        "base_height": 3.6,
        "roof_thickness": 0.9,
        "roof_type": "Telha de Barro Vermelho Cozido",
        "is_landmark": false
      }
    },
    {
      "type": "Feature",
      "id": "roof-132",
      "geometry": {
        "type": "Polygon",
        "coordinates": [
          [
            [
              -7.527523415929611,
              41.290237821652205
            ],
            [
              -7.5273872635016215,
              41.290237821652205
            ],
            [
              -7.5273872635016215,
              41.29036849614358
            ],
            [
              -7.527523415929611,
              41.29036849614358
            ],
            [
              -7.527523415929611,
              41.290237821652205
            ]
          ]
        ]
      },
      "properties": {
        "id": "roof-132",
        "name": "Telhado de Telha Lusa Tradicional",
        "building_type": "Adega / Lagar de Vinho",
        "base_height": 6.7,
        "roof_thickness": 0.9,
        "roof_type": "Telha de Barro Vermelho Cozido",
        "is_landmark": false
      }
    },
    {
      "type": "Feature",
      "id": "roof-133",
      "geometry": {
        "type": "Polygon",
        "coordinates": [
          [
            [
              -7.526010124241321,
              41.290259957692506
            ],
            [
              -7.525879041982979,
              41.290259957692506
            ],
            [
              -7.525879041982979,
              41.290364905021654
            ],
            [
              -7.526010124241321,
              41.290364905021654
            ],
            [
              -7.526010124241321,
              41.290259957692506
            ]
          ]
        ]
      },
      "properties": {
        "id": "roof-133",
        "name": "Telhado de Telha Lusa Tradicional",
        "building_type": "Adega / Lagar de Vinho",
        "base_height": 6.8,
        "roof_thickness": 0.9,
        "roof_type": "Telha de Barro Vermelho Cozido",
        "is_landmark": false
      }
    },
    {
      "type": "Feature",
      "id": "roof-134",
      "geometry": {
        "type": "Polygon",
        "coordinates": [
          [
            [
              -7.524638081376966,
              41.2903539046074
            ],
            [
              -7.524467388196412,
              41.2903539046074
            ],
            [
              -7.524467388196412,
              41.29044193520059
            ],
            [
              -7.524638081376966,
              41.29044193520059
            ],
            [
              -7.524638081376966,
              41.2903539046074
            ]
          ]
        ]
      },
      "properties": {
        "id": "roof-134",
        "name": "Telhado de Telha Lusa Tradicional",
        "building_type": "Adega / Lagar de Vinho",
        "base_height": 7,
        "roof_thickness": 0.9,
        "roof_type": "Telha de Barro Vermelho Cozido",
        "is_landmark": false
      }
    },
    {
      "type": "Feature",
      "id": "roof-135",
      "geometry": {
        "type": "Polygon",
        "coordinates": [
          [
            [
              -7.524042852129342,
              41.29033872155185
            ],
            [
              -7.523911060188246,
              41.29033872155185
            ],
            [
              -7.523911060188246,
              41.2904494715613
            ],
            [
              -7.524042852129342,
              41.2904494715613
            ],
            [
              -7.524042852129342,
              41.29033872155185
            ]
          ]
        ]
      },
      "properties": {
        "id": "roof-135",
        "name": "Telhado de Telha Lusa Tradicional",
        "building_type": "Habitação Tradicional Duriense",
        "base_height": 6.2,
        "roof_thickness": 0.9,
        "roof_type": "Telha de Barro Vermelho Cozido",
        "is_landmark": false
      }
    },
    {
      "type": "Feature",
      "id": "roof-136",
      "geometry": {
        "type": "Polygon",
        "coordinates": [
          [
            [
              -7.5206060780558,
              41.29033597396789
            ],
            [
              -7.5204906751316996,
              41.29033597396789
            ],
            [
              -7.5204906751316996,
              41.29047526546142
            ],
            [
              -7.5206060780558,
              41.29047526546142
            ],
            [
              -7.5206060780558,
              41.29033597396789
            ]
          ]
        ]
      },
      "properties": {
        "id": "roof-136",
        "name": "Telhado de Telha Lusa Tradicional",
        "building_type": "Habitação Tradicional Duriense",
        "base_height": 6.7,
        "roof_thickness": 0.9,
        "roof_type": "Telha de Barro Vermelho Cozido",
        "is_landmark": false
      }
    },
    {
      "type": "Feature",
      "id": "roof-137",
      "geometry": {
        "type": "Polygon",
        "coordinates": [
          [
            [
              -7.519054685800213,
              41.29035116250008
            ],
            [
              -7.518899348419619,
              41.29035116250008
            ],
            [
              -7.518899348419619,
              41.290423513060766
            ],
            [
              -7.519054685800213,
              41.290423513060766
            ],
            [
              -7.519054685800213,
              41.29035116250008
            ]
          ]
        ]
      },
      "properties": {
        "id": "roof-137",
        "name": "Telhado de Telha Lusa Tradicional",
        "building_type": "Habitação Tradicional Duriense",
        "base_height": 6.2,
        "roof_thickness": 0.9,
        "roof_type": "Telha de Barro Vermelho Cozido",
        "is_landmark": false
      }
    },
    {
      "type": "Feature",
      "id": "roof-138",
      "geometry": {
        "type": "Polygon",
        "coordinates": [
          [
            [
              -7.518634044885797,
              41.29029737618748
            ],
            [
              -7.518496831003365,
              41.29029737618748
            ],
            [
              -7.518496831003365,
              41.290389203329596
            ],
            [
              -7.518634044885797,
              41.290389203329596
            ],
            [
              -7.518634044885797,
              41.29029737618748
            ]
          ]
        ]
      },
      "properties": {
        "id": "roof-138",
        "name": "Telhado de Telha Lusa Tradicional",
        "building_type": "Adega / Lagar de Vinho",
        "base_height": 6.7,
        "roof_thickness": 0.9,
        "roof_type": "Telha de Barro Vermelho Cozido",
        "is_landmark": false
      }
    },
    {
      "type": "Feature",
      "id": "roof-139",
      "geometry": {
        "type": "Polygon",
        "coordinates": [
          [
            [
              -7.518041103270528,
              41.290335522455585
            ],
            [
              -7.517855099215726,
              41.290335522455585
            ],
            [
              -7.517855099215726,
              41.2904602310908
            ],
            [
              -7.518041103270528,
              41.2904602310908
            ],
            [
              -7.518041103270528,
              41.290335522455585
            ]
          ]
        ]
      },
      "properties": {
        "id": "roof-139",
        "name": "Telhado de Telha Lusa Tradicional",
        "building_type": "Habitação Tradicional Duriense",
        "base_height": 6.4,
        "roof_thickness": 0.9,
        "roof_type": "Telha de Barro Vermelho Cozido",
        "is_landmark": false
      }
    },
    {
      "type": "Feature",
      "id": "roof-140",
      "geometry": {
        "type": "Polygon",
        "coordinates": [
          [
            [
              -7.517068034681483,
              41.29028553104987
            ],
            [
              -7.5169597321054304,
              41.29028553104987
            ],
            [
              -7.5169597321054304,
              41.29036814568182
            ],
            [
              -7.517068034681483,
              41.29036814568182
            ],
            [
              -7.517068034681483,
              41.29028553104987
            ]
          ]
        ]
      },
      "properties": {
        "id": "roof-140",
        "name": "Telhado de Telha Lusa Tradicional",
        "building_type": "Habitação Tradicional Duriense",
        "base_height": 6.3,
        "roof_thickness": 0.9,
        "roof_type": "Telha de Barro Vermelho Cozido",
        "is_landmark": false
      }
    },
    {
      "type": "Feature",
      "id": "roof-141",
      "geometry": {
        "type": "Polygon",
        "coordinates": [
          [
            [
              -7.515124105973832,
              41.290280310721045
            ],
            [
              -7.514971551212192,
              41.290280310721045
            ],
            [
              -7.514971551212192,
              41.290362938981104
            ],
            [
              -7.515124105973832,
              41.290362938981104
            ],
            [
              -7.515124105973832,
              41.290280310721045
            ]
          ]
        ]
      },
      "properties": {
        "id": "roof-141",
        "name": "Telhado de Telha Lusa Tradicional",
        "building_type": "Habitação Tradicional Duriense",
        "base_height": 6.7,
        "roof_thickness": 0.9,
        "roof_type": "Telha de Barro Vermelho Cozido",
        "is_landmark": false
      }
    },
    {
      "type": "Feature",
      "id": "roof-142",
      "geometry": {
        "type": "Polygon",
        "coordinates": [
          [
            [
              -7.5290426520634774,
              41.290747512170576
            ],
            [
              -7.528936960004538,
              41.290747512170576
            ],
            [
              -7.528936960004538,
              41.290848306339846
            ],
            [
              -7.5290426520634774,
              41.290848306339846
            ],
            [
              -7.5290426520634774,
              41.290747512170576
            ]
          ]
        ]
      },
      "properties": {
        "id": "roof-142",
        "name": "Telhado de Telha Lusa Tradicional",
        "building_type": "Habitação Tradicional Duriense",
        "base_height": 6.7,
        "roof_thickness": 0.9,
        "roof_type": "Telha de Barro Vermelho Cozido",
        "is_landmark": false
      }
    },
    {
      "type": "Feature",
      "id": "roof-143",
      "geometry": {
        "type": "Polygon",
        "coordinates": [
          [
            [
              -7.528551983195227,
              41.290687513044354
            ],
            [
              -7.528383657261196,
              41.290687513044354
            ],
            [
              -7.528383657261196,
              41.29078574910519
            ],
            [
              -7.528551983195227,
              41.29078574910519
            ],
            [
              -7.528551983195227,
              41.290687513044354
            ]
          ]
        ]
      },
      "properties": {
        "id": "roof-143",
        "name": "Telhado de Telha Lusa Tradicional",
        "building_type": "Habitação Tradicional Duriense",
        "base_height": 3.4,
        "roof_thickness": 0.9,
        "roof_type": "Telha de Barro Vermelho Cozido",
        "is_landmark": false
      }
    },
    {
      "type": "Feature",
      "id": "roof-144",
      "geometry": {
        "type": "Polygon",
        "coordinates": [
          [
            [
              -7.5280367757814375,
              41.29068255187086
            ],
            [
              -7.527849510543421,
              41.29068255187086
            ],
            [
              -7.527849510543421,
              41.29077517114743
            ],
            [
              -7.5280367757814375,
              41.29077517114743
            ],
            [
              -7.5280367757814375,
              41.29068255187086
            ]
          ]
        ]
      },
      "properties": {
        "id": "roof-144",
        "name": "Telhado de Telha Lusa Tradicional",
        "building_type": "Habitação Tradicional Duriense",
        "base_height": 6.8,
        "roof_thickness": 0.9,
        "roof_type": "Telha de Barro Vermelho Cozido",
        "is_landmark": false
      }
    },
    {
      "type": "Feature",
      "id": "roof-145",
      "geometry": {
        "type": "Polygon",
        "coordinates": [
          [
            [
              -7.525077569885278,
              41.2907557068144
            ],
            [
              -7.524939412085036,
              41.2907557068144
            ],
            [
              -7.524939412085036,
              41.29083005301006
            ],
            [
              -7.525077569885278,
              41.29083005301006
            ],
            [
              -7.525077569885278,
              41.2907557068144
            ]
          ]
        ]
      },
      "properties": {
        "id": "roof-145",
        "name": "Telhado de Telha Lusa Tradicional",
        "building_type": "Habitação Tradicional Duriense",
        "base_height": 6.9,
        "roof_thickness": 0.9,
        "roof_type": "Telha de Barro Vermelho Cozido",
        "is_landmark": false
      }
    },
    {
      "type": "Feature",
      "id": "roof-146",
      "geometry": {
        "type": "Polygon",
        "coordinates": [
          [
            [
              -7.524612516602217,
              41.290642011046074
            ],
            [
              -7.524450907329917,
              41.290642011046074
            ],
            [
              -7.524450907329917,
              41.290764642813386
            ],
            [
              -7.524612516602217,
              41.290764642813386
            ],
            [
              -7.524612516602217,
              41.290642011046074
            ]
          ]
        ]
      },
      "properties": {
        "id": "roof-146",
        "name": "Telhado de Telha Lusa Tradicional",
        "building_type": "Habitação Tradicional Duriense",
        "base_height": 6.8,
        "roof_thickness": 0.9,
        "roof_type": "Telha de Barro Vermelho Cozido",
        "is_landmark": false
      }
    },
    {
      "type": "Feature",
      "id": "roof-147",
      "geometry": {
        "type": "Polygon",
        "coordinates": [
          [
            [
              -7.523567112850729,
              41.290718604241555
            ],
            [
              -7.5234383410623265,
              41.290718604241555
            ],
            [
              -7.5234383410623265,
              41.29082341224399
            ],
            [
              -7.523567112850729,
              41.29082341224399
            ],
            [
              -7.523567112850729,
              41.290718604241555
            ]
          ]
        ]
      },
      "properties": {
        "id": "roof-147",
        "name": "Telhado de Telha Lusa Tradicional",
        "building_type": "Habitação Tradicional Duriense",
        "base_height": 3.7,
        "roof_thickness": 0.9,
        "roof_type": "Telha de Barro Vermelho Cozido",
        "is_landmark": false
      }
    },
    {
      "type": "Feature",
      "id": "roof-148",
      "geometry": {
        "type": "Polygon",
        "coordinates": [
          [
            [
              -7.522534393019587,
              41.29068285085021
            ],
            [
              -7.522385882671891,
              41.29068285085021
            ],
            [
              -7.522385882671891,
              41.290796925578555
            ],
            [
              -7.522534393019587,
              41.290796925578555
            ],
            [
              -7.522534393019587,
              41.29068285085021
            ]
          ]
        ]
      },
      "properties": {
        "id": "roof-148",
        "name": "Telhado de Telha Lusa Tradicional",
        "building_type": "Habitação Tradicional Duriense",
        "base_height": 6.3,
        "roof_thickness": 0.9,
        "roof_type": "Telha de Barro Vermelho Cozido",
        "is_landmark": false
      }
    },
    {
      "type": "Feature",
      "id": "roof-149",
      "geometry": {
        "type": "Polygon",
        "coordinates": [
          [
            [
              -7.522075118264049,
              41.29069312414172
            ],
            [
              -7.521957768482808,
              41.29069312414172
            ],
            [
              -7.521957768482808,
              41.29082856825227
            ],
            [
              -7.522075118264049,
              41.29082856825227
            ],
            [
              -7.522075118264049,
              41.29069312414172
            ]
          ]
        ]
      },
      "properties": {
        "id": "roof-149",
        "name": "Telhado de Telha Lusa Tradicional",
        "building_type": "Habitação Tradicional Duriense",
        "base_height": 6.7,
        "roof_thickness": 0.9,
        "roof_type": "Telha de Barro Vermelho Cozido",
        "is_landmark": false
      }
    },
    {
      "type": "Feature",
      "id": "roof-150",
      "geometry": {
        "type": "Polygon",
        "coordinates": [
          [
            [
              -7.521527771013848,
              41.29071648390612
            ],
            [
              -7.521372966299697,
              41.29071648390612
            ],
            [
              -7.521372966299697,
              41.29080617211822
            ],
            [
              -7.521527771013848,
              41.29080617211822
            ],
            [
              -7.521527771013848,
              41.29071648390612
            ]
          ]
        ]
      },
      "properties": {
        "id": "roof-150",
        "name": "Telhado de Telha Lusa Tradicional",
        "building_type": "Habitação Tradicional Duriense",
        "base_height": 3.2,
        "roof_thickness": 0.9,
        "roof_type": "Telha de Barro Vermelho Cozido",
        "is_landmark": false
      }
    },
    {
      "type": "Feature",
      "id": "roof-151",
      "geometry": {
        "type": "Polygon",
        "coordinates": [
          [
            [
              -7.521037134774214,
              41.29066285297912
            ],
            [
              -7.520876576913154,
              41.29066285297912
            ],
            [
              -7.520876576913154,
              41.290786986151495
            ],
            [
              -7.521037134774214,
              41.290786986151495
            ],
            [
              -7.521037134774214,
              41.29066285297912
            ]
          ]
        ]
      },
      "properties": {
        "id": "roof-151",
        "name": "Telhado de Telha Lusa Tradicional",
        "building_type": "Habitação Tradicional Duriense",
        "base_height": 6.9,
        "roof_thickness": 0.9,
        "roof_type": "Telha de Barro Vermelho Cozido",
        "is_landmark": false
      }
    },
    {
      "type": "Feature",
      "id": "roof-152",
      "geometry": {
        "type": "Polygon",
        "coordinates": [
          [
            [
              -7.5196312094986695,
              41.290676188296466
            ],
            [
              -7.51945594407902,
              41.290676188296466
            ],
            [
              -7.51945594407902,
              41.29081076728152
            ],
            [
              -7.5196312094986695,
              41.29081076728152
            ],
            [
              -7.5196312094986695,
              41.290676188296466
            ]
          ]
        ]
      },
      "properties": {
        "id": "roof-152",
        "name": "Telhado de Telha Lusa Tradicional",
        "building_type": "Habitação Tradicional Duriense",
        "base_height": 6.5,
        "roof_thickness": 0.9,
        "roof_type": "Telha de Barro Vermelho Cozido",
        "is_landmark": false
      }
    },
    {
      "type": "Feature",
      "id": "roof-153",
      "geometry": {
        "type": "Polygon",
        "coordinates": [
          [
            [
              -7.517025255689049,
              41.290659819314506
            ],
            [
              -7.516901322954107,
              41.290659819314506
            ],
            [
              -7.516901322954107,
              41.290728320388276
            ],
            [
              -7.517025255689049,
              41.290728320388276
            ],
            [
              -7.517025255689049,
              41.290659819314506
            ]
          ]
        ]
      },
      "properties": {
        "id": "roof-153",
        "name": "Telhado de Telha Lusa Tradicional",
        "building_type": "Adega / Lagar de Vinho",
        "base_height": 6.6,
        "roof_thickness": 0.9,
        "roof_type": "Telha de Barro Vermelho Cozido",
        "is_landmark": false
      }
    },
    {
      "type": "Feature",
      "id": "roof-154",
      "geometry": {
        "type": "Polygon",
        "coordinates": [
          [
            [
              -7.515545624397808,
              41.290735061650935
            ],
            [
              -7.515422319487698,
              41.290735061650935
            ],
            [
              -7.515422319487698,
              41.29085232226292
            ],
            [
              -7.515545624397808,
              41.29085232226292
            ],
            [
              -7.515545624397808,
              41.290735061650935
            ]
          ]
        ]
      },
      "properties": {
        "id": "roof-154",
        "name": "Telhado de Telha Lusa Tradicional",
        "building_type": "Adega / Lagar de Vinho",
        "base_height": 6.9,
        "roof_thickness": 0.9,
        "roof_type": "Telha de Barro Vermelho Cozido",
        "is_landmark": false
      }
    },
    {
      "type": "Feature",
      "id": "roof-155",
      "geometry": {
        "type": "Polygon",
        "coordinates": [
          [
            [
              -7.52906082251914,
              41.29108645130761
            ],
            [
              -7.528889206128943,
              41.29108645130761
            ],
            [
              -7.528889206128943,
              41.29118093487089
            ],
            [
              -7.52906082251914,
              41.29118093487089
            ],
            [
              -7.52906082251914,
              41.29108645130761
            ]
          ]
        ]
      },
      "properties": {
        "id": "roof-155",
        "name": "Telhado de Telha Lusa Tradicional",
        "building_type": "Habitação Tradicional Duriense",
        "base_height": 6.3,
        "roof_thickness": 0.9,
        "roof_type": "Telha de Barro Vermelho Cozido",
        "is_landmark": false
      }
    },
    {
      "type": "Feature",
      "id": "roof-156",
      "geometry": {
        "type": "Polygon",
        "coordinates": [
          [
            [
              -7.528640614922776,
              41.291130136842995
            ],
            [
              -7.528477144456464,
              41.291130136842995
            ],
            [
              -7.528477144456464,
              41.291212260660984
            ],
            [
              -7.528640614922776,
              41.291212260660984
            ],
            [
              -7.528640614922776,
              41.291130136842995
            ]
          ]
        ]
      },
      "properties": {
        "id": "roof-156",
        "name": "Telhado de Telha Lusa Tradicional",
        "building_type": "Habitação Tradicional Duriense",
        "base_height": 6.6,
        "roof_thickness": 0.9,
        "roof_type": "Telha de Barro Vermelho Cozido",
        "is_landmark": false
      }
    },
    {
      "type": "Feature",
      "id": "roof-157",
      "geometry": {
        "type": "Polygon",
        "coordinates": [
          [
            [
              -7.526028510883503,
              41.29104985347458
            ],
            [
              -7.5258525123105215,
              41.29104985347458
            ],
            [
              -7.5258525123105215,
              41.29114513822014
            ],
            [
              -7.526028510883503,
              41.29114513822014
            ],
            [
              -7.526028510883503,
              41.29104985347458
            ]
          ]
        ]
      },
      "properties": {
        "id": "roof-157",
        "name": "Telhado de Telha Lusa Tradicional",
        "building_type": "Habitação Tradicional Duriense",
        "base_height": 6.2,
        "roof_thickness": 0.9,
        "roof_type": "Telha de Barro Vermelho Cozido",
        "is_landmark": false
      }
    },
    {
      "type": "Feature",
      "id": "roof-158",
      "geometry": {
        "type": "Polygon",
        "coordinates": [
          [
            [
              -7.524570348787876,
              41.29107966413161
            ],
            [
              -7.5244603592608374,
              41.29107966413161
            ],
            [
              -7.5244603592608374,
              41.29121052969497
            ],
            [
              -7.524570348787876,
              41.29121052969497
            ],
            [
              -7.524570348787876,
              41.29107966413161
            ]
          ]
        ]
      },
      "properties": {
        "id": "roof-158",
        "name": "Telhado de Telha Lusa Tradicional",
        "building_type": "Habitação Tradicional Duriense",
        "base_height": 6.9,
        "roof_thickness": 0.9,
        "roof_type": "Telha de Barro Vermelho Cozido",
        "is_landmark": false
      }
    },
    {
      "type": "Feature",
      "id": "roof-159",
      "geometry": {
        "type": "Polygon",
        "coordinates": [
          [
            [
              -7.523099610704285,
              41.29102263558448
            ],
            [
              -7.52297705769936,
              41.29102263558448
            ],
            [
              -7.52297705769936,
              41.29112967710785
            ],
            [
              -7.523099610704285,
              41.29112967710785
            ],
            [
              -7.523099610704285,
              41.29102263558448
            ]
          ]
        ]
      },
      "properties": {
        "id": "roof-159",
        "name": "Telhado de Telha Lusa Tradicional",
        "building_type": "Habitação Tradicional Duriense",
        "base_height": 3.9,
        "roof_thickness": 0.9,
        "roof_type": "Telha de Barro Vermelho Cozido",
        "is_landmark": false
      }
    },
    {
      "type": "Feature",
      "id": "roof-160",
      "geometry": {
        "type": "Polygon",
        "coordinates": [
          [
            [
              -7.521526799435043,
              41.29104629137864
            ],
            [
              -7.521398165245222,
              41.29104629137864
            ],
            [
              -7.521398165245222,
              41.291124886173
            ],
            [
              -7.521526799435043,
              41.291124886173
            ],
            [
              -7.521526799435043,
              41.29104629137864
            ]
          ]
        ]
      },
      "properties": {
        "id": "roof-160",
        "name": "Telhado de Telha Lusa Tradicional",
        "building_type": "Habitação Tradicional Duriense",
        "base_height": 6.4,
        "roof_thickness": 0.9,
        "roof_type": "Telha de Barro Vermelho Cozido",
        "is_landmark": false
      }
    },
    {
      "type": "Feature",
      "id": "roof-161",
      "geometry": {
        "type": "Polygon",
        "coordinates": [
          [
            [
              -7.519997182016231,
              41.29099782237912
            ],
            [
              -7.519889692303653,
              41.29099782237912
            ],
            [
              -7.519889692303653,
              41.29112781508592
            ],
            [
              -7.519997182016231,
              41.29112781508592
            ],
            [
              -7.519997182016231,
              41.29099782237912
            ]
          ]
        ]
      },
      "properties": {
        "id": "roof-161",
        "name": "Telhado de Telha Lusa Tradicional",
        "building_type": "Habitação Tradicional Duriense",
        "base_height": 3.7,
        "roof_thickness": 0.9,
        "roof_type": "Telha de Barro Vermelho Cozido",
        "is_landmark": false
      }
    },
    {
      "type": "Feature",
      "id": "roof-162",
      "geometry": {
        "type": "Polygon",
        "coordinates": [
          [
            [
              -7.519520947118143,
              41.291128728830735
            ],
            [
              -7.51937506748274,
              41.291128728830735
            ],
            [
              -7.51937506748274,
              41.29122542047639
            ],
            [
              -7.519520947118143,
              41.29122542047639
            ],
            [
              -7.519520947118143,
              41.291128728830735
            ]
          ]
        ]
      },
      "properties": {
        "id": "roof-162",
        "name": "Telhado de Telha Lusa Tradicional",
        "building_type": "Habitação Tradicional Duriense",
        "base_height": 6.6,
        "roof_thickness": 0.9,
        "roof_type": "Telha de Barro Vermelho Cozido",
        "is_landmark": false
      }
    },
    {
      "type": "Feature",
      "id": "roof-163",
      "geometry": {
        "type": "Polygon",
        "coordinates": [
          [
            [
              -7.5191173575424655,
              41.29106867317683
            ],
            [
              -7.518959798137703,
              41.29106867317683
            ],
            [
              -7.518959798137703,
              41.291200172930125
            ],
            [
              -7.5191173575424655,
              41.291200172930125
            ],
            [
              -7.5191173575424655,
              41.29106867317683
            ]
          ]
        ]
      },
      "properties": {
        "id": "roof-163",
        "name": "Telhado de Telha Lusa Tradicional",
        "building_type": "Habitação Tradicional Duriense",
        "base_height": 6.8,
        "roof_thickness": 0.9,
        "roof_type": "Telha de Barro Vermelho Cozido",
        "is_landmark": false
      }
    },
    {
      "type": "Feature",
      "id": "roof-164",
      "geometry": {
        "type": "Polygon",
        "coordinates": [
          [
            [
              -7.517534174130059,
              41.29111414665828
            ],
            [
              -7.51736438889915,
              41.29111414665828
            ],
            [
              -7.51736438889915,
              41.29123533414573
            ],
            [
              -7.517534174130059,
              41.29123533414573
            ],
            [
              -7.517534174130059,
              41.29111414665828
            ]
          ]
        ]
      },
      "properties": {
        "id": "roof-164",
        "name": "Telhado de Telha Lusa Tradicional",
        "building_type": "Adega / Lagar de Vinho",
        "base_height": 6.9,
        "roof_thickness": 0.9,
        "roof_type": "Telha de Barro Vermelho Cozido",
        "is_landmark": false
      }
    },
    {
      "type": "Feature",
      "id": "roof-165",
      "geometry": {
        "type": "Polygon",
        "coordinates": [
          [
            [
              -7.516569335613726,
              41.29106106657459
            ],
            [
              -7.516424122778018,
              41.29106106657459
            ],
            [
              -7.516424122778018,
              41.291182542128375
            ],
            [
              -7.516569335613726,
              41.291182542128375
            ],
            [
              -7.516569335613726,
              41.29106106657459
            ]
          ]
        ]
      },
      "properties": {
        "id": "roof-165",
        "name": "Telhado de Telha Lusa Tradicional",
        "building_type": "Habitação Tradicional Duriense",
        "base_height": 7,
        "roof_thickness": 0.9,
        "roof_type": "Telha de Barro Vermelho Cozido",
        "is_landmark": false
      }
    },
    {
      "type": "Feature",
      "id": "roof-166",
      "geometry": {
        "type": "Polygon",
        "coordinates": [
          [
            [
              -7.516019325577617,
              41.29110000401641
            ],
            [
              -7.515871994987841,
              41.29110000401641
            ],
            [
              -7.515871994987841,
              41.291215578280536
            ],
            [
              -7.516019325577617,
              41.291215578280536
            ],
            [
              -7.516019325577617,
              41.29110000401641
            ]
          ]
        ]
      },
      "properties": {
        "id": "roof-166",
        "name": "Telhado de Telha Lusa Tradicional",
        "building_type": "Habitação Tradicional Duriense",
        "base_height": 3.2,
        "roof_thickness": 0.9,
        "roof_type": "Telha de Barro Vermelho Cozido",
        "is_landmark": false
      }
    },
    {
      "type": "Feature",
      "id": "roof-167",
      "geometry": {
        "type": "Polygon",
        "coordinates": [
          [
            [
              -7.51557058207008,
              41.29112138038382
            ],
            [
              -7.515388168209038,
              41.29112138038382
            ],
            [
              -7.515388168209038,
              41.291195300977
            ],
            [
              -7.51557058207008,
              41.291195300977
            ],
            [
              -7.51557058207008,
              41.29112138038382
            ]
          ]
        ]
      },
      "properties": {
        "id": "roof-167",
        "name": "Telhado de Telha Lusa Tradicional",
        "building_type": "Habitação Tradicional Duriense",
        "base_height": 3.5,
        "roof_thickness": 0.9,
        "roof_type": "Telha de Barro Vermelho Cozido",
        "is_landmark": false
      }
    },
    {
      "type": "Feature",
      "id": "roof-168",
      "geometry": {
        "type": "Polygon",
        "coordinates": [
          [
            [
              -7.5290640462725005,
              41.291485092176075
            ],
            [
              -7.528935130004285,
              41.291485092176075
            ],
            [
              -7.528935130004285,
              41.291572845142184
            ],
            [
              -7.5290640462725005,
              41.291572845142184
            ],
            [
              -7.5290640462725005,
              41.291485092176075
            ]
          ]
        ]
      },
      "properties": {
        "id": "roof-168",
        "name": "Telhado de Telha Lusa Tradicional",
        "building_type": "Adega / Lagar de Vinho",
        "base_height": 6.5,
        "roof_thickness": 0.9,
        "roof_type": "Telha de Barro Vermelho Cozido",
        "is_landmark": false
      }
    },
    {
      "type": "Feature",
      "id": "roof-169",
      "geometry": {
        "type": "Polygon",
        "coordinates": [
          [
            [
              -7.525080059729574,
              41.29151293386745
            ],
            [
              -7.524971368390255,
              41.29151293386745
            ],
            [
              -7.524971368390255,
              41.291606541405926
            ],
            [
              -7.525080059729574,
              41.291606541405926
            ],
            [
              -7.525080059729574,
              41.29151293386745
            ]
          ]
        ]
      },
      "properties": {
        "id": "roof-169",
        "name": "Telhado de Telha Lusa Tradicional",
        "building_type": "Habitação Tradicional Duriense",
        "base_height": 6.6,
        "roof_thickness": 0.9,
        "roof_type": "Telha de Barro Vermelho Cozido",
        "is_landmark": false
      }
    },
    {
      "type": "Feature",
      "id": "roof-170",
      "geometry": {
        "type": "Polygon",
        "coordinates": [
          [
            [
              -7.524063882869176,
              41.2915003853568
            ],
            [
              -7.52388456217854,
              41.2915003853568
            ],
            [
              -7.52388456217854,
              41.29160160579569
            ],
            [
              -7.524063882869176,
              41.29160160579569
            ],
            [
              -7.524063882869176,
              41.2915003853568
            ]
          ]
        ]
      },
      "properties": {
        "id": "roof-170",
        "name": "Telhado de Telha Lusa Tradicional",
        "building_type": "Adega / Lagar de Vinho",
        "base_height": 6.9,
        "roof_thickness": 0.9,
        "roof_type": "Telha de Barro Vermelho Cozido",
        "is_landmark": false
      }
    },
    {
      "type": "Feature",
      "id": "roof-171",
      "geometry": {
        "type": "Polygon",
        "coordinates": [
          [
            [
              -7.523546826593861,
              41.29145557165102
            ],
            [
              -7.523408787001326,
              41.29145557165102
            ],
            [
              -7.523408787001326,
              41.291577968894224
            ],
            [
              -7.523546826593861,
              41.291577968894224
            ],
            [
              -7.523546826593861,
              41.29145557165102
            ]
          ]
        ]
      },
      "properties": {
        "id": "roof-171",
        "name": "Telhado de Telha Lusa Tradicional",
        "building_type": "Habitação Tradicional Duriense",
        "base_height": 6.9,
        "roof_thickness": 0.9,
        "roof_type": "Telha de Barro Vermelho Cozido",
        "is_landmark": false
      }
    },
    {
      "type": "Feature",
      "id": "roof-172",
      "geometry": {
        "type": "Polygon",
        "coordinates": [
          [
            [
              -7.5230939260958,
              41.29145807526749
            ],
            [
              -7.522956762819112,
              41.29145807526749
            ],
            [
              -7.522956762819112,
              41.29154808355701
            ],
            [
              -7.5230939260958,
              41.29154808355701
            ],
            [
              -7.5230939260958,
              41.29145807526749
            ]
          ]
        ]
      },
      "properties": {
        "id": "roof-172",
        "name": "Telhado de Telha Lusa Tradicional",
        "building_type": "Habitação Tradicional Duriense",
        "base_height": 6.3,
        "roof_thickness": 0.9,
        "roof_type": "Telha de Barro Vermelho Cozido",
        "is_landmark": false
      }
    },
    {
      "type": "Feature",
      "id": "roof-173",
      "geometry": {
        "type": "Polygon",
        "coordinates": [
          [
            [
              -7.520042508305935,
              41.291448567527745
            ],
            [
              -7.519883273267555,
              41.291448567527745
            ],
            [
              -7.519883273267555,
              41.29158332236249
            ],
            [
              -7.520042508305935,
              41.29158332236249
            ],
            [
              -7.520042508305935,
              41.291448567527745
            ]
          ]
        ]
      },
      "properties": {
        "id": "roof-173",
        "name": "Telhado de Telha Lusa Tradicional",
        "building_type": "Habitação Tradicional Duriense",
        "base_height": 6.9,
        "roof_thickness": 0.9,
        "roof_type": "Telha de Barro Vermelho Cozido",
        "is_landmark": false
      }
    },
    {
      "type": "Feature",
      "id": "roof-174",
      "geometry": {
        "type": "Polygon",
        "coordinates": [
          [
            [
              -7.519632680522893,
              41.291427321933455
            ],
            [
              -7.519450794304548,
              41.291427321933455
            ],
            [
              -7.519450794304548,
              41.29156212778297
            ],
            [
              -7.519632680522893,
              41.29156212778297
            ],
            [
              -7.519632680522893,
              41.291427321933455
            ]
          ]
        ]
      },
      "properties": {
        "id": "roof-174",
        "name": "Telhado de Telha Lusa Tradicional",
        "building_type": "Habitação Tradicional Duriense",
        "base_height": 3.8,
        "roof_thickness": 0.9,
        "roof_type": "Telha de Barro Vermelho Cozido",
        "is_landmark": false
      }
    },
    {
      "type": "Feature",
      "id": "roof-175",
      "geometry": {
        "type": "Polygon",
        "coordinates": [
          [
            [
              -7.519015727432617,
              41.29140832883475
            ],
            [
              -7.518903024517014,
              41.29140832883475
            ],
            [
              -7.518903024517014,
              41.29148691970505
            ],
            [
              -7.519015727432617,
              41.29148691970505
            ],
            [
              -7.519015727432617,
              41.29140832883475
            ]
          ]
        ]
      },
      "properties": {
        "id": "roof-175",
        "name": "Telhado de Telha Lusa Tradicional",
        "building_type": "Adega / Lagar de Vinho",
        "base_height": 6.5,
        "roof_thickness": 0.9,
        "roof_type": "Telha de Barro Vermelho Cozido",
        "is_landmark": false
      }
    },
    {
      "type": "Feature",
      "id": "roof-176",
      "geometry": {
        "type": "Polygon",
        "coordinates": [
          [
            [
              -7.518515758659741,
              41.291426621101124
            ],
            [
              -7.5184007172026375,
              41.291426621101124
            ],
            [
              -7.5184007172026375,
              41.29156342354
            ],
            [
              -7.518515758659741,
              41.29156342354
            ],
            [
              -7.518515758659741,
              41.291426621101124
            ]
          ]
        ]
      },
      "properties": {
        "id": "roof-176",
        "name": "Telhado de Telha Lusa Tradicional",
        "building_type": "Habitação Tradicional Duriense",
        "base_height": 3.5,
        "roof_thickness": 0.9,
        "roof_type": "Telha de Barro Vermelho Cozido",
        "is_landmark": false
      }
    },
    {
      "type": "Feature",
      "id": "roof-177",
      "geometry": {
        "type": "Polygon",
        "coordinates": [
          [
            [
              -7.518130202004536,
              41.29149053683064
            ],
            [
              -7.5179893767350725,
              41.29149053683064
            ],
            [
              -7.5179893767350725,
              41.291604905289596
            ],
            [
              -7.518130202004536,
              41.291604905289596
            ],
            [
              -7.518130202004536,
              41.29149053683064
            ]
          ]
        ]
      },
      "properties": {
        "id": "roof-177",
        "name": "Telhado de Telha Lusa Tradicional",
        "building_type": "Habitação Tradicional Duriense",
        "base_height": 6.8,
        "roof_thickness": 0.9,
        "roof_type": "Telha de Barro Vermelho Cozido",
        "is_landmark": false
      }
    },
    {
      "type": "Feature",
      "id": "roof-178",
      "geometry": {
        "type": "Polygon",
        "coordinates": [
          [
            [
              -7.517511062315532,
              41.29138904361769
            ],
            [
              -7.517386685152343,
              41.29138904361769
            ],
            [
              -7.517386685152343,
              41.29149514217941
            ],
            [
              -7.517511062315532,
              41.29149514217941
            ],
            [
              -7.517511062315532,
              41.29138904361769
            ]
          ]
        ]
      },
      "properties": {
        "id": "roof-178",
        "name": "Telhado de Telha Lusa Tradicional",
        "building_type": "Habitação Tradicional Duriense",
        "base_height": 6.2,
        "roof_thickness": 0.9,
        "roof_type": "Telha de Barro Vermelho Cozido",
        "is_landmark": false
      }
    },
    {
      "type": "Feature",
      "id": "roof-179",
      "geometry": {
        "type": "Polygon",
        "coordinates": [
          [
            [
              -7.516534879318888,
              41.29146549975311
            ],
            [
              -7.516347828938143,
              41.29146549975311
            ],
            [
              -7.516347828938143,
              41.29158837199781
            ],
            [
              -7.516534879318888,
              41.29158837199781
            ],
            [
              -7.516534879318888,
              41.29146549975311
            ]
          ]
        ]
      },
      "properties": {
        "id": "roof-179",
        "name": "Telhado de Telha Lusa Tradicional",
        "building_type": "Adega / Lagar de Vinho",
        "base_height": 6.4,
        "roof_thickness": 0.9,
        "roof_type": "Telha de Barro Vermelho Cozido",
        "is_landmark": false
      }
    },
    {
      "type": "Feature",
      "id": "roof-180",
      "geometry": {
        "type": "Polygon",
        "coordinates": [
          [
            [
              -7.516068255816597,
              41.29148558905167
            ],
            [
              -7.5159541847318,
              41.29148558905167
            ],
            [
              -7.5159541847318,
              41.29161701796156
            ],
            [
              -7.516068255816597,
              41.29161701796156
            ],
            [
              -7.516068255816597,
              41.29148558905167
            ]
          ]
        ]
      },
      "properties": {
        "id": "roof-180",
        "name": "Telhado de Telha Lusa Tradicional",
        "building_type": "Habitação Tradicional Duriense",
        "base_height": 6.9,
        "roof_thickness": 0.9,
        "roof_type": "Telha de Barro Vermelho Cozido",
        "is_landmark": false
      }
    },
    {
      "type": "Feature",
      "id": "roof-181",
      "geometry": {
        "type": "Polygon",
        "coordinates": [
          [
            [
              -7.515640347060059,
              41.291515096240325
            ],
            [
              -7.515497065276281,
              41.291515096240325
            ],
            [
              -7.515497065276281,
              41.29159319575698
            ],
            [
              -7.515640347060059,
              41.29159319575698
            ],
            [
              -7.515640347060059,
              41.291515096240325
            ]
          ]
        ]
      },
      "properties": {
        "id": "roof-181",
        "name": "Telhado de Telha Lusa Tradicional",
        "building_type": "Habitação Tradicional Duriense",
        "base_height": 6.4,
        "roof_thickness": 0.9,
        "roof_type": "Telha de Barro Vermelho Cozido",
        "is_landmark": false
      }
    },
    {
      "type": "Feature",
      "id": "roof-182",
      "geometry": {
        "type": "Polygon",
        "coordinates": [
          [
            [
              -7.51460402552054,
              41.29149427624967
            ],
            [
              -7.514469735649262,
              41.29149427624967
            ],
            [
              -7.514469735649262,
              41.29157307947424
            ],
            [
              -7.51460402552054,
              41.29157307947424
            ],
            [
              -7.51460402552054,
              41.29149427624967
            ]
          ]
        ]
      },
      "properties": {
        "id": "roof-182",
        "name": "Telhado de Telha Lusa Tradicional",
        "building_type": "Habitação Tradicional Duriense",
        "base_height": 6.6,
        "roof_thickness": 0.9,
        "roof_type": "Telha de Barro Vermelho Cozido",
        "is_landmark": false
      }
    },
    {
      "type": "Feature",
      "id": "roof-183",
      "geometry": {
        "type": "Polygon",
        "coordinates": [
          [
            [
              -7.514024971082853,
              41.291411043085944
            ],
            [
              -7.513872184652345,
              41.291411043085944
            ],
            [
              -7.513872184652345,
              41.29151772505058
            ],
            [
              -7.514024971082853,
              41.29151772505058
            ],
            [
              -7.514024971082853,
              41.291411043085944
            ]
          ]
        ]
      },
      "properties": {
        "id": "roof-183",
        "name": "Telhado de Telha Lusa Tradicional",
        "building_type": "Habitação Tradicional Duriense",
        "base_height": 6.4,
        "roof_thickness": 0.9,
        "roof_type": "Telha de Barro Vermelho Cozido",
        "is_landmark": false
      }
    },
    {
      "type": "Feature",
      "id": "roof-184",
      "geometry": {
        "type": "Polygon",
        "coordinates": [
          [
            [
              -7.513617441035743,
              41.29148563875445
            ],
            [
              -7.51349735993902,
              41.29148563875445
            ],
            [
              -7.51349735993902,
              41.29160347900704
            ],
            [
              -7.513617441035743,
              41.29160347900704
            ],
            [
              -7.513617441035743,
              41.29148563875445
            ]
          ]
        ]
      },
      "properties": {
        "id": "roof-184",
        "name": "Telhado de Telha Lusa Tradicional",
        "building_type": "Habitação Tradicional Duriense",
        "base_height": 6.5,
        "roof_thickness": 0.9,
        "roof_type": "Telha de Barro Vermelho Cozido",
        "is_landmark": false
      }
    },
    {
      "type": "Feature",
      "id": "roof-185",
      "geometry": {
        "type": "Polygon",
        "coordinates": [
          [
            [
              -7.527609604371879,
              41.2917687627944
            ],
            [
              -7.527466407545022,
              41.2917687627944
            ],
            [
              -7.527466407545022,
              41.29188554974697
            ],
            [
              -7.527609604371879,
              41.29188554974697
            ],
            [
              -7.527609604371879,
              41.2917687627944
            ]
          ]
        ]
      },
      "properties": {
        "id": "roof-185",
        "name": "Telhado de Telha Lusa Tradicional",
        "building_type": "Habitação Tradicional Duriense",
        "base_height": 6.5,
        "roof_thickness": 0.9,
        "roof_type": "Telha de Barro Vermelho Cozido",
        "is_landmark": false
      }
    },
    {
      "type": "Feature",
      "id": "roof-186",
      "geometry": {
        "type": "Polygon",
        "coordinates": [
          [
            [
              -7.5270117040371725,
              41.29182938172491
            ],
            [
              -7.5268843452598615,
              41.29182938172491
            ],
            [
              -7.5268843452598615,
              41.29192701410332
            ],
            [
              -7.5270117040371725,
              41.29192701410332
            ],
            [
              -7.5270117040371725,
              41.29182938172491
            ]
          ]
        ]
      },
      "properties": {
        "id": "roof-186",
        "name": "Telhado de Telha Lusa Tradicional",
        "building_type": "Habitação Tradicional Duriense",
        "base_height": 6.5,
        "roof_thickness": 0.9,
        "roof_type": "Telha de Barro Vermelho Cozido",
        "is_landmark": false
      }
    },
    {
      "type": "Feature",
      "id": "roof-187",
      "geometry": {
        "type": "Polygon",
        "coordinates": [
          [
            [
              -7.526540673892172,
              41.29184837121898
            ],
            [
              -7.52637308233139,
              41.29184837121898
            ],
            [
              -7.52637308233139,
              41.291950587184196
            ],
            [
              -7.526540673892172,
              41.291950587184196
            ],
            [
              -7.526540673892172,
              41.29184837121898
            ]
          ]
        ]
      },
      "properties": {
        "id": "roof-187",
        "name": "Telhado de Telha Lusa Tradicional",
        "building_type": "Adega / Lagar de Vinho",
        "base_height": 6.4,
        "roof_thickness": 0.9,
        "roof_type": "Telha de Barro Vermelho Cozido",
        "is_landmark": false
      }
    },
    {
      "type": "Feature",
      "id": "roof-188",
      "geometry": {
        "type": "Polygon",
        "coordinates": [
          [
            [
              -7.524562658486256,
              41.291821764020014
            ],
            [
              -7.5244316187557,
              41.291821764020014
            ],
            [
              -7.5244316187557,
              41.29192397294996
            ],
            [
              -7.524562658486256,
              41.29192397294996
            ],
            [
              -7.524562658486256,
              41.291821764020014
            ]
          ]
        ]
      },
      "properties": {
        "id": "roof-188",
        "name": "Telhado de Telha Lusa Tradicional",
        "building_type": "Habitação Tradicional Duriense",
        "base_height": 6.3,
        "roof_thickness": 0.9,
        "roof_type": "Telha de Barro Vermelho Cozido",
        "is_landmark": false
      }
    },
    {
      "type": "Feature",
      "id": "roof-189",
      "geometry": {
        "type": "Polygon",
        "coordinates": [
          [
            [
              -7.524052458855205,
              41.291879604294216
            ],
            [
              -7.523902687302447,
              41.291879604294216
            ],
            [
              -7.523902687302447,
              41.291952143243726
            ],
            [
              -7.524052458855205,
              41.291952143243726
            ],
            [
              -7.524052458855205,
              41.291879604294216
            ]
          ]
        ]
      },
      "properties": {
        "id": "roof-189",
        "name": "Telhado de Telha Lusa Tradicional",
        "building_type": "Habitação Tradicional Duriense",
        "base_height": 6.8,
        "roof_thickness": 0.9,
        "roof_type": "Telha de Barro Vermelho Cozido",
        "is_landmark": false
      }
    },
    {
      "type": "Feature",
      "id": "roof-190",
      "geometry": {
        "type": "Polygon",
        "coordinates": [
          [
            [
              -7.522107485159873,
              41.291796274709384
            ],
            [
              -7.521925928975643,
              41.291796274709384
            ],
            [
              -7.521925928975643,
              41.2919231961729
            ],
            [
              -7.522107485159873,
              41.2919231961729
            ],
            [
              -7.522107485159873,
              41.291796274709384
            ]
          ]
        ]
      },
      "properties": {
        "id": "roof-190",
        "name": "Telhado de Telha Lusa Tradicional",
        "building_type": "Habitação Tradicional Duriense",
        "base_height": 3.5,
        "roof_thickness": 0.9,
        "roof_type": "Telha de Barro Vermelho Cozido",
        "is_landmark": false
      }
    },
    {
      "type": "Feature",
      "id": "roof-191",
      "geometry": {
        "type": "Polygon",
        "coordinates": [
          [
            [
              -7.51803797414272,
              41.29186858629637
            ],
            [
              -7.517930383475807,
              41.29186858629637
            ],
            [
              -7.517930383475807,
              41.291955223049406
            ],
            [
              -7.51803797414272,
              41.291955223049406
            ],
            [
              -7.51803797414272,
              41.29186858629637
            ]
          ]
        ]
      },
      "properties": {
        "id": "roof-191",
        "name": "Telhado de Telha Lusa Tradicional",
        "building_type": "Habitação Tradicional Duriense",
        "base_height": 6.3,
        "roof_thickness": 0.9,
        "roof_type": "Telha de Barro Vermelho Cozido",
        "is_landmark": false
      }
    },
    {
      "type": "Feature",
      "id": "roof-192",
      "geometry": {
        "type": "Polygon",
        "coordinates": [
          [
            [
              -7.517523327724201,
              41.29182576379086
            ],
            [
              -7.5173640183436925,
              41.29182576379086
            ],
            [
              -7.5173640183436925,
              41.291926510872166
            ],
            [
              -7.517523327724201,
              41.291926510872166
            ],
            [
              -7.517523327724201,
              41.29182576379086
            ]
          ]
        ]
      },
      "properties": {
        "id": "roof-192",
        "name": "Telhado de Telha Lusa Tradicional",
        "building_type": "Habitação Tradicional Duriense",
        "base_height": 7,
        "roof_thickness": 0.9,
        "roof_type": "Telha de Barro Vermelho Cozido",
        "is_landmark": false
      }
    },
    {
      "type": "Feature",
      "id": "roof-193",
      "geometry": {
        "type": "Polygon",
        "coordinates": [
          [
            [
              -7.51710816435417,
              41.291781934959175
            ],
            [
              -7.516976569556926,
              41.291781934959175
            ],
            [
              -7.516976569556926,
              41.29190997342836
            ],
            [
              -7.51710816435417,
              41.29190997342836
            ],
            [
              -7.51710816435417,
              41.291781934959175
            ]
          ]
        ]
      },
      "properties": {
        "id": "roof-193",
        "name": "Telhado de Telha Lusa Tradicional",
        "building_type": "Habitação Tradicional Duriense",
        "base_height": 6.2,
        "roof_thickness": 0.9,
        "roof_type": "Telha de Barro Vermelho Cozido",
        "is_landmark": false
      }
    },
    {
      "type": "Feature",
      "id": "roof-194",
      "geometry": {
        "type": "Polygon",
        "coordinates": [
          [
            [
              -7.516533609593141,
              41.291794131469445
            ],
            [
              -7.516427396833551,
              41.291794131469445
            ],
            [
              -7.516427396833551,
              41.29191235366039
            ],
            [
              -7.516533609593141,
              41.29191235366039
            ],
            [
              -7.516533609593141,
              41.291794131469445
            ]
          ]
        ]
      },
      "properties": {
        "id": "roof-194",
        "name": "Telhado de Telha Lusa Tradicional",
        "building_type": "Habitação Tradicional Duriense",
        "base_height": 3.2,
        "roof_thickness": 0.9,
        "roof_type": "Telha de Barro Vermelho Cozido",
        "is_landmark": false
      }
    },
    {
      "type": "Feature",
      "id": "roof-195",
      "geometry": {
        "type": "Polygon",
        "coordinates": [
          [
            [
              -7.515098897075298,
              41.29178210186087
            ],
            [
              -7.514924045026339,
              41.29178210186087
            ],
            [
              -7.514924045026339,
              41.29191111432949
            ],
            [
              -7.515098897075298,
              41.29191111432949
            ],
            [
              -7.515098897075298,
              41.29178210186087
            ]
          ]
        ]
      },
      "properties": {
        "id": "roof-195",
        "name": "Telhado de Telha Lusa Tradicional",
        "building_type": "Habitação Tradicional Duriense",
        "base_height": 6.3,
        "roof_thickness": 0.9,
        "roof_type": "Telha de Barro Vermelho Cozido",
        "is_landmark": false
      }
    },
    {
      "type": "Feature",
      "id": "roof-196",
      "geometry": {
        "type": "Polygon",
        "coordinates": [
          [
            [
              -7.528614545604796,
              41.29223194171587
            ],
            [
              -7.528486162375421,
              41.29223194171587
            ],
            [
              -7.528486162375421,
              41.292317853534826
            ],
            [
              -7.528614545604796,
              41.292317853534826
            ],
            [
              -7.528614545604796,
              41.29223194171587
            ]
          ]
        ]
      },
      "properties": {
        "id": "roof-196",
        "name": "Telhado de Telha Lusa Tradicional",
        "building_type": "Adega / Lagar de Vinho",
        "base_height": 6.5,
        "roof_thickness": 0.9,
        "roof_type": "Telha de Barro Vermelho Cozido",
        "is_landmark": false
      }
    },
    {
      "type": "Feature",
      "id": "roof-197",
      "geometry": {
        "type": "Polygon",
        "coordinates": [
          [
            [
              -7.526991158100186,
              41.29223903170758
            ],
            [
              -7.526875985708147,
              41.29223903170758
            ],
            [
              -7.526875985708147,
              41.29235681347606
            ],
            [
              -7.526991158100186,
              41.29235681347606
            ],
            [
              -7.526991158100186,
              41.29223903170758
            ]
          ]
        ]
      },
      "properties": {
        "id": "roof-197",
        "name": "Telhado de Telha Lusa Tradicional",
        "building_type": "Habitação Tradicional Duriense",
        "base_height": 6.7,
        "roof_thickness": 0.9,
        "roof_type": "Telha de Barro Vermelho Cozido",
        "is_landmark": false
      }
    },
    {
      "type": "Feature",
      "id": "roof-198",
      "geometry": {
        "type": "Polygon",
        "coordinates": [
          [
            [
              -7.526566486904147,
              41.29227469402082
            ],
            [
              -7.526381942643021,
              41.29227469402082
            ],
            [
              -7.526381942643021,
              41.29234524553193
            ],
            [
              -7.526566486904147,
              41.29234524553193
            ],
            [
              -7.526566486904147,
              41.29227469402082
            ]
          ]
        ]
      },
      "properties": {
        "id": "roof-198",
        "name": "Telhado de Telha Lusa Tradicional",
        "building_type": "Habitação Tradicional Duriense",
        "base_height": 6.7,
        "roof_thickness": 0.9,
        "roof_type": "Telha de Barro Vermelho Cozido",
        "is_landmark": false
      }
    },
    {
      "type": "Feature",
      "id": "roof-199",
      "geometry": {
        "type": "Polygon",
        "coordinates": [
          [
            [
              -7.525541061833838,
              41.29225366454057
            ],
            [
              -7.525380498478857,
              41.29225366454057
            ],
            [
              -7.525380498478857,
              41.29235130373311
            ],
            [
              -7.525541061833838,
              41.29235130373311
            ],
            [
              -7.525541061833838,
              41.29225366454057
            ]
          ]
        ]
      },
      "properties": {
        "id": "roof-199",
        "name": "Telhado de Telha Lusa Tradicional",
        "building_type": "Habitação Tradicional Duriense",
        "base_height": 7,
        "roof_thickness": 0.9,
        "roof_type": "Telha de Barro Vermelho Cozido",
        "is_landmark": false
      }
    },
    {
      "type": "Feature",
      "id": "roof-200",
      "geometry": {
        "type": "Polygon",
        "coordinates": [
          [
            [
              -7.525065331588611,
              41.29219625669451
            ],
            [
              -7.524886627987057,
              41.29219625669451
            ],
            [
              -7.524886627987057,
              41.29232808205518
            ],
            [
              -7.525065331588611,
              41.29232808205518
            ],
            [
              -7.525065331588611,
              41.29219625669451
            ]
          ]
        ]
      },
      "properties": {
        "id": "roof-200",
        "name": "Telhado de Telha Lusa Tradicional",
        "building_type": "Adega / Lagar de Vinho",
        "base_height": 3.5,
        "roof_thickness": 0.9,
        "roof_type": "Telha de Barro Vermelho Cozido",
        "is_landmark": false
      }
    },
    {
      "type": "Feature",
      "id": "roof-201",
      "geometry": {
        "type": "Polygon",
        "coordinates": [
          [
            [
              -7.524013783699727,
              41.29221422263775
            ],
            [
              -7.52385185069109,
              41.29221422263775
            ],
            [
              -7.52385185069109,
              41.292301454846324
            ],
            [
              -7.524013783699727,
              41.292301454846324
            ],
            [
              -7.524013783699727,
              41.29221422263775
            ]
          ]
        ]
      },
      "properties": {
        "id": "roof-201",
        "name": "Telhado de Telha Lusa Tradicional",
        "building_type": "Habitação Tradicional Duriense",
        "base_height": 6.7,
        "roof_thickness": 0.9,
        "roof_type": "Telha de Barro Vermelho Cozido",
        "is_landmark": false
      }
    },
    {
      "type": "Feature",
      "id": "roof-202",
      "geometry": {
        "type": "Polygon",
        "coordinates": [
          [
            [
              -7.522036675657229,
              41.29218664717569
            ],
            [
              -7.52187190644216,
              41.29218664717569
            ],
            [
              -7.52187190644216,
              41.292292826116956
            ],
            [
              -7.522036675657229,
              41.292292826116956
            ],
            [
              -7.522036675657229,
              41.29218664717569
            ]
          ]
        ]
      },
      "properties": {
        "id": "roof-202",
        "name": "Telhado de Telha Lusa Tradicional",
        "building_type": "Habitação Tradicional Duriense",
        "base_height": 6.4,
        "roof_thickness": 0.9,
        "roof_type": "Telha de Barro Vermelho Cozido",
        "is_landmark": false
      }
    },
    {
      "type": "Feature",
      "id": "roof-203",
      "geometry": {
        "type": "Polygon",
        "coordinates": [
          [
            [
              -7.5211399709179565,
              41.292248760046355
            ],
            [
              -7.520970711899232,
              41.292248760046355
            ],
            [
              -7.520970711899232,
              41.292365480598754
            ],
            [
              -7.5211399709179565,
              41.292365480598754
            ],
            [
              -7.5211399709179565,
              41.292248760046355
            ]
          ]
        ]
      },
      "properties": {
        "id": "roof-203",
        "name": "Telhado de Telha Lusa Tradicional",
        "building_type": "Habitação Tradicional Duriense",
        "base_height": 6.8,
        "roof_thickness": 0.9,
        "roof_type": "Telha de Barro Vermelho Cozido",
        "is_landmark": false
      }
    },
    {
      "type": "Feature",
      "id": "roof-204",
      "geometry": {
        "type": "Polygon",
        "coordinates": [
          [
            [
              -7.519488480582923,
              41.29217434619117
            ],
            [
              -7.51938081016453,
              41.29217434619117
            ],
            [
              -7.51938081016453,
              41.29227562741017
            ],
            [
              -7.519488480582923,
              41.29227562741017
            ],
            [
              -7.519488480582923,
              41.29217434619117
            ]
          ]
        ]
      },
      "properties": {
        "id": "roof-204",
        "name": "Telhado de Telha Lusa Tradicional",
        "building_type": "Habitação Tradicional Duriense",
        "base_height": 6.4,
        "roof_thickness": 0.9,
        "roof_type": "Telha de Barro Vermelho Cozido",
        "is_landmark": false
      }
    },
    {
      "type": "Feature",
      "id": "roof-205",
      "geometry": {
        "type": "Polygon",
        "coordinates": [
          [
            [
              -7.517598695397732,
              41.29217914026874
            ],
            [
              -7.517441959863028,
              41.29217914026874
            ],
            [
              -7.517441959863028,
              41.29226221066618
            ],
            [
              -7.517598695397732,
              41.29226221066618
            ],
            [
              -7.517598695397732,
              41.29217914026874
            ]
          ]
        ]
      },
      "properties": {
        "id": "roof-205",
        "name": "Telhado de Telha Lusa Tradicional",
        "building_type": "Habitação Tradicional Duriense",
        "base_height": 3.8,
        "roof_thickness": 0.9,
        "roof_type": "Telha de Barro Vermelho Cozido",
        "is_landmark": false
      }
    },
    {
      "type": "Feature",
      "id": "roof-206",
      "geometry": {
        "type": "Polygon",
        "coordinates": [
          [
            [
              -7.517046373334721,
              41.29220722812802
            ],
            [
              -7.516902671385579,
              41.29220722812802
            ],
            [
              -7.516902671385579,
              41.29233510422604
            ],
            [
              -7.517046373334721,
              41.29233510422604
            ],
            [
              -7.517046373334721,
              41.29220722812802
            ]
          ]
        ]
      },
      "properties": {
        "id": "roof-206",
        "name": "Telhado de Telha Lusa Tradicional",
        "building_type": "Habitação Tradicional Duriense",
        "base_height": 6.2,
        "roof_thickness": 0.9,
        "roof_type": "Telha de Barro Vermelho Cozido",
        "is_landmark": false
      }
    },
    {
      "type": "Feature",
      "id": "roof-207",
      "geometry": {
        "type": "Polygon",
        "coordinates": [
          [
            [
              -7.5160090129328285,
              41.292190778456686
            ],
            [
              -7.5159051565742825,
              41.292190778456686
            ],
            [
              -7.5159051565742825,
              41.29231054686635
            ],
            [
              -7.5160090129328285,
              41.29231054686635
            ],
            [
              -7.5160090129328285,
              41.292190778456686
            ]
          ]
        ]
      },
      "properties": {
        "id": "roof-207",
        "name": "Telhado de Telha Lusa Tradicional",
        "building_type": "Habitação Tradicional Duriense",
        "base_height": 6.9,
        "roof_thickness": 0.9,
        "roof_type": "Telha de Barro Vermelho Cozido",
        "is_landmark": false
      }
    },
    {
      "type": "Feature",
      "id": "roof-208",
      "geometry": {
        "type": "Polygon",
        "coordinates": [
          [
            [
              -7.515077124678136,
              41.292242192923965
            ],
            [
              -7.514891342743329,
              41.292242192923965
            ],
            [
              -7.514891342743329,
              41.29231903436484
            ],
            [
              -7.515077124678136,
              41.29231903436484
            ],
            [
              -7.515077124678136,
              41.292242192923965
            ]
          ]
        ]
      },
      "properties": {
        "id": "roof-208",
        "name": "Telhado de Telha Lusa Tradicional",
        "building_type": "Habitação Tradicional Duriense",
        "base_height": 6.8,
        "roof_thickness": 0.9,
        "roof_type": "Telha de Barro Vermelho Cozido",
        "is_landmark": false
      }
    },
    {
      "type": "Feature",
      "id": "roof-209",
      "geometry": {
        "type": "Polygon",
        "coordinates": [
          [
            [
              -7.528575653281711,
              41.29263318685259
            ],
            [
              -7.528451489241052,
              41.29263318685259
            ],
            [
              -7.528451489241052,
              41.292759259858066
            ],
            [
              -7.528575653281711,
              41.292759259858066
            ],
            [
              -7.528575653281711,
              41.29263318685259
            ]
          ]
        ]
      },
      "properties": {
        "id": "roof-209",
        "name": "Telhado de Telha Lusa Tradicional",
        "building_type": "Habitação Tradicional Duriense",
        "base_height": 6.4,
        "roof_thickness": 0.9,
        "roof_type": "Telha de Barro Vermelho Cozido",
        "is_landmark": false
      }
    },
    {
      "type": "Feature",
      "id": "roof-210",
      "geometry": {
        "type": "Polygon",
        "coordinates": [
          [
            [
              -7.528053457970115,
              41.29258577233543
            ],
            [
              -7.5278877844247045,
              41.29258577233543
            ],
            [
              -7.5278877844247045,
              41.2926766304072
            ],
            [
              -7.528053457970115,
              41.2926766304072
            ],
            [
              -7.528053457970115,
              41.29258577233543
            ]
          ]
        ]
      },
      "properties": {
        "id": "roof-210",
        "name": "Telhado de Telha Lusa Tradicional",
        "building_type": "Habitação Tradicional Duriense",
        "base_height": 6.6,
        "roof_thickness": 0.9,
        "roof_type": "Telha de Barro Vermelho Cozido",
        "is_landmark": false
      }
    },
    {
      "type": "Feature",
      "id": "roof-211",
      "geometry": {
        "type": "Polygon",
        "coordinates": [
          [
            [
              -7.527015330120149,
              41.29260951865897
            ],
            [
              -7.526906473821233,
              41.29260951865897
            ],
            [
              -7.526906473821233,
              41.29269577555883
            ],
            [
              -7.527015330120149,
              41.29269577555883
            ],
            [
              -7.527015330120149,
              41.29260951865897
            ]
          ]
        ]
      },
      "properties": {
        "id": "roof-211",
        "name": "Telhado de Telha Lusa Tradicional",
        "building_type": "Habitação Tradicional Duriense",
        "base_height": 6.2,
        "roof_thickness": 0.9,
        "roof_type": "Telha de Barro Vermelho Cozido",
        "is_landmark": false
      }
    },
    {
      "type": "Feature",
      "id": "roof-212",
      "geometry": {
        "type": "Polygon",
        "coordinates": [
          [
            [
              -7.526533979482141,
              41.292636853668824
            ],
            [
              -7.5264215935867105,
              41.292636853668824
            ],
            [
              -7.5264215935867105,
              41.29274507447242
            ],
            [
              -7.526533979482141,
              41.29274507447242
            ],
            [
              -7.526533979482141,
              41.292636853668824
            ]
          ]
        ]
      },
      "properties": {
        "id": "roof-212",
        "name": "Telhado de Telha Lusa Tradicional",
        "building_type": "Habitação Tradicional Duriense",
        "base_height": 6.6,
        "roof_thickness": 0.9,
        "roof_type": "Telha de Barro Vermelho Cozido",
        "is_landmark": false
      }
    },
    {
      "type": "Feature",
      "id": "roof-213",
      "geometry": {
        "type": "Polygon",
        "coordinates": [
          [
            [
              -7.524643700266648,
              41.29255602664885
            ],
            [
              -7.524468582177231,
              41.29255602664885
            ],
            [
              -7.524468582177231,
              41.29268419619558
            ],
            [
              -7.524643700266648,
              41.29268419619558
            ],
            [
              -7.524643700266648,
              41.29255602664885
            ]
          ]
        ]
      },
      "properties": {
        "id": "roof-213",
        "name": "Telhado de Telha Lusa Tradicional",
        "building_type": "Habitação Tradicional Duriense",
        "base_height": 6.6,
        "roof_thickness": 0.9,
        "roof_type": "Telha de Barro Vermelho Cozido",
        "is_landmark": false
      }
    },
    {
      "type": "Feature",
      "id": "roof-214",
      "geometry": {
        "type": "Polygon",
        "coordinates": [
          [
            [
              -7.5230780842683895,
              41.292582957432835
            ],
            [
              -7.522899637108971,
              41.292582957432835
            ],
            [
              -7.522899637108971,
              41.29272099763265
            ],
            [
              -7.5230780842683895,
              41.29272099763265
            ],
            [
              -7.5230780842683895,
              41.292582957432835
            ]
          ]
        ]
      },
      "properties": {
        "id": "roof-214",
        "name": "Telhado de Telha Lusa Tradicional",
        "building_type": "Habitação Tradicional Duriense",
        "base_height": 6.4,
        "roof_thickness": 0.9,
        "roof_type": "Telha de Barro Vermelho Cozido",
        "is_landmark": false
      }
    },
    {
      "type": "Feature",
      "id": "roof-215",
      "geometry": {
        "type": "Polygon",
        "coordinates": [
          [
            [
              -7.521028443379607,
              41.29260902944511
            ],
            [
              -7.520893753161963,
              41.29260902944511
            ],
            [
              -7.520893753161963,
              41.29268171678482
            ],
            [
              -7.521028443379607,
              41.29268171678482
            ],
            [
              -7.521028443379607,
              41.29260902944511
            ]
          ]
        ]
      },
      "properties": {
        "id": "roof-215",
        "name": "Telhado de Telha Lusa Tradicional",
        "building_type": "Adega / Lagar de Vinho",
        "base_height": 6.7,
        "roof_thickness": 0.9,
        "roof_type": "Telha de Barro Vermelho Cozido",
        "is_landmark": false
      }
    },
    {
      "type": "Feature",
      "id": "roof-216",
      "geometry": {
        "type": "Polygon",
        "coordinates": [
          [
            [
              -7.519614200652154,
              41.2925443925391
            ],
            [
              -7.519473877631145,
              41.2925443925391
            ],
            [
              -7.519473877631145,
              41.292657725661016
            ],
            [
              -7.519614200652154,
              41.292657725661016
            ],
            [
              -7.519614200652154,
              41.2925443925391
            ]
          ]
        ]
      },
      "properties": {
        "id": "roof-216",
        "name": "Telhado de Telha Lusa Tradicional",
        "building_type": "Habitação Tradicional Duriense",
        "base_height": 6.2,
        "roof_thickness": 0.9,
        "roof_type": "Telha de Barro Vermelho Cozido",
        "is_landmark": false
      }
    },
    {
      "type": "Feature",
      "id": "roof-217",
      "geometry": {
        "type": "Polygon",
        "coordinates": [
          [
            [
              -7.519049343571164,
              41.29258541038198
            ],
            [
              -7.518862941140996,
              41.29258541038198
            ],
            [
              -7.518862941140996,
              41.2926938443911
            ],
            [
              -7.519049343571164,
              41.2926938443911
            ],
            [
              -7.519049343571164,
              41.29258541038198
            ]
          ]
        ]
      },
      "properties": {
        "id": "roof-217",
        "name": "Telhado de Telha Lusa Tradicional",
        "building_type": "Habitação Tradicional Duriense",
        "base_height": 6.6,
        "roof_thickness": 0.9,
        "roof_type": "Telha de Barro Vermelho Cozido",
        "is_landmark": false
      }
    },
    {
      "type": "Feature",
      "id": "roof-218",
      "geometry": {
        "type": "Polygon",
        "coordinates": [
          [
            [
              -7.518017578055235,
              41.292541437016745
            ],
            [
              -7.517872476111013,
              41.292541437016745
            ],
            [
              -7.517872476111013,
              41.29266482638071
            ],
            [
              -7.518017578055235,
              41.29266482638071
            ],
            [
              -7.518017578055235,
              41.292541437016745
            ]
          ]
        ]
      },
      "properties": {
        "id": "roof-218",
        "name": "Telhado de Telha Lusa Tradicional",
        "building_type": "Habitação Tradicional Duriense",
        "base_height": 6.6,
        "roof_thickness": 0.9,
        "roof_type": "Telha de Barro Vermelho Cozido",
        "is_landmark": false
      }
    },
    {
      "type": "Feature",
      "id": "roof-219",
      "geometry": {
        "type": "Polygon",
        "coordinates": [
          [
            [
              -7.517624643748215,
              41.292605155391236
            ],
            [
              -7.517500870951389,
              41.292605155391236
            ],
            [
              -7.517500870951389,
              41.2926780609663
            ],
            [
              -7.517624643748215,
              41.2926780609663
            ],
            [
              -7.517624643748215,
              41.292605155391236
            ]
          ]
        ]
      },
      "properties": {
        "id": "roof-219",
        "name": "Telhado de Telha Lusa Tradicional",
        "building_type": "Habitação Tradicional Duriense",
        "base_height": 6.5,
        "roof_thickness": 0.9,
        "roof_type": "Telha de Barro Vermelho Cozido",
        "is_landmark": false
      }
    },
    {
      "type": "Feature",
      "id": "roof-220",
      "geometry": {
        "type": "Polygon",
        "coordinates": [
          [
            [
              -7.517087648200759,
              41.292645377541206
            ],
            [
              -7.516966671777567,
              41.292645377541206
            ],
            [
              -7.516966671777567,
              41.2927442909203
            ],
            [
              -7.517087648200759,
              41.2927442909203
            ],
            [
              -7.517087648200759,
              41.292645377541206
            ]
          ]
        ]
      },
      "properties": {
        "id": "roof-220",
        "name": "Telhado de Telha Lusa Tradicional",
        "building_type": "Habitação Tradicional Duriense",
        "base_height": 6.6,
        "roof_thickness": 0.9,
        "roof_type": "Telha de Barro Vermelho Cozido",
        "is_landmark": false
      }
    },
    {
      "type": "Feature",
      "id": "roof-221",
      "geometry": {
        "type": "Polygon",
        "coordinates": [
          [
            [
              -7.515007543833037,
              41.29257569252073
            ],
            [
              -7.514859788054296,
              41.29257569252073
            ],
            [
              -7.514859788054296,
              41.292679945289706
            ],
            [
              -7.515007543833037,
              41.292679945289706
            ],
            [
              -7.515007543833037,
              41.29257569252073
            ]
          ]
        ]
      },
      "properties": {
        "id": "roof-221",
        "name": "Telhado de Telha Lusa Tradicional",
        "building_type": "Habitação Tradicional Duriense",
        "base_height": 6.6,
        "roof_thickness": 0.9,
        "roof_type": "Telha de Barro Vermelho Cozido",
        "is_landmark": false
      }
    },
    {
      "type": "Feature",
      "id": "roof-222",
      "geometry": {
        "type": "Polygon",
        "coordinates": [
          [
            [
              -7.514052136607865,
              41.2926320806145
            ],
            [
              -7.5139190870492785,
              41.2926320806145
            ],
            [
              -7.5139190870492785,
              41.292717267698
            ],
            [
              -7.514052136607865,
              41.292717267698
            ],
            [
              -7.514052136607865,
              41.2926320806145
            ]
          ]
        ]
      },
      "properties": {
        "id": "roof-222",
        "name": "Telhado de Telha Lusa Tradicional",
        "building_type": "Habitação Tradicional Duriense",
        "base_height": 6.9,
        "roof_thickness": 0.9,
        "roof_type": "Telha de Barro Vermelho Cozido",
        "is_landmark": false
      }
    },
    {
      "type": "Feature",
      "id": "roof-223",
      "geometry": {
        "type": "Polygon",
        "coordinates": [
          [
            [
              -7.529019273646856,
              41.293025571195585
            ],
            [
              -7.528845712543019,
              41.293025571195585
            ],
            [
              -7.528845712543019,
              41.29311086911245
            ],
            [
              -7.529019273646856,
              41.29311086911245
            ],
            [
              -7.529019273646856,
              41.293025571195585
            ]
          ]
        ]
      },
      "properties": {
        "id": "roof-223",
        "name": "Telhado de Telha Lusa Tradicional",
        "building_type": "Adega / Lagar de Vinho",
        "base_height": 6.6,
        "roof_thickness": 0.9,
        "roof_type": "Telha de Barro Vermelho Cozido",
        "is_landmark": false
      }
    },
    {
      "type": "Feature",
      "id": "roof-224",
      "geometry": {
        "type": "Polygon",
        "coordinates": [
          [
            [
              -7.526099767591507,
              41.29301646803993
            ],
            [
              -7.525954197601486,
              41.29301646803993
            ],
            [
              -7.525954197601486,
              41.29313792925657
            ],
            [
              -7.526099767591507,
              41.29313792925657
            ],
            [
              -7.526099767591507,
              41.29301646803993
            ]
          ]
        ]
      },
      "properties": {
        "id": "roof-224",
        "name": "Telhado de Telha Lusa Tradicional",
        "building_type": "Adega / Lagar de Vinho",
        "base_height": 6.5,
        "roof_thickness": 0.9,
        "roof_type": "Telha de Barro Vermelho Cozido",
        "is_landmark": false
      }
    },
    {
      "type": "Feature",
      "id": "roof-225",
      "geometry": {
        "type": "Polygon",
        "coordinates": [
          [
            [
              -7.525038585233232,
              41.292913183662044
            ],
            [
              -7.524862566254467,
              41.292913183662044
            ],
            [
              -7.524862566254467,
              41.2930375227776
            ],
            [
              -7.525038585233232,
              41.2930375227776
            ],
            [
              -7.525038585233232,
              41.292913183662044
            ]
          ]
        ]
      },
      "properties": {
        "id": "roof-225",
        "name": "Telhado de Telha Lusa Tradicional",
        "building_type": "Habitação Tradicional Duriense",
        "base_height": 6.4,
        "roof_thickness": 0.9,
        "roof_type": "Telha de Barro Vermelho Cozido",
        "is_landmark": false
      }
    },
    {
      "type": "Feature",
      "id": "roof-226",
      "geometry": {
        "type": "Polygon",
        "coordinates": [
          [
            [
              -7.524543423170791,
              41.29294187029822
            ],
            [
              -7.524389879116991,
              41.29294187029822
            ],
            [
              -7.524389879116991,
              41.293064295353346
            ],
            [
              -7.524543423170791,
              41.293064295353346
            ],
            [
              -7.524543423170791,
              41.29294187029822
            ]
          ]
        ]
      },
      "properties": {
        "id": "roof-226",
        "name": "Telhado de Telha Lusa Tradicional",
        "building_type": "Adega / Lagar de Vinho",
        "base_height": 6.8,
        "roof_thickness": 0.9,
        "roof_type": "Telha de Barro Vermelho Cozido",
        "is_landmark": false
      }
    },
    {
      "type": "Feature",
      "id": "roof-227",
      "geometry": {
        "type": "Polygon",
        "coordinates": [
          [
            [
              -7.524073897526873,
              41.29300802753402
            ],
            [
              -7.523958696079956,
              41.29300802753402
            ],
            [
              -7.523958696079956,
              41.29308674266938
            ],
            [
              -7.524073897526873,
              41.29308674266938
            ],
            [
              -7.524073897526873,
              41.29300802753402
            ]
          ]
        ]
      },
      "properties": {
        "id": "roof-227",
        "name": "Telhado de Telha Lusa Tradicional",
        "building_type": "Habitação Tradicional Duriense",
        "base_height": 6.3,
        "roof_thickness": 0.9,
        "roof_type": "Telha de Barro Vermelho Cozido",
        "is_landmark": false
      }
    },
    {
      "type": "Feature",
      "id": "roof-228",
      "geometry": {
        "type": "Polygon",
        "coordinates": [
          [
            [
              -7.5225634280587235,
              41.29299717326064
            ],
            [
              -7.522439162904937,
              41.29299717326064
            ],
            [
              -7.522439162904937,
              41.293079725303095
            ],
            [
              -7.5225634280587235,
              41.293079725303095
            ],
            [
              -7.5225634280587235,
              41.29299717326064
            ]
          ]
        ]
      },
      "properties": {
        "id": "roof-228",
        "name": "Telhado de Telha Lusa Tradicional",
        "building_type": "Habitação Tradicional Duriense",
        "base_height": 3.4,
        "roof_thickness": 0.9,
        "roof_type": "Telha de Barro Vermelho Cozido",
        "is_landmark": false
      }
    },
    {
      "type": "Feature",
      "id": "roof-229",
      "geometry": {
        "type": "Polygon",
        "coordinates": [
          [
            [
              -7.521083681480859,
              41.292953880438375
            ],
            [
              -7.520919121407622,
              41.292953880438375
            ],
            [
              -7.520919121407622,
              41.293024075287306
            ],
            [
              -7.521083681480859,
              41.293024075287306
            ],
            [
              -7.521083681480859,
              41.292953880438375
            ]
          ]
        ]
      },
      "properties": {
        "id": "roof-229",
        "name": "Telhado de Telha Lusa Tradicional",
        "building_type": "Habitação Tradicional Duriense",
        "base_height": 6.6,
        "roof_thickness": 0.9,
        "roof_type": "Telha de Barro Vermelho Cozido",
        "is_landmark": false
      }
    },
    {
      "type": "Feature",
      "id": "roof-230",
      "geometry": {
        "type": "Polygon",
        "coordinates": [
          [
            [
              -7.520631585055502,
              41.2928972848782
            ],
            [
              -7.520454925662352,
              41.2928972848782
            ],
            [
              -7.520454925662352,
              41.293030815887086
            ],
            [
              -7.520631585055502,
              41.293030815887086
            ],
            [
              -7.520631585055502,
              41.2928972848782
            ]
          ]
        ]
      },
      "properties": {
        "id": "roof-230",
        "name": "Telhado de Telha Lusa Tradicional",
        "building_type": "Habitação Tradicional Duriense",
        "base_height": 6.5,
        "roof_thickness": 0.9,
        "roof_type": "Telha de Barro Vermelho Cozido",
        "is_landmark": false
      }
    },
    {
      "type": "Feature",
      "id": "roof-231",
      "geometry": {
        "type": "Polygon",
        "coordinates": [
          [
            [
              -7.519608704086826,
              41.293012689570375
            ],
            [
              -7.51943898606021,
              41.293012689570375
            ],
            [
              -7.51943898606021,
              41.293136588531425
            ],
            [
              -7.519608704086826,
              41.293136588531425
            ],
            [
              -7.519608704086826,
              41.293012689570375
            ]
          ]
        ]
      },
      "properties": {
        "id": "roof-231",
        "name": "Telhado de Telha Lusa Tradicional",
        "building_type": "Habitação Tradicional Duriense",
        "base_height": 6.7,
        "roof_thickness": 0.9,
        "roof_type": "Telha de Barro Vermelho Cozido",
        "is_landmark": false
      }
    },
    {
      "type": "Feature",
      "id": "roof-232",
      "geometry": {
        "type": "Polygon",
        "coordinates": [
          [
            [
              -7.51807956824525,
              41.292995790022495
            ],
            [
              -7.517955787816277,
              41.292995790022495
            ],
            [
              -7.517955787816277,
              41.293110190352614
            ],
            [
              -7.51807956824525,
              41.293110190352614
            ],
            [
              -7.51807956824525,
              41.292995790022495
            ]
          ]
        ]
      },
      "properties": {
        "id": "roof-232",
        "name": "Telhado de Telha Lusa Tradicional",
        "building_type": "Habitação Tradicional Duriense",
        "base_height": 6.6,
        "roof_thickness": 0.9,
        "roof_type": "Telha de Barro Vermelho Cozido",
        "is_landmark": false
      }
    },
    {
      "type": "Feature",
      "id": "roof-233",
      "geometry": {
        "type": "Polygon",
        "coordinates": [
          [
            [
              -7.517527866624382,
              41.29298036120382
            ],
            [
              -7.517407839746607,
              41.29298036120382
            ],
            [
              -7.517407839746607,
              41.29308667796491
            ],
            [
              -7.517527866624382,
              41.29308667796491
            ],
            [
              -7.517527866624382,
              41.29298036120382
            ]
          ]
        ]
      },
      "properties": {
        "id": "roof-233",
        "name": "Telhado de Telha Lusa Tradicional",
        "building_type": "Habitação Tradicional Duriense",
        "base_height": 3.3,
        "roof_thickness": 0.9,
        "roof_type": "Telha de Barro Vermelho Cozido",
        "is_landmark": false
      }
    },
    {
      "type": "Feature",
      "id": "roof-234",
      "geometry": {
        "type": "Polygon",
        "coordinates": [
          [
            [
              -7.515597823059605,
              41.293014525876806
            ],
            [
              -7.515472651789328,
              41.293014525876806
            ],
            [
              -7.515472651789328,
              41.29309857278954
            ],
            [
              -7.515597823059605,
              41.29309857278954
            ],
            [
              -7.515597823059605,
              41.293014525876806
            ]
          ]
        ]
      },
      "properties": {
        "id": "roof-234",
        "name": "Telhado de Telha Lusa Tradicional",
        "building_type": "Adega / Lagar de Vinho",
        "base_height": 6.4,
        "roof_thickness": 0.9,
        "roof_type": "Telha de Barro Vermelho Cozido",
        "is_landmark": false
      }
    },
    {
      "type": "Feature",
      "id": "roof-235",
      "geometry": {
        "type": "Polygon",
        "coordinates": [
          [
            [
              -7.515083263231893,
              41.292961399396155
            ],
            [
              -7.514978121755328,
              41.292961399396155
            ],
            [
              -7.514978121755328,
              41.293092131676595
            ],
            [
              -7.515083263231893,
              41.293092131676595
            ],
            [
              -7.515083263231893,
              41.292961399396155
            ]
          ]
        ]
      },
      "properties": {
        "id": "roof-235",
        "name": "Telhado de Telha Lusa Tradicional",
        "building_type": "Habitação Tradicional Duriense",
        "base_height": 6.7,
        "roof_thickness": 0.9,
        "roof_type": "Telha de Barro Vermelho Cozido",
        "is_landmark": false
      }
    },
    {
      "type": "Feature",
      "id": "roof-236",
      "geometry": {
        "type": "Polygon",
        "coordinates": [
          [
            [
              -7.514570487512594,
              41.292968965249145
            ],
            [
              -7.514398813532787,
              41.292968965249145
            ],
            [
              -7.514398813532787,
              41.293062433362266
            ],
            [
              -7.514570487512594,
              41.293062433362266
            ],
            [
              -7.514570487512594,
              41.292968965249145
            ]
          ]
        ]
      },
      "properties": {
        "id": "roof-236",
        "name": "Telhado de Telha Lusa Tradicional",
        "building_type": "Habitação Tradicional Duriense",
        "base_height": 6.7,
        "roof_thickness": 0.9,
        "roof_type": "Telha de Barro Vermelho Cozido",
        "is_landmark": false
      }
    },
    {
      "type": "Feature",
      "id": "roof-237",
      "geometry": {
        "type": "Polygon",
        "coordinates": [
          [
            [
              -7.529011016331704,
              41.29332921069542
            ],
            [
              -7.528872265889716,
              41.29332921069542
            ],
            [
              -7.528872265889716,
              41.29346454729664
            ],
            [
              -7.529011016331704,
              41.29346454729664
            ],
            [
              -7.529011016331704,
              41.29332921069542
            ]
          ]
        ]
      },
      "properties": {
        "id": "roof-237",
        "name": "Telhado de Telha Lusa Tradicional",
        "building_type": "Habitação Tradicional Duriense",
        "base_height": 6.7,
        "roof_thickness": 0.9,
        "roof_type": "Telha de Barro Vermelho Cozido",
        "is_landmark": false
      }
    },
    {
      "type": "Feature",
      "id": "roof-238",
      "geometry": {
        "type": "Polygon",
        "coordinates": [
          [
            [
              -7.528027039555585,
              41.29334768905665
            ],
            [
              -7.527880276548229,
              41.29334768905665
            ],
            [
              -7.527880276548229,
              41.29344759201579
            ],
            [
              -7.528027039555585,
              41.29344759201579
            ],
            [
              -7.528027039555585,
              41.29334768905665
            ]
          ]
        ]
      },
      "properties": {
        "id": "roof-238",
        "name": "Telhado de Telha Lusa Tradicional",
        "building_type": "Habitação Tradicional Duriense",
        "base_height": 6.3,
        "roof_thickness": 0.9,
        "roof_type": "Telha de Barro Vermelho Cozido",
        "is_landmark": false
      }
    },
    {
      "type": "Feature",
      "id": "roof-239",
      "geometry": {
        "type": "Polygon",
        "coordinates": [
          [
            [
              -7.526538678804294,
              41.293364307333526
            ],
            [
              -7.526405992249605,
              41.293364307333526
            ],
            [
              -7.526405992249605,
              41.293486023732605
            ],
            [
              -7.526538678804294,
              41.293486023732605
            ],
            [
              -7.526538678804294,
              41.293364307333526
            ]
          ]
        ]
      },
      "properties": {
        "id": "roof-239",
        "name": "Telhado de Telha Lusa Tradicional",
        "building_type": "Habitação Tradicional Duriense",
        "base_height": 6.9,
        "roof_thickness": 0.9,
        "roof_type": "Telha de Barro Vermelho Cozido",
        "is_landmark": false
      }
    },
    {
      "type": "Feature",
      "id": "roof-240",
      "geometry": {
        "type": "Polygon",
        "coordinates": [
          [
            [
              -7.525532779130725,
              41.29328634212166
            ],
            [
              -7.525413384832926,
              41.29328634212166
            ],
            [
              -7.525413384832926,
              41.29340504142549
            ],
            [
              -7.525532779130725,
              41.29340504142549
            ],
            [
              -7.525532779130725,
              41.29328634212166
            ]
          ]
        ]
      },
      "properties": {
        "id": "roof-240",
        "name": "Telhado de Telha Lusa Tradicional",
        "building_type": "Habitação Tradicional Duriense",
        "base_height": 6.3,
        "roof_thickness": 0.9,
        "roof_type": "Telha de Barro Vermelho Cozido",
        "is_landmark": false
      }
    },
    {
      "type": "Feature",
      "id": "roof-241",
      "geometry": {
        "type": "Polygon",
        "coordinates": [
          [
            [
              -7.524532124523213,
              41.29340217083909
            ],
            [
              -7.52440785589565,
              41.29340217083909
            ],
            [
              -7.52440785589565,
              41.2934892079375
            ],
            [
              -7.524532124523213,
              41.2934892079375
            ],
            [
              -7.524532124523213,
              41.29340217083909
            ]
          ]
        ]
      },
      "properties": {
        "id": "roof-241",
        "name": "Telhado de Telha Lusa Tradicional",
        "building_type": "Habitação Tradicional Duriense",
        "base_height": 3.4,
        "roof_thickness": 0.9,
        "roof_type": "Telha de Barro Vermelho Cozido",
        "is_landmark": false
      }
    },
    {
      "type": "Feature",
      "id": "roof-242",
      "geometry": {
        "type": "Polygon",
        "coordinates": [
          [
            [
              -7.523083020710275,
              41.29332328090996
            ],
            [
              -7.522964161700103,
              41.29332328090996
            ],
            [
              -7.522964161700103,
              41.29341829358974
            ],
            [
              -7.523083020710275,
              41.29341829358974
            ],
            [
              -7.523083020710275,
              41.29332328090996
            ]
          ]
        ]
      },
      "properties": {
        "id": "roof-242",
        "name": "Telhado de Telha Lusa Tradicional",
        "building_type": "Habitação Tradicional Duriense",
        "base_height": 6.4,
        "roof_thickness": 0.9,
        "roof_type": "Telha de Barro Vermelho Cozido",
        "is_landmark": false
      }
    },
    {
      "type": "Feature",
      "id": "roof-243",
      "geometry": {
        "type": "Polygon",
        "coordinates": [
          [
            [
              -7.5210369482843795,
              41.29333806018124
            ],
            [
              -7.520864458909667,
              41.29333806018124
            ],
            [
              -7.520864458909667,
              41.29343038818388
            ],
            [
              -7.5210369482843795,
              41.29343038818388
            ],
            [
              -7.5210369482843795,
              41.29333806018124
            ]
          ]
        ]
      },
      "properties": {
        "id": "roof-243",
        "name": "Telhado de Telha Lusa Tradicional",
        "building_type": "Habitação Tradicional Duriense",
        "base_height": 6.7,
        "roof_thickness": 0.9,
        "roof_type": "Telha de Barro Vermelho Cozido",
        "is_landmark": false
      }
    },
    {
      "type": "Feature",
      "id": "roof-244",
      "geometry": {
        "type": "Polygon",
        "coordinates": [
          [
            [
              -7.520541365442672,
              41.29328101242271
            ],
            [
              -7.5203944590374805,
              41.29328101242271
            ],
            [
              -7.5203944590374805,
              41.293402189925175
            ],
            [
              -7.520541365442672,
              41.293402189925175
            ],
            [
              -7.520541365442672,
              41.29328101242271
            ]
          ]
        ]
      },
      "properties": {
        "id": "roof-244",
        "name": "Telhado de Telha Lusa Tradicional",
        "building_type": "Habitação Tradicional Duriense",
        "base_height": 6.4,
        "roof_thickness": 0.9,
        "roof_type": "Telha de Barro Vermelho Cozido",
        "is_landmark": false
      }
    },
    {
      "type": "Feature",
      "id": "roof-245",
      "geometry": {
        "type": "Polygon",
        "coordinates": [
          [
            [
              -7.519519168288947,
              41.29334263446343
            ],
            [
              -7.519402750770587,
              41.29334263446343
            ],
            [
              -7.519402750770587,
              41.293471296167326
            ],
            [
              -7.519519168288947,
              41.293471296167326
            ],
            [
              -7.519519168288947,
              41.29334263446343
            ]
          ]
        ]
      },
      "properties": {
        "id": "roof-245",
        "name": "Telhado de Telha Lusa Tradicional",
        "building_type": "Adega / Lagar de Vinho",
        "base_height": 6.2,
        "roof_thickness": 0.9,
        "roof_type": "Telha de Barro Vermelho Cozido",
        "is_landmark": false
      }
    },
    {
      "type": "Feature",
      "id": "roof-246",
      "geometry": {
        "type": "Polygon",
        "coordinates": [
          [
            [
              -7.517106226635408,
              41.293350469688974
            ],
            [
              -7.516954728556917,
              41.293350469688974
            ],
            [
              -7.516954728556917,
              41.293435039340565
            ],
            [
              -7.517106226635408,
              41.293435039340565
            ],
            [
              -7.517106226635408,
              41.293350469688974
            ]
          ]
        ]
      },
      "properties": {
        "id": "roof-246",
        "name": "Telhado de Telha Lusa Tradicional",
        "building_type": "Habitação Tradicional Duriense",
        "base_height": 6.5,
        "roof_thickness": 0.9,
        "roof_type": "Telha de Barro Vermelho Cozido",
        "is_landmark": false
      }
    },
    {
      "type": "Feature",
      "id": "roof-247",
      "geometry": {
        "type": "Polygon",
        "coordinates": [
          [
            [
              -7.516545740901021,
              41.29340618836336
            ],
            [
              -7.5164294025076615,
              41.29340618836336
            ],
            [
              -7.5164294025076615,
              41.29350424845103
            ],
            [
              -7.516545740901021,
              41.29350424845103
            ],
            [
              -7.516545740901021,
              41.29340618836336
            ]
          ]
        ]
      },
      "properties": {
        "id": "roof-247",
        "name": "Telhado de Telha Lusa Tradicional",
        "building_type": "Habitação Tradicional Duriense",
        "base_height": 7,
        "roof_thickness": 0.9,
        "roof_type": "Telha de Barro Vermelho Cozido",
        "is_landmark": false
      }
    },
    {
      "type": "Feature",
      "id": "roof-248",
      "geometry": {
        "type": "Polygon",
        "coordinates": [
          [
            [
              -7.51561297705952,
              41.293374262037226
            ],
            [
              -7.515466196820629,
              41.293374262037226
            ],
            [
              -7.515466196820629,
              41.293470018571675
            ],
            [
              -7.51561297705952,
              41.293470018571675
            ],
            [
              -7.51561297705952,
              41.293374262037226
            ]
          ]
        ]
      },
      "properties": {
        "id": "roof-248",
        "name": "Telhado de Telha Lusa Tradicional",
        "building_type": "Habitação Tradicional Duriense",
        "base_height": 6.2,
        "roof_thickness": 0.9,
        "roof_type": "Telha de Barro Vermelho Cozido",
        "is_landmark": false
      }
    },
    {
      "type": "Feature",
      "id": "roof-249",
      "geometry": {
        "type": "Polygon",
        "coordinates": [
          [
            [
              -7.526519139397822,
              41.293712241055196
            ],
            [
              -7.526354779523425,
              41.293712241055196
            ],
            [
              -7.526354779523425,
              41.293846063120306
            ],
            [
              -7.526519139397822,
              41.293846063120306
            ],
            [
              -7.526519139397822,
              41.293712241055196
            ]
          ]
        ]
      },
      "properties": {
        "id": "roof-249",
        "name": "Telhado de Telha Lusa Tradicional",
        "building_type": "Habitação Tradicional Duriense",
        "base_height": 6.6,
        "roof_thickness": 0.9,
        "roof_type": "Telha de Barro Vermelho Cozido",
        "is_landmark": false
      }
    },
    {
      "type": "Feature",
      "id": "roof-250",
      "geometry": {
        "type": "Polygon",
        "coordinates": [
          [
            [
              -7.5246080535845286,
              41.2937221732087
            ],
            [
              -7.5244741361834295,
              41.2937221732087
            ],
            [
              -7.5244741361834295,
              41.29383938170121
            ],
            [
              -7.5246080535845286,
              41.29383938170121
            ],
            [
              -7.5246080535845286,
              41.2937221732087
            ]
          ]
        ]
      },
      "properties": {
        "id": "roof-250",
        "name": "Telhado de Telha Lusa Tradicional",
        "building_type": "Habitação Tradicional Duriense",
        "base_height": 3.3,
        "roof_thickness": 0.9,
        "roof_type": "Telha de Barro Vermelho Cozido",
        "is_landmark": false
      }
    },
    {
      "type": "Feature",
      "id": "roof-251",
      "geometry": {
        "type": "Polygon",
        "coordinates": [
          [
            [
              -7.524082871588586,
              41.293778273724186
            ],
            [
              -7.523953929032048,
              41.293778273724186
            ],
            [
              -7.523953929032048,
              41.29387658591034
            ],
            [
              -7.524082871588586,
              41.29387658591034
            ],
            [
              -7.524082871588586,
              41.293778273724186
            ]
          ]
        ]
      },
      "properties": {
        "id": "roof-251",
        "name": "Telhado de Telha Lusa Tradicional",
        "building_type": "Habitação Tradicional Duriense",
        "base_height": 3.6,
        "roof_thickness": 0.9,
        "roof_type": "Telha de Barro Vermelho Cozido",
        "is_landmark": false
      }
    },
    {
      "type": "Feature",
      "id": "roof-252",
      "geometry": {
        "type": "Polygon",
        "coordinates": [
          [
            [
              -7.523046335685232,
              41.293716954909925
            ],
            [
              -7.5229144295910055,
              41.293716954909925
            ],
            [
              -7.5229144295910055,
              41.2938473698449
            ],
            [
              -7.523046335685232,
              41.2938473698449
            ],
            [
              -7.523046335685232,
              41.293716954909925
            ]
          ]
        ]
      },
      "properties": {
        "id": "roof-252",
        "name": "Telhado de Telha Lusa Tradicional",
        "building_type": "Habitação Tradicional Duriense",
        "base_height": 6.4,
        "roof_thickness": 0.9,
        "roof_type": "Telha de Barro Vermelho Cozido",
        "is_landmark": false
      }
    },
    {
      "type": "Feature",
      "id": "roof-253",
      "geometry": {
        "type": "Polygon",
        "coordinates": [
          [
            [
              -7.5225987435811446,
              41.293751165156905
            ],
            [
              -7.52248993443077,
              41.293751165156905
            ],
            [
              -7.52248993443077,
              41.29382674344113
            ],
            [
              -7.5225987435811446,
              41.29382674344113
            ],
            [
              -7.5225987435811446,
              41.293751165156905
            ]
          ]
        ]
      },
      "properties": {
        "id": "roof-253",
        "name": "Telhado de Telha Lusa Tradicional",
        "building_type": "Habitação Tradicional Duriense",
        "base_height": 6.3,
        "roof_thickness": 0.9,
        "roof_type": "Telha de Barro Vermelho Cozido",
        "is_landmark": false
      }
    },
    {
      "type": "Feature",
      "id": "roof-254",
      "geometry": {
        "type": "Polygon",
        "coordinates": [
          [
            [
              -7.52212426275518,
              41.29375627930676
            ],
            [
              -7.52199409069524,
              41.29375627930676
            ],
            [
              -7.52199409069524,
              41.293833189815146
            ],
            [
              -7.52212426275518,
              41.293833189815146
            ],
            [
              -7.52212426275518,
              41.29375627930676
            ]
          ]
        ]
      },
      "properties": {
        "id": "roof-254",
        "name": "Telhado de Telha Lusa Tradicional",
        "building_type": "Habitação Tradicional Duriense",
        "base_height": 7,
        "roof_thickness": 0.9,
        "roof_type": "Telha de Barro Vermelho Cozido",
        "is_landmark": false
      }
    },
    {
      "type": "Feature",
      "id": "roof-255",
      "geometry": {
        "type": "Polygon",
        "coordinates": [
          [
            [
              -7.521548768192543,
              41.29370345166449
            ],
            [
              -7.52143915530069,
              41.29370345166449
            ],
            [
              -7.52143915530069,
              41.293825499258524
            ],
            [
              -7.521548768192543,
              41.293825499258524
            ],
            [
              -7.521548768192543,
              41.29370345166449
            ]
          ]
        ]
      },
      "properties": {
        "id": "roof-255",
        "name": "Telhado de Telha Lusa Tradicional",
        "building_type": "Habitação Tradicional Duriense",
        "base_height": 3.5,
        "roof_thickness": 0.9,
        "roof_type": "Telha de Barro Vermelho Cozido",
        "is_landmark": false
      }
    },
    {
      "type": "Feature",
      "id": "roof-256",
      "geometry": {
        "type": "Polygon",
        "coordinates": [
          [
            [
              -7.519999255148239,
              41.29371413046705
            ],
            [
              -7.51988650737535,
              41.29371413046705
            ],
            [
              -7.51988650737535,
              41.29385366342973
            ],
            [
              -7.519999255148239,
              41.29385366342973
            ],
            [
              -7.519999255148239,
              41.29371413046705
            ]
          ]
        ]
      },
      "properties": {
        "id": "roof-256",
        "name": "Telhado de Telha Lusa Tradicional",
        "building_type": "Habitação Tradicional Duriense",
        "base_height": 6.7,
        "roof_thickness": 0.9,
        "roof_type": "Telha de Barro Vermelho Cozido",
        "is_landmark": false
      }
    },
    {
      "type": "Feature",
      "id": "roof-257",
      "geometry": {
        "type": "Polygon",
        "coordinates": [
          [
            [
              -7.516012996724265,
              41.293738982079546
            ],
            [
              -7.515897577748295,
              41.293738982079546
            ],
            [
              -7.515897577748295,
              41.293832465223176
            ],
            [
              -7.516012996724265,
              41.293832465223176
            ],
            [
              -7.516012996724265,
              41.293738982079546
            ]
          ]
        ]
      },
      "properties": {
        "id": "roof-257",
        "name": "Telhado de Telha Lusa Tradicional",
        "building_type": "Adega / Lagar de Vinho",
        "base_height": 3.8,
        "roof_thickness": 0.9,
        "roof_type": "Telha de Barro Vermelho Cozido",
        "is_landmark": false
      }
    },
    {
      "type": "Feature",
      "id": "roof-258",
      "geometry": {
        "type": "Polygon",
        "coordinates": [
          [
            [
              -7.527616570717958,
              41.294120560071015
            ],
            [
              -7.527501863709119,
              41.294120560071015
            ],
            [
              -7.527501863709119,
              41.29421307232207
            ],
            [
              -7.527616570717958,
              41.29421307232207
            ],
            [
              -7.527616570717958,
              41.294120560071015
            ]
          ]
        ]
      },
      "properties": {
        "id": "roof-258",
        "name": "Telhado de Telha Lusa Tradicional",
        "building_type": "Habitação Tradicional Duriense",
        "base_height": 6.7,
        "roof_thickness": 0.9,
        "roof_type": "Telha de Barro Vermelho Cozido",
        "is_landmark": false
      }
    },
    {
      "type": "Feature",
      "id": "roof-259",
      "geometry": {
        "type": "Polygon",
        "coordinates": [
          [
            [
              -7.526610767361075,
              41.294072061011946
            ],
            [
              -7.526429486388062,
              41.294072061011946
            ],
            [
              -7.526429486388062,
              41.29419987763305
            ],
            [
              -7.526610767361075,
              41.29419987763305
            ],
            [
              -7.526610767361075,
              41.294072061011946
            ]
          ]
        ]
      },
      "properties": {
        "id": "roof-259",
        "name": "Telhado de Telha Lusa Tradicional",
        "building_type": "Habitação Tradicional Duriense",
        "base_height": 6.4,
        "roof_thickness": 0.9,
        "roof_type": "Telha de Barro Vermelho Cozido",
        "is_landmark": false
      }
    },
    {
      "type": "Feature",
      "id": "roof-260",
      "geometry": {
        "type": "Polygon",
        "coordinates": [
          [
            [
              -7.525498799210375,
              41.294108703003886
            ],
            [
              -7.525373844664438,
              41.294108703003886
            ],
            [
              -7.525373844664438,
              41.29422447164882
            ],
            [
              -7.525498799210375,
              41.29422447164882
            ],
            [
              -7.525498799210375,
              41.294108703003886
            ]
          ]
        ]
      },
      "properties": {
        "id": "roof-260",
        "name": "Telhado de Telha Lusa Tradicional",
        "building_type": "Habitação Tradicional Duriense",
        "base_height": 3.4,
        "roof_thickness": 0.9,
        "roof_type": "Telha de Barro Vermelho Cozido",
        "is_landmark": false
      }
    },
    {
      "type": "Feature",
      "id": "roof-261",
      "geometry": {
        "type": "Polygon",
        "coordinates": [
          [
            [
              -7.524559365491725,
              41.29405699076534
            ],
            [
              -7.52438157935561,
              41.29405699076534
            ],
            [
              -7.52438157935561,
              41.29416723751261
            ],
            [
              -7.524559365491725,
              41.29416723751261
            ],
            [
              -7.524559365491725,
              41.29405699076534
            ]
          ]
        ]
      },
      "properties": {
        "id": "roof-261",
        "name": "Telhado de Telha Lusa Tradicional",
        "building_type": "Habitação Tradicional Duriense",
        "base_height": 6.6,
        "roof_thickness": 0.9,
        "roof_type": "Telha de Barro Vermelho Cozido",
        "is_landmark": false
      }
    },
    {
      "type": "Feature",
      "id": "roof-262",
      "geometry": {
        "type": "Polygon",
        "coordinates": [
          [
            [
              -7.523543013017827,
              41.29406583627478
            ],
            [
              -7.52341841592032,
              41.29406583627478
            ],
            [
              -7.52341841592032,
              41.294189467210614
            ],
            [
              -7.523543013017827,
              41.294189467210614
            ],
            [
              -7.523543013017827,
              41.29406583627478
            ]
          ]
        ]
      },
      "properties": {
        "id": "roof-262",
        "name": "Telhado de Telha Lusa Tradicional",
        "building_type": "Habitação Tradicional Duriense",
        "base_height": 6.2,
        "roof_thickness": 0.9,
        "roof_type": "Telha de Barro Vermelho Cozido",
        "is_landmark": false
      }
    },
    {
      "type": "Feature",
      "id": "roof-263",
      "geometry": {
        "type": "Polygon",
        "coordinates": [
          [
            [
              -7.522620393891327,
              41.29407007842168
            ],
            [
              -7.522465478196136,
              41.29407007842168
            ],
            [
              -7.522465478196136,
              41.294144514904545
            ],
            [
              -7.522620393891327,
              41.294144514904545
            ],
            [
              -7.522620393891327,
              41.29407007842168
            ]
          ]
        ]
      },
      "properties": {
        "id": "roof-263",
        "name": "Telhado de Telha Lusa Tradicional",
        "building_type": "Adega / Lagar de Vinho",
        "base_height": 3.8,
        "roof_thickness": 0.9,
        "roof_type": "Telha de Barro Vermelho Cozido",
        "is_landmark": false
      }
    },
    {
      "type": "Feature",
      "id": "roof-264",
      "geometry": {
        "type": "Polygon",
        "coordinates": [
          [
            [
              -7.521514305279314,
              41.294152920128695
            ],
            [
              -7.5213501895761565,
              41.294152920128695
            ],
            [
              -7.5213501895761565,
              41.294279142009785
            ],
            [
              -7.521514305279314,
              41.294279142009785
            ],
            [
              -7.521514305279314,
              41.294152920128695
            ]
          ]
        ]
      },
      "properties": {
        "id": "roof-264",
        "name": "Telhado de Telha Lusa Tradicional",
        "building_type": "Habitação Tradicional Duriense",
        "base_height": 6.5,
        "roof_thickness": 0.9,
        "roof_type": "Telha de Barro Vermelho Cozido",
        "is_landmark": false
      }
    },
    {
      "type": "Feature",
      "id": "roof-265",
      "geometry": {
        "type": "Polygon",
        "coordinates": [
          [
            [
              -7.520556312878545,
              41.294083060671056
            ],
            [
              -7.520370812598205,
              41.294083060671056
            ],
            [
              -7.520370812598205,
              41.29415714147132
            ],
            [
              -7.520556312878545,
              41.29415714147132
            ],
            [
              -7.520556312878545,
              41.294083060671056
            ]
          ]
        ]
      },
      "properties": {
        "id": "roof-265",
        "name": "Telhado de Telha Lusa Tradicional",
        "building_type": "Habitação Tradicional Duriense",
        "base_height": 3.7,
        "roof_thickness": 0.9,
        "roof_type": "Telha de Barro Vermelho Cozido",
        "is_landmark": false
      }
    },
    {
      "type": "Feature",
      "id": "roof-266",
      "geometry": {
        "type": "Polygon",
        "coordinates": [
          [
            [
              -7.519586863605153,
              41.294075463125175
            ],
            [
              -7.519438254423901,
              41.294075463125175
            ],
            [
              -7.519438254423901,
              41.294208777409345
            ],
            [
              -7.519586863605153,
              41.294208777409345
            ],
            [
              -7.519586863605153,
              41.294075463125175
            ]
          ]
        ]
      },
      "properties": {
        "id": "roof-266",
        "name": "Telhado de Telha Lusa Tradicional",
        "building_type": "Habitação Tradicional Duriense",
        "base_height": 6.4,
        "roof_thickness": 0.9,
        "roof_type": "Telha de Barro Vermelho Cozido",
        "is_landmark": false
      }
    },
    {
      "type": "Feature",
      "id": "roof-267",
      "geometry": {
        "type": "Polygon",
        "coordinates": [
          [
            [
              -7.515108276753302,
              41.2940636932781
            ],
            [
              -7.51499733720017,
              41.2940636932781
            ],
            [
              -7.51499733720017,
              41.2941384261163
            ],
            [
              -7.515108276753302,
              41.2941384261163
            ],
            [
              -7.515108276753302,
              41.2940636932781
            ]
          ]
        ]
      },
      "properties": {
        "id": "roof-267",
        "name": "Telhado de Telha Lusa Tradicional",
        "building_type": "Habitação Tradicional Duriense",
        "base_height": 6.9,
        "roof_thickness": 0.9,
        "roof_type": "Telha de Barro Vermelho Cozido",
        "is_landmark": false
      }
    },
    {
      "type": "Feature",
      "id": "roof-268",
      "geometry": {
        "type": "Polygon",
        "coordinates": [
          [
            [
              -7.527524621332027,
              41.29443079140749
            ],
            [
              -7.527403957578027,
              41.29443079140749
            ],
            [
              -7.527403957578027,
              41.29453161192397
            ],
            [
              -7.527524621332027,
              41.29453161192397
            ],
            [
              -7.527524621332027,
              41.29443079140749
            ]
          ]
        ]
      },
      "properties": {
        "id": "roof-268",
        "name": "Telhado de Telha Lusa Tradicional",
        "building_type": "Habitação Tradicional Duriense",
        "base_height": 7,
        "roof_thickness": 0.9,
        "roof_type": "Telha de Barro Vermelho Cozido",
        "is_landmark": false
      }
    },
    {
      "type": "Feature",
      "id": "roof-269",
      "geometry": {
        "type": "Polygon",
        "coordinates": [
          [
            [
              -7.526621427204163,
              41.29447099640932
            ],
            [
              -7.5264465479842775,
              41.29447099640932
            ],
            [
              -7.5264465479842775,
              41.29460930377437
            ],
            [
              -7.526621427204163,
              41.29460930377437
            ],
            [
              -7.526621427204163,
              41.29447099640932
            ]
          ]
        ]
      },
      "properties": {
        "id": "roof-269",
        "name": "Telhado de Telha Lusa Tradicional",
        "building_type": "Habitação Tradicional Duriense",
        "base_height": 3.8,
        "roof_thickness": 0.9,
        "roof_type": "Telha de Barro Vermelho Cozido",
        "is_landmark": false
      }
    },
    {
      "type": "Feature",
      "id": "roof-270",
      "geometry": {
        "type": "Polygon",
        "coordinates": [
          [
            [
              -7.523508366499805,
              41.29451734576417
            ],
            [
              -7.5233642133252845,
              41.29451734576417
            ],
            [
              -7.5233642133252845,
              41.29464377609401
            ],
            [
              -7.523508366499805,
              41.29464377609401
            ],
            [
              -7.523508366499805,
              41.29451734576417
            ]
          ]
        ]
      },
      "properties": {
        "id": "roof-270",
        "name": "Telhado de Telha Lusa Tradicional",
        "building_type": "Adega / Lagar de Vinho",
        "base_height": 6.4,
        "roof_thickness": 0.9,
        "roof_type": "Telha de Barro Vermelho Cozido",
        "is_landmark": false
      }
    },
    {
      "type": "Feature",
      "id": "roof-271",
      "geometry": {
        "type": "Polygon",
        "coordinates": [
          [
            [
              -7.523109321176522,
              41.294502450308215
            ],
            [
              -7.522994315590987,
              41.294502450308215
            ],
            [
              -7.522994315590987,
              41.294613767136966
            ],
            [
              -7.523109321176522,
              41.294613767136966
            ],
            [
              -7.523109321176522,
              41.294502450308215
            ]
          ]
        ]
      },
      "properties": {
        "id": "roof-271",
        "name": "Telhado de Telha Lusa Tradicional",
        "building_type": "Habitação Tradicional Duriense",
        "base_height": 6.5,
        "roof_thickness": 0.9,
        "roof_type": "Telha de Barro Vermelho Cozido",
        "is_landmark": false
      }
    },
    {
      "type": "Feature",
      "id": "roof-272",
      "geometry": {
        "type": "Polygon",
        "coordinates": [
          [
            [
              -7.522087300828274,
              41.29451327667201
            ],
            [
              -7.52192781658325,
              41.29451327667201
            ],
            [
              -7.52192781658325,
              41.29462796718716
            ],
            [
              -7.522087300828274,
              41.29462796718716
            ],
            [
              -7.522087300828274,
              41.29451327667201
            ]
          ]
        ]
      },
      "properties": {
        "id": "roof-272",
        "name": "Telhado de Telha Lusa Tradicional",
        "building_type": "Habitação Tradicional Duriense",
        "base_height": 6.4,
        "roof_thickness": 0.9,
        "roof_type": "Telha de Barro Vermelho Cozido",
        "is_landmark": false
      }
    },
    {
      "type": "Feature",
      "id": "roof-273",
      "geometry": {
        "type": "Polygon",
        "coordinates": [
          [
            [
              -7.521062032305441,
              41.2945552124665
            ],
            [
              -7.520905222443659,
              41.2945552124665
            ],
            [
              -7.520905222443659,
              41.29464040608017
            ],
            [
              -7.521062032305441,
              41.29464040608017
            ],
            [
              -7.521062032305441,
              41.2945552124665
            ]
          ]
        ]
      },
      "properties": {
        "id": "roof-273",
        "name": "Telhado de Telha Lusa Tradicional",
        "building_type": "Habitação Tradicional Duriense",
        "base_height": 6.6,
        "roof_thickness": 0.9,
        "roof_type": "Telha de Barro Vermelho Cozido",
        "is_landmark": false
      }
    },
    {
      "type": "Feature",
      "id": "roof-274",
      "geometry": {
        "type": "Polygon",
        "coordinates": [
          [
            [
              -7.520532216667636,
              41.294475284577686
            ],
            [
              -7.520362486133671,
              41.294475284577686
            ],
            [
              -7.520362486133671,
              41.29457073839045
            ],
            [
              -7.520532216667636,
              41.29457073839045
            ],
            [
              -7.520532216667636,
              41.294475284577686
            ]
          ]
        ]
      },
      "properties": {
        "id": "roof-274",
        "name": "Telhado de Telha Lusa Tradicional",
        "building_type": "Habitação Tradicional Duriense",
        "base_height": 7,
        "roof_thickness": 0.9,
        "roof_type": "Telha de Barro Vermelho Cozido",
        "is_landmark": false
      }
    },
    {
      "type": "Feature",
      "id": "roof-275",
      "geometry": {
        "type": "Polygon",
        "coordinates": [
          [
            [
              -7.520069798396655,
              41.29449609552475
            ],
            [
              -7.5199573834892774,
              41.29449609552475
            ],
            [
              -7.5199573834892774,
              41.29457617589158
            ],
            [
              -7.520069798396655,
              41.29457617589158
            ],
            [
              -7.520069798396655,
              41.29449609552475
            ]
          ]
        ]
      },
      "properties": {
        "id": "roof-275",
        "name": "Telhado de Telha Lusa Tradicional",
        "building_type": "Habitação Tradicional Duriense",
        "base_height": 6.9,
        "roof_thickness": 0.9,
        "roof_type": "Telha de Barro Vermelho Cozido",
        "is_landmark": false
      }
    },
    {
      "type": "Feature",
      "id": "roof-276",
      "geometry": {
        "type": "Polygon",
        "coordinates": [
          [
            [
              -7.519589708703181,
              41.29451965625999
            ],
            [
              -7.519407734824696,
              41.29451965625999
            ],
            [
              -7.519407734824696,
              41.294595605590004
            ],
            [
              -7.519589708703181,
              41.294595605590004
            ],
            [
              -7.519589708703181,
              41.29451965625999
            ]
          ]
        ]
      },
      "properties": {
        "id": "roof-276",
        "name": "Telhado de Telha Lusa Tradicional",
        "building_type": "Habitação Tradicional Duriense",
        "base_height": 6.3,
        "roof_thickness": 0.9,
        "roof_type": "Telha de Barro Vermelho Cozido",
        "is_landmark": false
      }
    },
    {
      "type": "Feature",
      "id": "roof-277",
      "geometry": {
        "type": "Polygon",
        "coordinates": [
          [
            [
              -7.518027637949726,
              41.29446228980452
            ],
            [
              -7.5178633140755435,
              41.29446228980452
            ],
            [
              -7.5178633140755435,
              41.29453630160618
            ],
            [
              -7.518027637949726,
              41.29453630160618
            ],
            [
              -7.518027637949726,
              41.29446228980452
            ]
          ]
        ]
      },
      "properties": {
        "id": "roof-277",
        "name": "Telhado de Telha Lusa Tradicional",
        "building_type": "Habitação Tradicional Duriense",
        "base_height": 6.3,
        "roof_thickness": 0.9,
        "roof_type": "Telha de Barro Vermelho Cozido",
        "is_landmark": false
      }
    },
    {
      "type": "Feature",
      "id": "roof-278",
      "geometry": {
        "type": "Polygon",
        "coordinates": [
          [
            [
              -7.517041025824758,
              41.294493910436806
            ],
            [
              -7.51692330286342,
              41.294493910436806
            ],
            [
              -7.51692330286342,
              41.294633777103066
            ],
            [
              -7.517041025824758,
              41.294633777103066
            ],
            [
              -7.517041025824758,
              41.294493910436806
            ]
          ]
        ]
      },
      "properties": {
        "id": "roof-278",
        "name": "Telhado de Telha Lusa Tradicional",
        "building_type": "Adega / Lagar de Vinho",
        "base_height": 6.7,
        "roof_thickness": 0.9,
        "roof_type": "Telha de Barro Vermelho Cozido",
        "is_landmark": false
      }
    },
    {
      "type": "Feature",
      "id": "roof-279",
      "geometry": {
        "type": "Polygon",
        "coordinates": [
          [
            [
              -7.516537657043243,
              41.29447408657356
            ],
            [
              -7.516361168026504,
              41.29447408657356
            ],
            [
              -7.516361168026504,
              41.29458557076778
            ],
            [
              -7.516537657043243,
              41.29458557076778
            ],
            [
              -7.516537657043243,
              41.29447408657356
            ]
          ]
        ]
      },
      "properties": {
        "id": "roof-279",
        "name": "Telhado de Telha Lusa Tradicional",
        "building_type": "Habitação Tradicional Duriense",
        "base_height": 6.6,
        "roof_thickness": 0.9,
        "roof_type": "Telha de Barro Vermelho Cozido",
        "is_landmark": false
      }
    },
    {
      "type": "Feature",
      "id": "roof-280",
      "geometry": {
        "type": "Polygon",
        "coordinates": [
          [
            [
              -7.516069754779469,
              41.294480795627166
            ],
            [
              -7.515884828941871,
              41.294480795627166
            ],
            [
              -7.515884828941871,
              41.29459055343207
            ],
            [
              -7.516069754779469,
              41.29459055343207
            ],
            [
              -7.516069754779469,
              41.294480795627166
            ]
          ]
        ]
      },
      "properties": {
        "id": "roof-280",
        "name": "Telhado de Telha Lusa Tradicional",
        "building_type": "Habitação Tradicional Duriense",
        "base_height": 6.6,
        "roof_thickness": 0.9,
        "roof_type": "Telha de Barro Vermelho Cozido",
        "is_landmark": false
      }
    },
    {
      "type": "Feature",
      "id": "roof-281",
      "geometry": {
        "type": "Polygon",
        "coordinates": [
          [
            [
              -7.515055911677479,
              41.29451898085421
            ],
            [
              -7.514936921034451,
              41.29451898085421
            ],
            [
              -7.514936921034451,
              41.29461859012075
            ],
            [
              -7.515055911677479,
              41.29461859012075
            ],
            [
              -7.515055911677479,
              41.29451898085421
            ]
          ]
        ]
      },
      "properties": {
        "id": "roof-281",
        "name": "Telhado de Telha Lusa Tradicional",
        "building_type": "Adega / Lagar de Vinho",
        "base_height": 6.5,
        "roof_thickness": 0.9,
        "roof_type": "Telha de Barro Vermelho Cozido",
        "is_landmark": false
      }
    },
    {
      "type": "Feature",
      "id": "roof-282",
      "geometry": {
        "type": "Polygon",
        "coordinates": [
          [
            [
              -7.528111524848188,
              41.29489287986046
            ],
            [
              -7.527975655596836,
              41.29489287986046
            ],
            [
              -7.527975655596836,
              41.295008039484195
            ],
            [
              -7.528111524848188,
              41.295008039484195
            ],
            [
              -7.528111524848188,
              41.29489287986046
            ]
          ]
        ]
      },
      "properties": {
        "id": "roof-282",
        "name": "Telhado de Telha Lusa Tradicional",
        "building_type": "Habitação Tradicional Duriense",
        "base_height": 6.5,
        "roof_thickness": 0.9,
        "roof_type": "Telha de Barro Vermelho Cozido",
        "is_landmark": false
      }
    },
    {
      "type": "Feature",
      "id": "roof-283",
      "geometry": {
        "type": "Polygon",
        "coordinates": [
          [
            [
              -7.52713670623075,
              41.29484962382422
            ],
            [
              -7.526953366625363,
              41.29484962382422
            ],
            [
              -7.526953366625363,
              41.29497367823207
            ],
            [
              -7.52713670623075,
              41.29497367823207
            ],
            [
              -7.52713670623075,
              41.29484962382422
            ]
          ]
        ]
      },
      "properties": {
        "id": "roof-283",
        "name": "Telhado de Telha Lusa Tradicional",
        "building_type": "Adega / Lagar de Vinho",
        "base_height": 6.2,
        "roof_thickness": 0.9,
        "roof_type": "Telha de Barro Vermelho Cozido",
        "is_landmark": false
      }
    },
    {
      "type": "Feature",
      "id": "roof-284",
      "geometry": {
        "type": "Polygon",
        "coordinates": [
          [
            [
              -7.52651449578625,
              41.29489511794494
            ],
            [
              -7.526404086560255,
              41.29489511794494
            ],
            [
              -7.526404086560255,
              41.295010981960324
            ],
            [
              -7.52651449578625,
              41.295010981960324
            ],
            [
              -7.52651449578625,
              41.29489511794494
            ]
          ]
        ]
      },
      "properties": {
        "id": "roof-284",
        "name": "Telhado de Telha Lusa Tradicional",
        "building_type": "Habitação Tradicional Duriense",
        "base_height": 6.9,
        "roof_thickness": 0.9,
        "roof_type": "Telha de Barro Vermelho Cozido",
        "is_landmark": false
      }
    },
    {
      "type": "Feature",
      "id": "roof-285",
      "geometry": {
        "type": "Polygon",
        "coordinates": [
          [
            [
              -7.525586714425803,
              41.29491133512386
            ],
            [
              -7.525403033002101,
              41.29491133512386
            ],
            [
              -7.525403033002101,
              41.295014261168504
            ],
            [
              -7.525586714425803,
              41.295014261168504
            ],
            [
              -7.525586714425803,
              41.29491133512386
            ]
          ]
        ]
      },
      "properties": {
        "id": "roof-285",
        "name": "Telhado de Telha Lusa Tradicional",
        "building_type": "Habitação Tradicional Duriense",
        "base_height": 6.2,
        "roof_thickness": 0.9,
        "roof_type": "Telha de Barro Vermelho Cozido",
        "is_landmark": false
      }
    },
    {
      "type": "Feature",
      "id": "roof-286",
      "geometry": {
        "type": "Polygon",
        "coordinates": [
          [
            [
              -7.525106827774998,
              41.29485074379046
            ],
            [
              -7.524979924864384,
              41.29485074379046
            ],
            [
              -7.524979924864384,
              41.29495375700651
            ],
            [
              -7.525106827774998,
              41.29495375700651
            ],
            [
              -7.525106827774998,
              41.29485074379046
            ]
          ]
        ]
      },
      "properties": {
        "id": "roof-286",
        "name": "Telhado de Telha Lusa Tradicional",
        "building_type": "Habitação Tradicional Duriense",
        "base_height": 6.6,
        "roof_thickness": 0.9,
        "roof_type": "Telha de Barro Vermelho Cozido",
        "is_landmark": false
      }
    },
    {
      "type": "Feature",
      "id": "roof-287",
      "geometry": {
        "type": "Polygon",
        "coordinates": [
          [
            [
              -7.522633513324979,
              41.294880311367265
            ],
            [
              -7.522490188447573,
              41.294880311367265
            ],
            [
              -7.522490188447573,
              41.29499150564692
            ],
            [
              -7.522633513324979,
              41.29499150564692
            ],
            [
              -7.522633513324979,
              41.294880311367265
            ]
          ]
        ]
      },
      "properties": {
        "id": "roof-287",
        "name": "Telhado de Telha Lusa Tradicional",
        "building_type": "Habitação Tradicional Duriense",
        "base_height": 3.5,
        "roof_thickness": 0.9,
        "roof_type": "Telha de Barro Vermelho Cozido",
        "is_landmark": false
      }
    },
    {
      "type": "Feature",
      "id": "roof-288",
      "geometry": {
        "type": "Polygon",
        "coordinates": [
          [
            [
              -7.521106477059127,
              41.294894681349774
            ],
            [
              -7.5209920687575975,
              41.294894681349774
            ],
            [
              -7.5209920687575975,
              41.29502324440085
            ],
            [
              -7.521106477059127,
              41.29502324440085
            ],
            [
              -7.521106477059127,
              41.294894681349774
            ]
          ]
        ]
      },
      "properties": {
        "id": "roof-288",
        "name": "Telhado de Telha Lusa Tradicional",
        "building_type": "Habitação Tradicional Duriense",
        "base_height": 6.3,
        "roof_thickness": 0.9,
        "roof_type": "Telha de Barro Vermelho Cozido",
        "is_landmark": false
      }
    },
    {
      "type": "Feature",
      "id": "roof-289",
      "geometry": {
        "type": "Polygon",
        "coordinates": [
          [
            [
              -7.5191151776254905,
              41.29481994416367
            ],
            [
              -7.518971145014184,
              41.29481994416367
            ],
            [
              -7.518971145014184,
              41.29490228404399
            ],
            [
              -7.5191151776254905,
              41.29490228404399
            ],
            [
              -7.5191151776254905,
              41.29481994416367
            ]
          ]
        ]
      },
      "properties": {
        "id": "roof-289",
        "name": "Telhado de Telha Lusa Tradicional",
        "building_type": "Habitação Tradicional Duriense",
        "base_height": 6.7,
        "roof_thickness": 0.9,
        "roof_type": "Telha de Barro Vermelho Cozido",
        "is_landmark": false
      }
    },
    {
      "type": "Feature",
      "id": "roof-290",
      "geometry": {
        "type": "Polygon",
        "coordinates": [
          [
            [
              -7.517022628421667,
              41.29488191307323
            ],
            [
              -7.516910817155945,
              41.29488191307323
            ],
            [
              -7.516910817155945,
              41.29495316310622
            ],
            [
              -7.517022628421667,
              41.29495316310622
            ],
            [
              -7.517022628421667,
              41.29488191307323
            ]
          ]
        ]
      },
      "properties": {
        "id": "roof-290",
        "name": "Telhado de Telha Lusa Tradicional",
        "building_type": "Habitação Tradicional Duriense",
        "base_height": 6.7,
        "roof_thickness": 0.9,
        "roof_type": "Telha de Barro Vermelho Cozido",
        "is_landmark": false
      }
    },
    {
      "type": "Feature",
      "id": "roof-291",
      "geometry": {
        "type": "Polygon",
        "coordinates": [
          [
            [
              -7.516051924403444,
              41.294917614176214
            ],
            [
              -7.51591027725914,
              41.294917614176214
            ],
            [
              -7.51591027725914,
              41.2950260397802
            ],
            [
              -7.516051924403444,
              41.2950260397802
            ],
            [
              -7.516051924403444,
              41.294917614176214
            ]
          ]
        ]
      },
      "properties": {
        "id": "roof-291",
        "name": "Telhado de Telha Lusa Tradicional",
        "building_type": "Habitação Tradicional Duriense",
        "base_height": 6.6,
        "roof_thickness": 0.9,
        "roof_type": "Telha de Barro Vermelho Cozido",
        "is_landmark": false
      }
    },
    {
      "type": "Feature",
      "id": "roof-292",
      "geometry": {
        "type": "Polygon",
        "coordinates": [
          [
            [
              -7.5275863448908815,
              41.29529786355313
            ],
            [
              -7.527456600399839,
              41.29529786355313
            ],
            [
              -7.527456600399839,
              41.295383950348366
            ],
            [
              -7.5275863448908815,
              41.295383950348366
            ],
            [
              -7.5275863448908815,
              41.29529786355313
            ]
          ]
        ]
      },
      "properties": {
        "id": "roof-292",
        "name": "Telhado de Telha Lusa Tradicional",
        "building_type": "Habitação Tradicional Duriense",
        "base_height": 7,
        "roof_thickness": 0.9,
        "roof_type": "Telha de Barro Vermelho Cozido",
        "is_landmark": false
      }
    },
    {
      "type": "Feature",
      "id": "roof-293",
      "geometry": {
        "type": "Polygon",
        "coordinates": [
          [
            [
              -7.526547804904975,
              41.29525585068225
            ],
            [
              -7.52637684078886,
              41.29525585068225
            ],
            [
              -7.52637684078886,
              41.295361166768245
            ],
            [
              -7.526547804904975,
              41.295361166768245
            ],
            [
              -7.526547804904975,
              41.29525585068225
            ]
          ]
        ]
      },
      "properties": {
        "id": "roof-293",
        "name": "Telhado de Telha Lusa Tradicional",
        "building_type": "Habitação Tradicional Duriense",
        "base_height": 6.7,
        "roof_thickness": 0.9,
        "roof_type": "Telha de Barro Vermelho Cozido",
        "is_landmark": false
      }
    },
    {
      "type": "Feature",
      "id": "roof-294",
      "geometry": {
        "type": "Polygon",
        "coordinates": [
          [
            [
              -7.526121949149287,
              41.29526126851639
            ],
            [
              -7.52599739354457,
              41.29526126851639
            ],
            [
              -7.52599739354457,
              41.29539792016099
            ],
            [
              -7.526121949149287,
              41.29539792016099
            ],
            [
              -7.526121949149287,
              41.29526126851639
            ]
          ]
        ]
      },
      "properties": {
        "id": "roof-294",
        "name": "Telhado de Telha Lusa Tradicional",
        "building_type": "Adega / Lagar de Vinho",
        "base_height": 6.9,
        "roof_thickness": 0.9,
        "roof_type": "Telha de Barro Vermelho Cozido",
        "is_landmark": false
      }
    },
    {
      "type": "Feature",
      "id": "roof-295",
      "geometry": {
        "type": "Polygon",
        "coordinates": [
          [
            [
              -7.52562240713547,
              41.29525159693932
            ],
            [
              -7.525506082344092,
              41.29525159693932
            ],
            [
              -7.525506082344092,
              41.2953392997335
            ],
            [
              -7.52562240713547,
              41.2953392997335
            ],
            [
              -7.52562240713547,
              41.29525159693932
            ]
          ]
        ]
      },
      "properties": {
        "id": "roof-295",
        "name": "Telhado de Telha Lusa Tradicional",
        "building_type": "Habitação Tradicional Duriense",
        "base_height": 6.4,
        "roof_thickness": 0.9,
        "roof_type": "Telha de Barro Vermelho Cozido",
        "is_landmark": false
      }
    },
    {
      "type": "Feature",
      "id": "roof-296",
      "geometry": {
        "type": "Polygon",
        "coordinates": [
          [
            [
              -7.525048206899575,
              41.29527825464143
            ],
            [
              -7.524901494042423,
              41.29527825464143
            ],
            [
              -7.524901494042423,
              41.29539879167068
            ],
            [
              -7.525048206899575,
              41.29539879167068
            ],
            [
              -7.525048206899575,
              41.29527825464143
            ]
          ]
        ]
      },
      "properties": {
        "id": "roof-296",
        "name": "Telhado de Telha Lusa Tradicional",
        "building_type": "Habitação Tradicional Duriense",
        "base_height": 6.6,
        "roof_thickness": 0.9,
        "roof_type": "Telha de Barro Vermelho Cozido",
        "is_landmark": false
      }
    },
    {
      "type": "Feature",
      "id": "roof-297",
      "geometry": {
        "type": "Polygon",
        "coordinates": [
          [
            [
              -7.5240685096660815,
              41.29528229002616
            ],
            [
              -7.523921827214169,
              41.29528229002616
            ],
            [
              -7.523921827214169,
              41.29536424818472
            ],
            [
              -7.5240685096660815,
              41.29536424818472
            ],
            [
              -7.5240685096660815,
              41.29528229002616
            ]
          ]
        ]
      },
      "properties": {
        "id": "roof-297",
        "name": "Telhado de Telha Lusa Tradicional",
        "building_type": "Habitação Tradicional Duriense",
        "base_height": 6.6,
        "roof_thickness": 0.9,
        "roof_type": "Telha de Barro Vermelho Cozido",
        "is_landmark": false
      }
    },
    {
      "type": "Feature",
      "id": "roof-298",
      "geometry": {
        "type": "Polygon",
        "coordinates": [
          [
            [
              -7.523583464603654,
              41.295302668506864
            ],
            [
              -7.5234131176501915,
              41.295302668506864
            ],
            [
              -7.5234131176501915,
              41.29538067452103
            ],
            [
              -7.523583464603654,
              41.29538067452103
            ],
            [
              -7.523583464603654,
              41.295302668506864
            ]
          ]
        ]
      },
      "properties": {
        "id": "roof-298",
        "name": "Telhado de Telha Lusa Tradicional",
        "building_type": "Adega / Lagar de Vinho",
        "base_height": 6.9,
        "roof_thickness": 0.9,
        "roof_type": "Telha de Barro Vermelho Cozido",
        "is_landmark": false
      }
    },
    {
      "type": "Feature",
      "id": "roof-299",
      "geometry": {
        "type": "Polygon",
        "coordinates": [
          [
            [
              -7.5205254576844425,
              41.29527547028065
            ],
            [
              -7.5203444247716185,
              41.29527547028065
            ],
            [
              -7.5203444247716185,
              41.29536827576411
            ],
            [
              -7.5205254576844425,
              41.29536827576411
            ],
            [
              -7.5205254576844425,
              41.29527547028065
            ]
          ]
        ]
      },
      "properties": {
        "id": "roof-299",
        "name": "Telhado de Telha Lusa Tradicional",
        "building_type": "Habitação Tradicional Duriense",
        "base_height": 6.2,
        "roof_thickness": 0.9,
        "roof_type": "Telha de Barro Vermelho Cozido",
        "is_landmark": false
      }
    },
    {
      "type": "Feature",
      "id": "roof-300",
      "geometry": {
        "type": "Polygon",
        "coordinates": [
          [
            [
              -7.518029017989164,
              41.29520444475001
            ],
            [
              -7.517914016255018,
              41.29520444475001
            ],
            [
              -7.517914016255018,
              41.29528268994136
            ],
            [
              -7.518029017989164,
              41.29528268994136
            ],
            [
              -7.518029017989164,
              41.29520444475001
            ]
          ]
        ]
      },
      "properties": {
        "id": "roof-300",
        "name": "Telhado de Telha Lusa Tradicional",
        "building_type": "Habitação Tradicional Duriense",
        "base_height": 6.5,
        "roof_thickness": 0.9,
        "roof_type": "Telha de Barro Vermelho Cozido",
        "is_landmark": false
      }
    },
    {
      "type": "Feature",
      "id": "roof-301",
      "geometry": {
        "type": "Polygon",
        "coordinates": [
          [
            [
              -7.517046028209746,
              41.29526433515765
            ],
            [
              -7.516895684066336,
              41.29526433515765
            ],
            [
              -7.516895684066336,
              41.29536711103943
            ],
            [
              -7.517046028209746,
              41.29536711103943
            ],
            [
              -7.517046028209746,
              41.29526433515765
            ]
          ]
        ]
      },
      "properties": {
        "id": "roof-301",
        "name": "Telhado de Telha Lusa Tradicional",
        "building_type": "Adega / Lagar de Vinho",
        "base_height": 6.5,
        "roof_thickness": 0.9,
        "roof_type": "Telha de Barro Vermelho Cozido",
        "is_landmark": false
      }
    },
    {
      "type": "Feature",
      "id": "roof-302",
      "geometry": {
        "type": "Polygon",
        "coordinates": [
          [
            [
              -7.516147047479246,
              41.295295662460404
            ],
            [
              -7.515980741190683,
              41.295295662460404
            ],
            [
              -7.515980741190683,
              41.295366119216936
            ],
            [
              -7.516147047479246,
              41.295366119216936
            ],
            [
              -7.516147047479246,
              41.295295662460404
            ]
          ]
        ]
      },
      "properties": {
        "id": "roof-302",
        "name": "Telhado de Telha Lusa Tradicional",
        "building_type": "Habitação Tradicional Duriense",
        "base_height": 6.7,
        "roof_thickness": 0.9,
        "roof_type": "Telha de Barro Vermelho Cozido",
        "is_landmark": false
      }
    },
    {
      "type": "Feature",
      "id": "roof-303",
      "geometry": {
        "type": "Polygon",
        "coordinates": [
          [
            [
              -7.526525723586025,
              41.2955557183209
            ],
            [
              -7.526370042860827,
              41.2955557183209
            ],
            [
              -7.526370042860827,
              41.29569433064985
            ],
            [
              -7.526525723586025,
              41.29569433064985
            ],
            [
              -7.526525723586025,
              41.2955557183209
            ]
          ]
        ]
      },
      "properties": {
        "id": "roof-303",
        "name": "Telhado de Telha Lusa Tradicional",
        "building_type": "Habitação Tradicional Duriense",
        "base_height": 6.2,
        "roof_thickness": 0.9,
        "roof_type": "Telha de Barro Vermelho Cozido",
        "is_landmark": false
      }
    },
    {
      "type": "Feature",
      "id": "roof-304",
      "geometry": {
        "type": "Polygon",
        "coordinates": [
          [
            [
              -7.5239919143165865,
              41.29569964329493
            ],
            [
              -7.523873846359597,
              41.29569964329493
            ],
            [
              -7.523873846359597,
              41.29577916461643
            ],
            [
              -7.5239919143165865,
              41.29577916461643
            ],
            [
              -7.5239919143165865,
              41.29569964329493
            ]
          ]
        ]
      },
      "properties": {
        "id": "roof-304",
        "name": "Telhado de Telha Lusa Tradicional",
        "building_type": "Habitação Tradicional Duriense",
        "base_height": 6.4,
        "roof_thickness": 0.9,
        "roof_type": "Telha de Barro Vermelho Cozido",
        "is_landmark": false
      }
    },
    {
      "type": "Feature",
      "id": "roof-305",
      "geometry": {
        "type": "Polygon",
        "coordinates": [
          [
            [
              -7.523567929082319,
              41.29564530642098
            ],
            [
              -7.52342019209913,
              41.29564530642098
            ],
            [
              -7.52342019209913,
              41.295733552060994
            ],
            [
              -7.523567929082319,
              41.295733552060994
            ],
            [
              -7.523567929082319,
              41.29564530642098
            ]
          ]
        ]
      },
      "properties": {
        "id": "roof-305",
        "name": "Telhado de Telha Lusa Tradicional",
        "building_type": "Adega / Lagar de Vinho",
        "base_height": 3.7,
        "roof_thickness": 0.9,
        "roof_type": "Telha de Barro Vermelho Cozido",
        "is_landmark": false
      }
    },
    {
      "type": "Feature",
      "id": "roof-306",
      "geometry": {
        "type": "Polygon",
        "coordinates": [
          [
            [
              -7.523017039659726,
              41.295616283270235
            ],
            [
              -7.522855572223223,
              41.295616283270235
            ],
            [
              -7.522855572223223,
              41.295695048745
            ],
            [
              -7.523017039659726,
              41.295695048745
            ],
            [
              -7.523017039659726,
              41.295616283270235
            ]
          ]
        ]
      },
      "properties": {
        "id": "roof-306",
        "name": "Telhado de Telha Lusa Tradicional",
        "building_type": "Adega / Lagar de Vinho",
        "base_height": 6.6,
        "roof_thickness": 0.9,
        "roof_type": "Telha de Barro Vermelho Cozido",
        "is_landmark": false
      }
    },
    {
      "type": "Feature",
      "id": "roof-307",
      "geometry": {
        "type": "Polygon",
        "coordinates": [
          [
            [
              -7.521123453666162,
              41.29558553394196
            ],
            [
              -7.520995731971336,
              41.29558553394196
            ],
            [
              -7.520995731971336,
              41.29568585521136
            ],
            [
              -7.521123453666162,
              41.29568585521136
            ],
            [
              -7.521123453666162,
              41.29558553394196
            ]
          ]
        ]
      },
      "properties": {
        "id": "roof-307",
        "name": "Telhado de Telha Lusa Tradicional",
        "building_type": "Adega / Lagar de Vinho",
        "base_height": 6.8,
        "roof_thickness": 0.9,
        "roof_type": "Telha de Barro Vermelho Cozido",
        "is_landmark": false
      }
    },
    {
      "type": "Feature",
      "id": "roof-308",
      "geometry": {
        "type": "Polygon",
        "coordinates": [
          [
            [
              -7.519100519561256,
              41.295643268324966
            ],
            [
              -7.518979921743437,
              41.295643268324966
            ],
            [
              -7.518979921743437,
              41.29574318540183
            ],
            [
              -7.519100519561256,
              41.29574318540183
            ],
            [
              -7.519100519561256,
              41.295643268324966
            ]
          ]
        ]
      },
      "properties": {
        "id": "roof-308",
        "name": "Telhado de Telha Lusa Tradicional",
        "building_type": "Habitação Tradicional Duriense",
        "base_height": 3.4,
        "roof_thickness": 0.9,
        "roof_type": "Telha de Barro Vermelho Cozido",
        "is_landmark": false
      }
    },
    {
      "type": "Feature",
      "id": "roof-309",
      "geometry": {
        "type": "Polygon",
        "coordinates": [
          [
            [
              -7.518612972675144,
              41.29560127822409
            ],
            [
              -7.518493958365583,
              41.29560127822409
            ],
            [
              -7.518493958365583,
              41.295670794395726
            ],
            [
              -7.518612972675144,
              41.295670794395726
            ],
            [
              -7.518612972675144,
              41.29560127822409
            ]
          ]
        ]
      },
      "properties": {
        "id": "roof-309",
        "name": "Telhado de Telha Lusa Tradicional",
        "building_type": "Habitação Tradicional Duriense",
        "base_height": 3.7,
        "roof_thickness": 0.9,
        "roof_type": "Telha de Barro Vermelho Cozido",
        "is_landmark": false
      }
    },
    {
      "type": "Feature",
      "id": "roof-310",
      "geometry": {
        "type": "Polygon",
        "coordinates": [
          [
            [
              -7.517043283015391,
              41.29566657342484
            ],
            [
              -7.516864473869728,
              41.29566657342484
            ],
            [
              -7.516864473869728,
              41.29579699630503
            ],
            [
              -7.517043283015391,
              41.29579699630503
            ],
            [
              -7.517043283015391,
              41.29566657342484
            ]
          ]
        ]
      },
      "properties": {
        "id": "roof-310",
        "name": "Telhado de Telha Lusa Tradicional",
        "building_type": "Habitação Tradicional Duriense",
        "base_height": 6.7,
        "roof_thickness": 0.9,
        "roof_type": "Telha de Barro Vermelho Cozido",
        "is_landmark": false
      }
    },
    {
      "type": "Feature",
      "id": "roof-311",
      "geometry": {
        "type": "Polygon",
        "coordinates": [
          [
            [
              -7.516542139114476,
              41.29565623003182
            ],
            [
              -7.516367982948193,
              41.29565623003182
            ],
            [
              -7.516367982948193,
              41.295738477575206
            ],
            [
              -7.516542139114476,
              41.295738477575206
            ],
            [
              -7.516542139114476,
              41.29565623003182
            ]
          ]
        ]
      },
      "properties": {
        "id": "roof-311",
        "name": "Telhado de Telha Lusa Tradicional",
        "building_type": "Habitação Tradicional Duriense",
        "base_height": 6.5,
        "roof_thickness": 0.9,
        "roof_type": "Telha de Barro Vermelho Cozido",
        "is_landmark": false
      }
    },
    {
      "type": "Feature",
      "id": "roof-312",
      "geometry": {
        "type": "Polygon",
        "coordinates": [
          [
            [
              -7.516093667153623,
              41.29564579170645
            ],
            [
              -7.515963491405584,
              41.29564579170645
            ],
            [
              -7.515963491405584,
              41.29575308595382
            ],
            [
              -7.516093667153623,
              41.29575308595382
            ],
            [
              -7.516093667153623,
              41.29564579170645
            ]
          ]
        ]
      },
      "properties": {
        "id": "roof-312",
        "name": "Telhado de Telha Lusa Tradicional",
        "building_type": "Adega / Lagar de Vinho",
        "base_height": 3.7,
        "roof_thickness": 0.9,
        "roof_type": "Telha de Barro Vermelho Cozido",
        "is_landmark": false
      }
    },
    {
      "type": "Feature",
      "id": "roof-313",
      "geometry": {
        "type": "Polygon",
        "coordinates": [
          [
            [
              -7.526555441069427,
              41.29601074083613
            ],
            [
              -7.526411777736908,
              41.29601074083613
            ],
            [
              -7.526411777736908,
              41.29614438813292
            ],
            [
              -7.526555441069427,
              41.29614438813292
            ],
            [
              -7.526555441069427,
              41.29601074083613
            ]
          ]
        ]
      },
      "properties": {
        "id": "roof-313",
        "name": "Telhado de Telha Lusa Tradicional",
        "building_type": "Adega / Lagar de Vinho",
        "base_height": 6.6,
        "roof_thickness": 0.9,
        "roof_type": "Telha de Barro Vermelho Cozido",
        "is_landmark": false
      }
    },
    {
      "type": "Feature",
      "id": "roof-314",
      "geometry": {
        "type": "Polygon",
        "coordinates": [
          [
            [
              -7.526123572899545,
              41.296005951906956
            ],
            [
              -7.525964826965282,
              41.296005951906956
            ],
            [
              -7.525964826965282,
              41.29614086321208
            ],
            [
              -7.526123572899545,
              41.29614086321208
            ],
            [
              -7.526123572899545,
              41.296005951906956
            ]
          ]
        ]
      },
      "properties": {
        "id": "roof-314",
        "name": "Telhado de Telha Lusa Tradicional",
        "building_type": "Habitação Tradicional Duriense",
        "base_height": 6.2,
        "roof_thickness": 0.9,
        "roof_type": "Telha de Barro Vermelho Cozido",
        "is_landmark": false
      }
    },
    {
      "type": "Feature",
      "id": "roof-315",
      "geometry": {
        "type": "Polygon",
        "coordinates": [
          [
            [
              -7.523644737298359,
              41.2960581136203
            ],
            [
              -7.5234820426119855,
              41.2960581136203
            ],
            [
              -7.5234820426119855,
              41.29614364574956
            ],
            [
              -7.523644737298359,
              41.29614364574956
            ],
            [
              -7.523644737298359,
              41.2960581136203
            ]
          ]
        ]
      },
      "properties": {
        "id": "roof-315",
        "name": "Telhado de Telha Lusa Tradicional",
        "building_type": "Habitação Tradicional Duriense",
        "base_height": 6.4,
        "roof_thickness": 0.9,
        "roof_type": "Telha de Barro Vermelho Cozido",
        "is_landmark": false
      }
    },
    {
      "type": "Feature",
      "id": "roof-316",
      "geometry": {
        "type": "Polygon",
        "coordinates": [
          [
            [
              -7.5230362126393695,
              41.29601579529533
            ],
            [
              -7.522901568474647,
              41.29601579529533
            ],
            [
              -7.522901568474647,
              41.296116691359
            ],
            [
              -7.5230362126393695,
              41.296116691359
            ],
            [
              -7.5230362126393695,
              41.29601579529533
            ]
          ]
        ]
      },
      "properties": {
        "id": "roof-316",
        "name": "Telhado de Telha Lusa Tradicional",
        "building_type": "Habitação Tradicional Duriense",
        "base_height": 6.7,
        "roof_thickness": 0.9,
        "roof_type": "Telha de Barro Vermelho Cozido",
        "is_landmark": false
      }
    },
    {
      "type": "Feature",
      "id": "roof-317",
      "geometry": {
        "type": "Polygon",
        "coordinates": [
          [
            [
              -7.521624914088901,
              41.296058077426125
            ],
            [
              -7.521490807358584,
              41.296058077426125
            ],
            [
              -7.521490807358584,
              41.296128466373844
            ],
            [
              -7.521624914088901,
              41.296128466373844
            ],
            [
              -7.521624914088901,
              41.296058077426125
            ]
          ]
        ]
      },
      "properties": {
        "id": "roof-317",
        "name": "Telhado de Telha Lusa Tradicional",
        "building_type": "Habitação Tradicional Duriense",
        "base_height": 6.2,
        "roof_thickness": 0.9,
        "roof_type": "Telha de Barro Vermelho Cozido",
        "is_landmark": false
      }
    },
    {
      "type": "Feature",
      "id": "roof-318",
      "geometry": {
        "type": "Polygon",
        "coordinates": [
          [
            [
              -7.52006298846521,
              41.296029980116536
            ],
            [
              -7.519888911701734,
              41.296029980116536
            ],
            [
              -7.519888911701734,
              41.29613122839924
            ],
            [
              -7.52006298846521,
              41.29613122839924
            ],
            [
              -7.52006298846521,
              41.296029980116536
            ]
          ]
        ]
      },
      "properties": {
        "id": "roof-318",
        "name": "Telhado de Telha Lusa Tradicional",
        "building_type": "Habitação Tradicional Duriense",
        "base_height": 3.5,
        "roof_thickness": 0.9,
        "roof_type": "Telha de Barro Vermelho Cozido",
        "is_landmark": false
      }
    },
    {
      "type": "Feature",
      "id": "roof-319",
      "geometry": {
        "type": "Polygon",
        "coordinates": [
          [
            [
              -7.519113994811856,
              41.29597566637238
            ],
            [
              -7.518998138918376,
              41.29597566637238
            ],
            [
              -7.518998138918376,
              41.296093505774714
            ],
            [
              -7.519113994811856,
              41.296093505774714
            ],
            [
              -7.519113994811856,
              41.29597566637238
            ]
          ]
        ]
      },
      "properties": {
        "id": "roof-319",
        "name": "Telhado de Telha Lusa Tradicional",
        "building_type": "Habitação Tradicional Duriense",
        "base_height": 6.9,
        "roof_thickness": 0.9,
        "roof_type": "Telha de Barro Vermelho Cozido",
        "is_landmark": false
      }
    },
    {
      "type": "Feature",
      "id": "roof-320",
      "geometry": {
        "type": "Polygon",
        "coordinates": [
          [
            [
              -7.5186322496737095,
              41.2960552629723
            ],
            [
              -7.5184775790523,
              41.2960552629723
            ],
            [
              -7.5184775790523,
              41.296162183056865
            ],
            [
              -7.5186322496737095,
              41.296162183056865
            ],
            [
              -7.5186322496737095,
              41.2960552629723
            ]
          ]
        ]
      },
      "properties": {
        "id": "roof-320",
        "name": "Telhado de Telha Lusa Tradicional",
        "building_type": "Habitação Tradicional Duriense",
        "base_height": 6.9,
        "roof_thickness": 0.9,
        "roof_type": "Telha de Barro Vermelho Cozido",
        "is_landmark": false
      }
    },
    {
      "type": "Feature",
      "id": "roof-321",
      "geometry": {
        "type": "Polygon",
        "coordinates": [
          [
            [
              -7.518073309189454,
              41.29600817645512
            ],
            [
              -7.517969180703213,
              41.29600817645512
            ],
            [
              -7.517969180703213,
              41.296129911705506
            ],
            [
              -7.518073309189454,
              41.296129911705506
            ],
            [
              -7.518073309189454,
              41.29600817645512
            ]
          ]
        ]
      },
      "properties": {
        "id": "roof-321",
        "name": "Telhado de Telha Lusa Tradicional",
        "building_type": "Habitação Tradicional Duriense",
        "base_height": 6.2,
        "roof_thickness": 0.9,
        "roof_type": "Telha de Barro Vermelho Cozido",
        "is_landmark": false
      }
    },
    {
      "type": "Feature",
      "id": "roof-322",
      "geometry": {
        "type": "Polygon",
        "coordinates": [
          [
            [
              -7.517508767069139,
              41.295984346422216
            ],
            [
              -7.517365336336263,
              41.295984346422216
            ],
            [
              -7.517365336336263,
              41.296064731417545
            ],
            [
              -7.517508767069139,
              41.296064731417545
            ],
            [
              -7.517508767069139,
              41.295984346422216
            ]
          ]
        ]
      },
      "properties": {
        "id": "roof-322",
        "name": "Telhado de Telha Lusa Tradicional",
        "building_type": "Adega / Lagar de Vinho",
        "base_height": 6.9,
        "roof_thickness": 0.9,
        "roof_type": "Telha de Barro Vermelho Cozido",
        "is_landmark": false
      }
    },
    {
      "type": "Feature",
      "id": "roof-323",
      "geometry": {
        "type": "Polygon",
        "coordinates": [
          [
            [
              -7.517054472244979,
              41.29599672819957
            ],
            [
              -7.516926340487618,
              41.29599672819957
            ],
            [
              -7.516926340487618,
              41.29613254254676
            ],
            [
              -7.517054472244979,
              41.29613254254676
            ],
            [
              -7.517054472244979,
              41.29599672819957
            ]
          ]
        ]
      },
      "properties": {
        "id": "roof-323",
        "name": "Telhado de Telha Lusa Tradicional",
        "building_type": "Habitação Tradicional Duriense",
        "base_height": 6.2,
        "roof_thickness": 0.9,
        "roof_type": "Telha de Barro Vermelho Cozido",
        "is_landmark": false
      }
    },
    {
      "type": "Feature",
      "id": "roof-324",
      "geometry": {
        "type": "Polygon",
        "coordinates": [
          [
            [
              -7.51662873590272,
              41.29601371719527
            ],
            [
              -7.516471212681217,
              41.29601371719527
            ],
            [
              -7.516471212681217,
              41.296115890025696
            ],
            [
              -7.51662873590272,
              41.296115890025696
            ],
            [
              -7.51662873590272,
              41.29601371719527
            ]
          ]
        ]
      },
      "properties": {
        "id": "roof-324",
        "name": "Telhado de Telha Lusa Tradicional",
        "building_type": "Habitação Tradicional Duriense",
        "base_height": 6.9,
        "roof_thickness": 0.9,
        "roof_type": "Telha de Barro Vermelho Cozido",
        "is_landmark": false
      }
    },
    {
      "type": "Feature",
      "id": "roof-325",
      "geometry": {
        "type": "Polygon",
        "coordinates": [
          [
            [
              -7.52609473938394,
              41.2963495462489
            ],
            [
              -7.525919376983635,
              41.2963495462489
            ],
            [
              -7.525919376983635,
              41.296455813437156
            ],
            [
              -7.52609473938394,
              41.296455813437156
            ],
            [
              -7.52609473938394,
              41.2963495462489
            ]
          ]
        ]
      },
      "properties": {
        "id": "roof-325",
        "name": "Telhado de Telha Lusa Tradicional",
        "building_type": "Habitação Tradicional Duriense",
        "base_height": 6.7,
        "roof_thickness": 0.9,
        "roof_type": "Telha de Barro Vermelho Cozido",
        "is_landmark": false
      }
    },
    {
      "type": "Feature",
      "id": "roof-326",
      "geometry": {
        "type": "Polygon",
        "coordinates": [
          [
            [
              -7.525628841701911,
              41.29635100576843
            ],
            [
              -7.525450530159663,
              41.29635100576843
            ],
            [
              -7.525450530159663,
              41.29643709898815
            ],
            [
              -7.525628841701911,
              41.29643709898815
            ],
            [
              -7.525628841701911,
              41.29635100576843
            ]
          ]
        ]
      },
      "properties": {
        "id": "roof-326",
        "name": "Telhado de Telha Lusa Tradicional",
        "building_type": "Habitação Tradicional Duriense",
        "base_height": 6.4,
        "roof_thickness": 0.9,
        "roof_type": "Telha de Barro Vermelho Cozido",
        "is_landmark": false
      }
    },
    {
      "type": "Feature",
      "id": "roof-327",
      "geometry": {
        "type": "Polygon",
        "coordinates": [
          [
            [
              -7.5251182970814865,
              41.29642029012601
            ],
            [
              -7.524999409792762,
              41.29642029012601
            ],
            [
              -7.524999409792762,
              41.29653345750424
            ],
            [
              -7.5251182970814865,
              41.29653345750424
            ],
            [
              -7.5251182970814865,
              41.29642029012601
            ]
          ]
        ]
      },
      "properties": {
        "id": "roof-327",
        "name": "Telhado de Telha Lusa Tradicional",
        "building_type": "Habitação Tradicional Duriense",
        "base_height": 7,
        "roof_thickness": 0.9,
        "roof_type": "Telha de Barro Vermelho Cozido",
        "is_landmark": false
      }
    },
    {
      "type": "Feature",
      "id": "roof-328",
      "geometry": {
        "type": "Polygon",
        "coordinates": [
          [
            [
              -7.5245533190007565,
              41.29641181525662
            ],
            [
              -7.524420556726194,
              41.29641181525662
            ],
            [
              -7.524420556726194,
              41.29648730935649
            ],
            [
              -7.5245533190007565,
              41.29648730935649
            ],
            [
              -7.5245533190007565,
              41.29641181525662
            ]
          ]
        ]
      },
      "properties": {
        "id": "roof-328",
        "name": "Telhado de Telha Lusa Tradicional",
        "building_type": "Habitação Tradicional Duriense",
        "base_height": 6.6,
        "roof_thickness": 0.9,
        "roof_type": "Telha de Barro Vermelho Cozido",
        "is_landmark": false
      }
    },
    {
      "type": "Feature",
      "id": "roof-329",
      "geometry": {
        "type": "Polygon",
        "coordinates": [
          [
            [
              -7.524042274839724,
              41.2963610778531
            ],
            [
              -7.52392810536856,
              41.2963610778531
            ],
            [
              -7.52392810536856,
              41.29648466266732
            ],
            [
              -7.524042274839724,
              41.29648466266732
            ],
            [
              -7.524042274839724,
              41.2963610778531
            ]
          ]
        ]
      },
      "properties": {
        "id": "roof-329",
        "name": "Telhado de Telha Lusa Tradicional",
        "building_type": "Habitação Tradicional Duriense",
        "base_height": 3.6,
        "roof_thickness": 0.9,
        "roof_type": "Telha de Barro Vermelho Cozido",
        "is_landmark": false
      }
    },
    {
      "type": "Feature",
      "id": "roof-330",
      "geometry": {
        "type": "Polygon",
        "coordinates": [
          [
            [
              -7.523022152116227,
              41.29638723203128
            ],
            [
              -7.522849165859879,
              41.29638723203128
            ],
            [
              -7.522849165859879,
              41.296499872440776
            ],
            [
              -7.523022152116227,
              41.296499872440776
            ],
            [
              -7.523022152116227,
              41.29638723203128
            ]
          ]
        ]
      },
      "properties": {
        "id": "roof-330",
        "name": "Telhado de Telha Lusa Tradicional",
        "building_type": "Habitação Tradicional Duriense",
        "base_height": 6.7,
        "roof_thickness": 0.9,
        "roof_type": "Telha de Barro Vermelho Cozido",
        "is_landmark": false
      }
    },
    {
      "type": "Feature",
      "id": "roof-331",
      "geometry": {
        "type": "Polygon",
        "coordinates": [
          [
            [
              -7.521551656312293,
              41.29634663304723
            ],
            [
              -7.521411389546983,
              41.29634663304723
            ],
            [
              -7.521411389546983,
              41.29646819418395
            ],
            [
              -7.521551656312293,
              41.29646819418395
            ],
            [
              -7.521551656312293,
              41.29634663304723
            ]
          ]
        ]
      },
      "properties": {
        "id": "roof-331",
        "name": "Telhado de Telha Lusa Tradicional",
        "building_type": "Adega / Lagar de Vinho",
        "base_height": 6.2,
        "roof_thickness": 0.9,
        "roof_type": "Telha de Barro Vermelho Cozido",
        "is_landmark": false
      }
    },
    {
      "type": "Feature",
      "id": "roof-332",
      "geometry": {
        "type": "Polygon",
        "coordinates": [
          [
            [
              -7.5211165195855365,
              41.29641944724641
            ],
            [
              -7.52098036228255,
              41.29641944724641
            ],
            [
              -7.52098036228255,
              41.296547134642154
            ],
            [
              -7.5211165195855365,
              41.296547134642154
            ],
            [
              -7.5211165195855365,
              41.29641944724641
            ]
          ]
        ]
      },
      "properties": {
        "id": "roof-332",
        "name": "Telhado de Telha Lusa Tradicional",
        "building_type": "Habitação Tradicional Duriense",
        "base_height": 3.5,
        "roof_thickness": 0.9,
        "roof_type": "Telha de Barro Vermelho Cozido",
        "is_landmark": false
      }
    },
    {
      "type": "Feature",
      "id": "roof-333",
      "geometry": {
        "type": "Polygon",
        "coordinates": [
          [
            [
              -7.5206148876500265,
              41.296418228388106
            ],
            [
              -7.520467437171494,
              41.296418228388106
            ],
            [
              -7.520467437171494,
              41.29652266003366
            ],
            [
              -7.5206148876500265,
              41.29652266003366
            ],
            [
              -7.5206148876500265,
              41.296418228388106
            ]
          ]
        ]
      },
      "properties": {
        "id": "roof-333",
        "name": "Telhado de Telha Lusa Tradicional",
        "building_type": "Adega / Lagar de Vinho",
        "base_height": 6.3,
        "roof_thickness": 0.9,
        "roof_type": "Telha de Barro Vermelho Cozido",
        "is_landmark": false
      }
    },
    {
      "type": "Feature",
      "id": "roof-334",
      "geometry": {
        "type": "Polygon",
        "coordinates": [
          [
            [
              -7.520135441517647,
              41.29635785292177
            ],
            [
              -7.519959548456917,
              41.29635785292177
            ],
            [
              -7.519959548456917,
              41.29646374200213
            ],
            [
              -7.520135441517647,
              41.29646374200213
            ],
            [
              -7.520135441517647,
              41.29635785292177
            ]
          ]
        ]
      },
      "properties": {
        "id": "roof-334",
        "name": "Telhado de Telha Lusa Tradicional",
        "building_type": "Habitação Tradicional Duriense",
        "base_height": 6.7,
        "roof_thickness": 0.9,
        "roof_type": "Telha de Barro Vermelho Cozido",
        "is_landmark": false
      }
    },
    {
      "type": "Feature",
      "id": "roof-335",
      "geometry": {
        "type": "Polygon",
        "coordinates": [
          [
            [
              -7.51757938124856,
              41.29644944678637
            ],
            [
              -7.517457274507126,
              41.29644944678637
            ],
            [
              -7.517457274507126,
              41.296540030671494
            ],
            [
              -7.51757938124856,
              41.296540030671494
            ],
            [
              -7.51757938124856,
              41.29644944678637
            ]
          ]
        ]
      },
      "properties": {
        "id": "roof-335",
        "name": "Telhado de Telha Lusa Tradicional",
        "building_type": "Habitação Tradicional Duriense",
        "base_height": 7,
        "roof_thickness": 0.9,
        "roof_type": "Telha de Barro Vermelho Cozido",
        "is_landmark": false
      }
    },
    {
      "type": "Feature",
      "id": "roof-336",
      "geometry": {
        "type": "Polygon",
        "coordinates": [
          [
            [
              -7.517037165472624,
              41.29643396283126
            ],
            [
              -7.516924906344416,
              41.29643396283126
            ],
            [
              -7.516924906344416,
              41.2965085641445
            ],
            [
              -7.517037165472624,
              41.2965085641445
            ],
            [
              -7.517037165472624,
              41.29643396283126
            ]
          ]
        ]
      },
      "properties": {
        "id": "roof-336",
        "name": "Telhado de Telha Lusa Tradicional",
        "building_type": "Habitação Tradicional Duriense",
        "base_height": 6.9,
        "roof_thickness": 0.9,
        "roof_type": "Telha de Barro Vermelho Cozido",
        "is_landmark": false
      }
    },
    {
      "type": "Feature",
      "id": "roof-337",
      "geometry": {
        "type": "Polygon",
        "coordinates": [
          [
            [
              -7.52205106984827,
              41.29673128878258
            ],
            [
              -7.52194260527994,
              41.29673128878258
            ],
            [
              -7.52194260527994,
              41.296869219189475
            ],
            [
              -7.52205106984827,
              41.296869219189475
            ],
            [
              -7.52205106984827,
              41.29673128878258
            ]
          ]
        ]
      },
      "properties": {
        "id": "roof-337",
        "name": "Telhado de Telha Lusa Tradicional",
        "building_type": "Habitação Tradicional Duriense",
        "base_height": 6.6,
        "roof_thickness": 0.9,
        "roof_type": "Telha de Barro Vermelho Cozido",
        "is_landmark": false
      }
    },
    {
      "type": "Feature",
      "id": "roof-338",
      "geometry": {
        "type": "Polygon",
        "coordinates": [
          [
            [
              -7.521571116940733,
              41.296722230047415
            ],
            [
              -7.52141701943803,
              41.296722230047415
            ],
            [
              -7.52141701943803,
              41.296830313207245
            ],
            [
              -7.521571116940733,
              41.296830313207245
            ],
            [
              -7.521571116940733,
              41.296722230047415
            ]
          ]
        ]
      },
      "properties": {
        "id": "roof-338",
        "name": "Telhado de Telha Lusa Tradicional",
        "building_type": "Adega / Lagar de Vinho",
        "base_height": 6.2,
        "roof_thickness": 0.9,
        "roof_type": "Telha de Barro Vermelho Cozido",
        "is_landmark": false
      }
    },
    {
      "type": "Feature",
      "id": "roof-339",
      "geometry": {
        "type": "Polygon",
        "coordinates": [
          [
            [
              -7.521100752725337,
              41.296743184383
            ],
            [
              -7.520966065382172,
              41.296743184383
            ],
            [
              -7.520966065382172,
              41.29682713760267
            ],
            [
              -7.521100752725337,
              41.29682713760267
            ],
            [
              -7.521100752725337,
              41.296743184383
            ]
          ]
        ]
      },
      "properties": {
        "id": "roof-339",
        "name": "Telhado de Telha Lusa Tradicional",
        "building_type": "Habitação Tradicional Duriense",
        "base_height": 6.9,
        "roof_thickness": 0.9,
        "roof_type": "Telha de Barro Vermelho Cozido",
        "is_landmark": false
      }
    },
    {
      "type": "Feature",
      "id": "roof-340",
      "geometry": {
        "type": "Polygon",
        "coordinates": [
          [
            [
              -7.519598488403577,
              41.29678310238303
            ],
            [
              -7.51947229964653,
              41.29678310238303
            ],
            [
              -7.51947229964653,
              41.29686688605601
            ],
            [
              -7.519598488403577,
              41.29686688605601
            ],
            [
              -7.519598488403577,
              41.29678310238303
            ]
          ]
        ]
      },
      "properties": {
        "id": "roof-340",
        "name": "Telhado de Telha Lusa Tradicional",
        "building_type": "Habitação Tradicional Duriense",
        "base_height": 6.2,
        "roof_thickness": 0.9,
        "roof_type": "Telha de Barro Vermelho Cozido",
        "is_landmark": false
      }
    },
    {
      "type": "Feature",
      "id": "roof-341",
      "geometry": {
        "type": "Polygon",
        "coordinates": [
          [
            [
              -7.523538513808464,
              41.297157545530425
            ],
            [
              -7.523378116201278,
              41.297157545530425
            ],
            [
              -7.523378116201278,
              41.29723867722596
            ],
            [
              -7.523538513808464,
              41.29723867722596
            ],
            [
              -7.523538513808464,
              41.297157545530425
            ]
          ]
        ]
      },
      "properties": {
        "id": "roof-341",
        "name": "Telhado de Telha Lusa Tradicional",
        "building_type": "Habitação Tradicional Duriense",
        "base_height": 6.8,
        "roof_thickness": 0.9,
        "roof_type": "Telha de Barro Vermelho Cozido",
        "is_landmark": false
      }
    },
    {
      "type": "Feature",
      "id": "roof-342",
      "geometry": {
        "type": "Polygon",
        "coordinates": [
          [
            [
              -7.521554116030698,
              41.29712484849271
            ],
            [
              -7.52143496927337,
              41.29712484849271
            ],
            [
              -7.52143496927337,
              41.29724160328792
            ],
            [
              -7.521554116030698,
              41.29724160328792
            ],
            [
              -7.521554116030698,
              41.29712484849271
            ]
          ]
        ]
      },
      "properties": {
        "id": "roof-342",
        "name": "Telhado de Telha Lusa Tradicional",
        "building_type": "Habitação Tradicional Duriense",
        "base_height": 6.2,
        "roof_thickness": 0.9,
        "roof_type": "Telha de Barro Vermelho Cozido",
        "is_landmark": false
      }
    },
    {
      "type": "Feature",
      "id": "roof-343",
      "geometry": {
        "type": "Polygon",
        "coordinates": [
          [
            [
              -7.52103337497429,
              41.29715770461301
            ],
            [
              -7.520851914313043,
              41.29715770461301
            ],
            [
              -7.520851914313043,
              41.2972852540803
            ],
            [
              -7.52103337497429,
              41.2972852540803
            ],
            [
              -7.52103337497429,
              41.29715770461301
            ]
          ]
        ]
      },
      "properties": {
        "id": "roof-343",
        "name": "Telhado de Telha Lusa Tradicional",
        "building_type": "Habitação Tradicional Duriense",
        "base_height": 6.5,
        "roof_thickness": 0.9,
        "roof_type": "Telha de Barro Vermelho Cozido",
        "is_landmark": false
      }
    }
  ]
}